strategy,data_name,coverage,mean_width,cwc,mwi,total_time,noise_std,num_samples,noise_type,layer_size,ssc,cv_size
split,linear,0.743333333,0.027103912,0.997265131,19966.92489,10.06207728,0,100,normal,"(200, 1000, 1000, 1000)",999,1
split,linear,0.98,1.13356553,0.891421052,16747.78155,8.533937693,0.2,100,normal,"(200, 1000, 1000, 1000)",999,1
split,linear,1,3.600874516,0.67854612,10995.82906,8.313056946,0.5,100,normal,"(200, 1000, 1000, 1000)",999,1
split,linear,0.936666667,3.997627369,0.695532806,9918.471986,6.062062502,1,100,normal,"(200, 1000, 1000, 1000)",999,1
jackknife_plus,linear,1,0.333752312,0.966615103,18941.58892,25.6806531,0,100,normal,"(200, 1000, 1000, 1000)",[[1. 1. 1. 1. 1.]],1
jackknife_plus,linear,0.946666667,0.856679044,0.917945028,17505.39201,24.23526597,0.2,100,normal,"(200, 1000, 1000, 1000)",[[0.96666667 0.95       0.96666667 0.91666667 0.93333333]],1
jackknife_plus,linear,0.936666667,2.218053505,0.801995117,13439.31129,19.29246593,0.5,100,normal,"(200, 1000, 1000, 1000)",[[0.91666667 0.93333333 0.91666667 0.95       0.96666667]],1
jackknife_plus,linear,0.95,5.174514332,0.605898466,7001.046936,13.72171021,1,100,normal,"(200, 1000, 1000, 1000)",[[0.93333333 0.91666667 0.93333333 1.         0.96666667]],1
jackknife_plus_ab,linear,0.903333333,0.290956297,0.97090436,19079.49229,177.4973431,0,100,normal,"(200, 1000, 1000, 1000)",[[1.         1.         0.96666667 0.83333333 0.71666667]],1
jackknife_plus_ab,linear,0.89,0.700656569,0.932890813,17871.79952,196.0617106,0.2,100,normal,"(200, 1000, 1000, 1000)",[[0.88333333 0.93333333 0.9        0.85       0.88333333]],1
jackknife_plus_ab,linear,0.91,1.808128089,0.838589815,14661.11956,214.0112901,0.5,100,normal,"(200, 1000, 1000, 1000)",[[0.88333333 0.95       0.88333333 0.93333333 0.9       ]],1
jackknife_plus_ab,linear,0.84,2.994888189,0.771901323,12316.62497,199.9948962,1,100,normal,"(200, 1000, 1000, 1000)",[[0.8        0.88333333 0.75       0.88333333 0.88333333]],1
cqr,linear,0.903333333,2.035593241,0.796440667,13179.40624,0.046000719,0,100,normal,"(200, 1000, 1000, 1000)",[[0.83333333 0.93333333 0.88333333 0.91666667 0.95      ]],1
cqr,linear,0.853333333,1.859207361,0.821922777,14088.36084,0.042999029,0.2,100,normal,"(200, 1000, 1000, 1000)",[[0.61666667 0.93333333 0.91666667 0.9        0.9       ]],1
cqr,linear,0.88,2.53533645,0.773672299,12538.18788,0.041998625,0.5,100,normal,"(200, 1000, 1000, 1000)",[[0.75       0.86666667 0.91666667 0.88333333 0.98333333]],1
cqr,linear,0.903333333,3.94108746,0.699839911,10921.63392,0.049999952,1,100,normal,"(200, 1000, 1000, 1000)",[[0.78333333 0.83333333 0.95       0.96666667 0.98333333]],1
split,linear,0.966666667,1.422115081,0.85778468,15544.42287,1.081978321,0,100,normal,"(400, 2000)",999,1
split,linear,0.986666667,1.13824882,0.888660917,16656.92534,4.15648675,0.2,100,normal,"(400, 2000)",999,1
split,linear,0.84,1.394193238,0.869218918,15864.38737,2.151520491,0.5,100,normal,"(400, 2000)",999,1
split,linear,0.873333333,3.341018306,0.743889323,12747.94922,1.525480032,1,100,normal,"(400, 2000)",999,1
jackknife_plus,linear,0.906666667,0.239080504,0.976091906,19151.5737,10.33484173,0,100,normal,"(400, 2000)",[[1.         1.         1.         1.         0.53333333]],1
jackknife_plus,linear,0.95,1.032309798,0.899027267,16785.70622,12.26212835,0.2,100,normal,"(400, 2000)",[[0.98333333 0.95       0.96666667 0.95       0.9       ]],1
jackknife_plus,linear,0.976666667,2.137097132,0.799531562,13955.95602,8.72434473,0.5,100,normal,"(400, 2000)",[[0.96666667 0.98333333 0.93333333 1.         1.        ]],1
jackknife_plus,linear,0.966666667,4.677170183,0.641462523,9197.78552,5.280201197,1,100,normal,"(400, 2000)",[[0.93333333 0.91666667 1.         0.98333333 1.        ]],1
jackknife_plus_ab,linear,0.93,0.330238532,0.966975276,18833.35292,86.08828139,0,100,normal,"(400, 2000)",[[1.   1.   1.   1.   0.65]],1
jackknife_plus_ab,linear,0.963333333,0.863098857,0.915576408,17442.74863,89.68725824,0.2,100,normal,"(400, 2000)",[[0.98333333 0.91666667 0.96666667 0.96666667 0.98333333]],1
jackknife_plus_ab,linear,0.956666667,1.840518052,0.827353282,14776.07772,62.85549712,0.5,100,normal,"(400, 2000)",[[0.96666667 0.96666667 0.96666667 0.95       0.93333333]],1
jackknife_plus_ab,linear,0.91,3.462084782,0.734609268,11863.42766,96.42745662,1,100,normal,"(400, 2000)",[[0.88333333 0.95       0.9        0.9        0.91666667]],1
cqr,linear,0.903333333,2.035593241,0.796440667,13179.40624,0.047789335,0,100,normal,"(400, 2000)",[[0.83333333 0.93333333 0.88333333 0.91666667 0.95      ]],1
cqr,linear,0.936666667,2.219231339,0.782935363,13190.94727,0.042001009,0.2,100,normal,"(400, 2000)",[[0.83333333 0.9        0.95       1.         1.        ]],1
cqr,linear,0.91,2.614511129,0.754753854,12890.94267,0.044002056,0.5,100,normal,"(400, 2000)",[[0.85       0.86666667 0.9        0.96666667 0.96666667]],1
cqr,linear,0.876666667,3.824545966,0.706824019,11727.50952,0.046000719,1,100,normal,"(400, 2000)",[[0.8        0.86666667 0.86666667 0.9        0.95      ]],1
split,linear,0.71,1.150331904,0.884934863,15204.91713,9.428769827,0,100,normal,"(400, 2000, 2000, 2000)",999,1
split,linear,0.953333333,2.139773278,0.795571415,12737.64869,9.52871418,0.2,100,normal,"(400, 2000, 2000, 2000)",999,1
split,linear,0.93,2.589251908,0.765580597,11734.83565,9.531069994,0.5,100,normal,"(400, 2000, 2000, 2000)",999,1
split,linear,0.873333333,3.663412391,0.73630031,10241.01162,9.890387297,1,100,normal,"(400, 2000, 2000, 2000)",999,1
jackknife_plus,linear,0.906666667,1.611363089,0.838863654,13999.24057,29.27286959,0,100,normal,"(400, 2000, 2000, 2000)",999,1
jackknife_plus,linear,0.936666667,1.959416719,0.812803209,13130.41135,29.76093531,0.2,100,normal,"(400, 2000, 2000, 2000)",[[0.9        1.         1.         1.         0.78333333]],1
jackknife_plus,linear,0.953333333,2.426026016,0.780356772,12358.30163,35.93875933,0.5,100,normal,"(400, 2000, 2000, 2000)",[[0.93333333 0.98333333 0.98333333 0.91666667 0.95      ]],1
jackknife_plus,linear,0.89,3.767140984,0.728834186,10182.60208,41.98921013,1,100,normal,"(400, 2000, 2000, 2000)",[[0.88333333 0.9        0.88333333 0.88333333 0.9       ]],1
jackknife_plus_ab,linear,0.906666667,1.608317403,0.839168222,14005.30996,253.8777735,0,100,normal,"(400, 2000, 2000, 2000)",999,1
jackknife_plus_ab,linear,0.923333333,1.80035764,0.827999789,13595.40524,262.3069034,0.2,100,normal,"(400, 2000, 2000, 2000)",[[0.73333333 0.98333333 1.         0.96666667 0.93333333]],1
jackknife_plus_ab,linear,0.896666667,2.226120409,0.798457499,12688.59525,297.5457819,0.5,100,normal,"(400, 2000, 2000, 2000)",[[0.95       0.86666667 0.93333333 0.98333333 0.75      ]],1
jackknife_plus_ab,linear,0.866666667,3.41211187,0.754389069,11069.87142,321.177295,1,100,normal,"(400, 2000, 2000, 2000)",[[0.81666667 0.83333333 0.93333333 0.86666667 0.88333333]],1
cqr,linear,0.903333333,2.035593241,0.796440667,13179.40624,0.046000242,0,100,normal,"(400, 2000, 2000, 2000)",[[0.83333333 0.93333333 0.88333333 0.91666667 0.95      ]],1
cqr,linear,0.9,2.108815168,0.798531306,13399.08103,0.043816328,0.2,100,normal,"(400, 2000, 2000, 2000)",[[0.68333333 0.91666667 0.96666667 0.95       0.98333333]],1
cqr,linear,0.933333333,2.536152665,0.770387786,12870.79193,0.044001579,0.5,100,normal,"(400, 2000, 2000, 2000)",[[0.88333333 0.96666667 0.88333333 0.96666667 0.96666667]],1
cqr,linear,0.863333333,4.264723413,0.693016428,10099.78146,0.045002699,1,100,normal,"(400, 2000, 2000, 2000)",[[0.71666667 0.88333333 0.86666667 0.95       0.9       ]],1
split,linear,0.893333333,0.010403646,0.998959591,20037.16151,15.85171437,0,300,normal,"(200, 1000, 1000, 1000)",999,1
split,linear,0.926666667,0.757656245,0.926438385,17870.75452,13.43745637,0.2,300,normal,"(200, 1000, 1000, 1000)",999,1
split,linear,0.913333333,1.790701542,0.836871246,15175.6756,17.14552021,0.5,300,normal,"(200, 1000, 1000, 1000)",999,1
split,linear,0.946666667,4.055423832,0.716015761,10893.46545,8.917003393,1,300,normal,"(200, 1000, 1000, 1000)",999,1
jackknife_plus,linear,0.996666667,0.052804261,0.994710279,19922.48732,46.09838939,0,300,normal,"(200, 1000, 1000, 1000)",[[1.         1.         0.98333333 1.         1.        ]],1
jackknife_plus,linear,0.93,0.824794383,0.919919764,17921.39427,30.74038649,0.2,300,normal,"(200, 1000, 1000, 1000)",[[0.85       0.93333333 0.95       0.98333333 0.93333333]],1
jackknife_plus,linear,0.903333333,1.694993162,0.845590189,15447.80553,43.35654616,0.5,300,normal,"(200, 1000, 1000, 1000)",[[0.88333333 0.93333333 0.95       0.85       0.9       ]],1
jackknife_plus,linear,0.9,3.402760481,0.761720333,12251.99513,39.8904283,1,300,normal,"(200, 1000, 1000, 1000)",[[0.86666667 0.88333333 0.98333333 0.88333333 0.88333333]],1
jackknife_plus_ab,linear,0.98,0.043882494,0.995605379,19940.46419,409.3711085,0,300,normal,"(200, 1000, 1000, 1000)",[[1.         0.95       0.96666667 1.         0.98333333]],1
jackknife_plus_ab,linear,0.893333333,0.682365239,0.933749017,18126.47496,366.2818623,0.2,300,normal,"(200, 1000, 1000, 1000)",[[0.91666667 0.88333333 0.91666667 0.86666667 0.88333333]],1
jackknife_plus_ab,linear,0.883333333,1.601445916,0.85411189,15663.73715,411.9456415,0.5,300,normal,"(200, 1000, 1000, 1000)",[[0.86666667 0.93333333 0.81666667 0.9        0.9       ]],1
jackknife_plus_ab,linear,0.9,3.445758916,0.758709351,12106.03804,396.7190926,1,300,normal,"(200, 1000, 1000, 1000)",[[0.85       0.93333333 0.88333333 0.91666667 0.91666667]],1
cqr,linear,0.903333333,2.166464349,0.783353556,12073.12148,0.076999903,0,300,normal,"(200, 1000, 1000, 1000)",[[0.93333333 0.78333333 0.96666667 0.91666667 0.91666667]],1
cqr,linear,0.88,1.528945862,0.85155408,14525.64232,0.083829403,0.2,300,normal,"(200, 1000, 1000, 1000)",[[0.76666667 0.91666667 0.88333333 0.88333333 0.95      ]],1
cqr,linear,0.91,1.815914436,0.834574477,14858.04883,0.0735147,0.5,300,normal,"(200, 1000, 1000, 1000)",[[0.81666667 0.88333333 0.93333333 0.93333333 0.98333333]],1
cqr,linear,0.896666667,3.531494875,0.752705648,12059.54545,0.080000639,1,300,normal,"(200, 1000, 1000, 1000)",[[0.83333333 0.9        0.9        0.95       0.9       ]],1
split,linear,0.97,0.08046204,0.991948935,19780.94781,6.583992243,0,300,normal,"(400, 2000)",999,1
split,linear,0.88,0.633476481,0.939615625,18150.95052,5.889765263,0.2,300,normal,"(400, 2000)",999,1
split,linear,0.856666667,1.447519286,0.867738139,16343.37817,7.508020639,0.5,300,normal,"(400, 2000)",999,1
split,linear,0.92,3.380931628,0.746590069,12125.23625,5.014091492,1,300,normal,"(400, 2000)",999,1
jackknife_plus,linear,1,0.138351906,0.986154948,19569.94512,18.17630935,0,300,normal,"(400, 2000)",[[1. 1. 1. 1. 1.]],1
jackknife_plus,linear,0.94,0.757687969,0.927774477,17786.27617,16.07007527,0.2,300,normal,"(400, 2000)",[[0.95       0.98333333 0.93333333 0.91666667 0.91666667]],1
jackknife_plus,linear,0.916666667,1.75527561,0.839619756,15444.34284,18.69193888,0.5,300,normal,"(400, 2000)",[[0.96666667 0.9        0.88333333 0.91666667 0.91666667]],1
jackknife_plus,linear,0.926666667,3.618603555,0.72877572,11022.38782,15.47398424,1,300,normal,"(400, 2000)",[[0.9        0.96666667 0.95       0.96666667 0.85      ]],1
jackknife_plus_ab,linear,0.91,0.048597838,0.995140117,19906.68219,175.4491801,0,300,normal,"(400, 2000)",[[1.         0.91666667 0.81666667 0.83333333 0.98333333]],1
jackknife_plus_ab,linear,0.906666667,0.68198326,0.934992215,18030.38818,167.8693075,0.2,300,normal,"(400, 2000)",[[0.9        0.98333333 0.91666667 0.83333333 0.9       ]],1
jackknife_plus_ab,linear,0.893333333,1.585501551,0.855132253,16026.89425,180.4239628,0.5,300,normal,"(400, 2000)",[[0.93333333 0.88333333 0.9        0.9        0.85      ]],1
jackknife_plus_ab,linear,0.896666667,3.135819528,0.76496215,12240.63242,159.6114583,1,300,normal,"(400, 2000)",[[0.9        0.83333333 0.96666667 0.88333333 0.9       ]],1
cqr,linear,0.903333333,2.166464349,0.783353556,12073.12148,0.070316315,0,300,normal,"(400, 2000)",[[0.93333333 0.78333333 0.96666667 0.91666667 0.91666667]],1
cqr,linear,0.866666667,1.637884635,0.84387326,14120.31331,0.069000483,0.2,300,normal,"(400, 2000)",[[0.73333333 0.91666667 0.88333333 0.86666667 0.93333333]],1
cqr,linear,0.936666667,1.985654148,0.818569139,14877.78828,0.07000041,0.5,300,normal,"(400, 2000)",[[0.86666667 0.95       0.95       0.95       0.96666667]],1
cqr,linear,0.893333333,3.431265568,0.742817675,11749.63485,0.079000711,1,300,normal,"(400, 2000)",[[0.7        0.93333333 0.96666667 0.91666667 0.95      ]],1
split,linear,0.896666667,0.00965775,0.999034214,20038.54606,19.74664068,0,500,normal,"(200, 1000, 1000, 1000)",999,1
split,linear,0.906666667,0.625586136,0.939689352,18297.52043,17.96585107,0.2,500,normal,"(200, 1000, 1000, 1000)",999,1
split,linear,0.9,1.652007878,0.870609526,15622.82691,13.66594219,0.5,500,normal,"(200, 1000, 1000, 1000)",999,1
split,linear,0.933333333,3.716414427,0.724029898,11073.6548,12.703403,1,500,normal,"(200, 1000, 1000, 1000)",999,1
jackknife_plus,linear,1,0.062476429,0.99374242,19882.1663,49.04697657,0,500,normal,"(200, 1000, 1000, 1000)",[[1. 1. 1. 1. 1.]],1
jackknife_plus,linear,0.923333333,0.717871381,0.930791984,17990.2725,42.78609967,0.2,500,normal,"(200, 1000, 1000, 1000)",[[0.98333333 0.9        0.91666667 0.91666667 0.9       ]],1
jackknife_plus,linear,0.92,1.771044961,0.861285821,15068.15579,37.20652628,0.5,500,normal,"(200, 1000, 1000, 1000)",[[0.96666667 0.91666667 0.88333333 0.98333333 0.85      ]],1
jackknife_plus,linear,0.883333333,3.272498872,0.756994272,11953.31998,49.6011982,1,500,normal,"(200, 1000, 1000, 1000)",[[0.85       0.86666667 0.86666667 0.93333333 0.9       ]],1
jackknife_plus_ab,linear,0.936666667,0.010999465,0.998898711,20034.97643,471.0782509,0,500,normal,"(200, 1000, 1000, 1000)",[[1.         1.         0.91666667 0.98333333 0.78333333]],1
jackknife_plus_ab,linear,0.906666667,0.655140938,0.936840075,18203.22245,480.9093504,0.2,500,normal,"(200, 1000, 1000, 1000)",[[0.9        0.86666667 0.85       0.98333333 0.93333333]],1
jackknife_plus_ab,linear,0.896666667,1.651810562,0.870624971,15409.60416,467.9934335,0.5,500,normal,"(200, 1000, 1000, 1000)",[[0.91666667 0.88333333 0.91666667 0.88333333 0.88333333]],1
jackknife_plus_ab,linear,0.89,3.280026866,0.756435401,12081.44491,466.8242378,1,500,normal,"(200, 1000, 1000, 1000)",[[0.9        0.9        0.86666667 0.91666667 0.86666667]],1
cqr,linear,0.903333333,2.633005612,0.736699431,10338.84348,0.536260128,0,500,normal,"(200, 1000, 1000, 1000)",[[0.88333333 0.8        0.95       0.93333333 0.95      ]],1
cqr,linear,0.91,1.555672145,0.850022917,14389.17604,0.070973873,0.2,500,normal,"(200, 1000, 1000, 1000)",[[0.83333333 0.95       0.9        0.93333333 0.93333333]],1
cqr,linear,0.903333333,1.854246743,0.85476953,14945.57408,0.073598623,0.5,500,normal,"(200, 1000, 1000, 1000)",[[0.85       0.86666667 0.91666667 0.91666667 0.96666667]],1
cqr,linear,0.89,3.52605938,0.738165799,11458.94331,0.073304892,1,500,normal,"(200, 1000, 1000, 1000)",[[0.81666667 0.88333333 0.88333333 0.93333333 0.93333333]],1
split,linear,0.953333333,0.030310263,0.996966138,19965.34494,7.28524065,0,500,normal,"(400, 2000)",999,1
split,linear,0.91,0.631873837,0.939083124,18252.40967,5.565860033,0.2,500,normal,"(400, 2000)",999,1
split,linear,0.926666667,1.800663193,0.858965762,15254.43129,5.362886429,0.5,500,normal,"(400, 2000)",999,1
split,linear,0.923333333,3.565936419,0.735204328,11426.42829,8.554878473,1,500,normal,"(400, 2000)",999,1
jackknife_plus,linear,1,0.068402126,0.993149856,19864.07784,20.3791604,0,500,normal,"(400, 2000)",[[1. 1. 1. 1. 1.]],1
jackknife_plus,linear,0.923333333,0.697593373,0.932746916,18008.9191,15.42392302,0.2,500,normal,"(400, 2000)",[[0.93333333 0.95       0.95       0.9        0.88333333]],1
jackknife_plus,linear,0.913333333,1.706178703,0.866366542,15435.71436,16.99675751,0.5,500,normal,"(400, 2000)",[[0.93333333 0.93333333 0.91666667 0.91666667 0.86666667]],1
jackknife_plus,linear,0.89,3.297243983,0.755156912,12004.99863,18.50209594,1,500,normal,"(400, 2000)",[[0.91666667 0.8        0.9        0.95       0.88333333]],1
jackknife_plus_ab,linear,1,0.029752586,0.997014771,19970.44854,180.7288885,0,500,normal,"(400, 2000)",[[1. 1. 1. 1. 1.]],1
jackknife_plus_ab,linear,0.893333333,0.641644069,0.938141262,18196.52962,166.6329918,0.2,500,normal,"(400, 2000)",[[0.91666667 0.85       0.9        0.91666667 0.88333333]],1
jackknife_plus_ab,linear,0.903333333,1.664765518,0.869610298,15347.22877,181.5893009,0.5,500,normal,"(400, 2000)",[[0.91666667 0.93333333 0.83333333 0.96666667 0.86666667]],1
jackknife_plus_ab,linear,0.89,3.298934362,0.75503139,11987.54004,168.3213716,1,500,normal,"(400, 2000)",[[0.86666667 0.91666667 0.85       0.91666667 0.9       ]],1
cqr,linear,0.903333333,2.633005612,0.736699431,10338.84348,0.06698966,0,500,normal,"(400, 2000)",[[0.88333333 0.8        0.95       0.93333333 0.95      ]],1
cqr,linear,0.91,1.555672145,0.850022917,14389.17604,0.066539764,0.2,500,normal,"(400, 2000)",[[0.83333333 0.95       0.9        0.93333333 0.93333333]],1
cqr,linear,0.903333333,1.854246743,0.85476953,14945.57408,0.084002018,0.5,500,normal,"(400, 2000)",[[0.85       0.86666667 0.91666667 0.91666667 0.96666667]],1
cqr,linear,0.89,3.52605938,0.738165799,11458.94331,0.078000546,1,500,normal,"(400, 2000)",[[0.81666667 0.88333333 0.88333333 0.93333333 0.93333333]],1
split,linear,0.856666667,0.010533876,0.998944737,20033.29292,68.65625763,0,500,normal,"(400, 2000, 2000, 2000)",999,1
split,linear,0.976666667,0.933719888,0.910334874,17487.08632,70.09628654,0.2,500,normal,"(400, 2000, 2000, 2000)",999,1
split,linear,0.936666667,1.706727692,0.849123524,15224.43259,62.84555292,0.5,500,normal,"(400, 2000, 2000, 2000)",999,1
split,linear,0.913333333,3.38167604,0.760839113,12327.50039,67.13517022,1,500,normal,"(400, 2000, 2000, 2000)",999,1
jackknife_plus,linear,0.95,0.034206118,0.996576897,19956.77121,196.1112168,0,500,normal,"(400, 2000, 2000, 2000)",[[1.         1.         1.         0.98333333 0.76666667]],1
jackknife_plus,linear,0.903333333,0.697406307,0.933032055,18138.34932,196.6111808,0.2,500,normal,"(400, 2000, 2000, 2000)",[[0.91666667 0.8        0.91666667 0.95       0.93333333]],1
jackknife_plus,linear,0.95,1.766108961,0.84387323,15156.13778,221.9869504,0.5,500,normal,"(400, 2000, 2000, 2000)",[[0.95       0.96666667 0.96666667 0.95       0.91666667]],1
jackknife_plus,linear,0.896666667,3.19633126,0.773947295,12397.49856,185.5898111,1,500,normal,"(400, 2000, 2000, 2000)",[[0.91666667 0.95       0.86666667 0.85       0.9       ]],1
jackknife_plus_ab,linear,0.91,0.012456225,0.998754278,20027.58782,1920.099806,0,500,normal,"(400, 2000, 2000, 2000)",[[1.         1.         1.         0.96666667 0.58333333]],1
jackknife_plus_ab,linear,0.903333333,0.661891693,0.93644232,18215.40796,2064.660847,0.2,500,normal,"(400, 2000, 2000, 2000)",[[0.86666667 0.93333333 0.95       0.85       0.91666667]],1
jackknife_plus_ab,linear,0.95,1.742916564,0.845923441,15163.40232,2105.499944,0.5,500,normal,"(400, 2000, 2000, 2000)",[[0.98333333 0.95       0.93333333 0.95       0.93333333]],1
jackknife_plus_ab,linear,0.9,3.14660538,0.777464045,12480.53262,1881.849207,1,500,normal,"(400, 2000, 2000, 2000)",[[0.96666667 0.91666667 0.85       0.85       0.91666667]],1
cqr,linear,0.903333333,2.633005612,0.736699431,10338.84348,0.098768711,0,500,normal,"(400, 2000, 2000, 2000)",[[0.88333333 0.8        0.95       0.93333333 0.95      ]],1
cqr,linear,0.906666667,1.380969215,0.867393394,15116.55134,0.069000483,0.2,500,normal,"(400, 2000, 2000, 2000)",[[0.8        0.93333333 0.93333333 0.95       0.91666667]],1
cqr,linear,0.93,1.929023058,0.82947293,14585.11708,0.073000908,0.5,500,normal,"(400, 2000, 2000, 2000)",[[0.83333333 0.95       0.91666667 1.         0.95      ]],1
cqr,linear,0.94,3.772072884,0.733228215,11286.05819,0.076998711,1,500,normal,"(400, 2000, 2000, 2000)",[[0.9  0.9  0.95 1.   0.95]],1
split,linear,0.936666667,0.005104628,0.999488193,20052.89164,9.394730091,0,1000,normal,"(400, 2000)",999,1
split,linear,0.92,0.723533716,0.929761766,17943.1897,11.69463944,0.2,1000,normal,"(400, 2000)",999,1
split,linear,0.853333333,1.430378562,0.871952389,16192.9103,8.513241768,0.5,1000,normal,"(400, 2000)",999,1
split,linear,0.883333333,3.149833576,0.759510507,12342.06129,17.7236259,1,1000,normal,"(400, 2000)",999,1
jackknife_plus,linear,1,0.051727045,0.994817347,19933.64129,22.17037153,0,1000,normal,"(400, 2000)",[[1. 1. 1. 1. 1.]],1
jackknife_plus,linear,0.9,0.655784417,0.936338978,18195.77946,28.50032806,0.2,1000,normal,"(400, 2000)",[[0.88333333 0.9        0.9        0.88333333 0.93333333]],1
jackknife_plus,linear,0.94,1.769331086,0.841610332,15468.1471,23.25474072,0.5,1000,normal,"(400, 2000)",[[0.93333333 0.86666667 0.96666667 0.96666667 0.96666667]],1
jackknife_plus,linear,0.903333333,3.475788761,0.734624085,11592.8323,34.75952315,1,1000,normal,"(400, 2000)",[[0.93333333 0.88333333 0.85       0.91666667 0.93333333]],1
jackknife_plus_ab,linear,0.893333333,0.007154477,0.999284508,20044.08493,245.9986036,0,1000,normal,"(400, 2000)",[[0.9        0.85       0.95       0.98333333 0.78333333]],1
jackknife_plus_ab,linear,0.893333333,0.652235497,0.936683452,18173.80597,253.3636806,0.2,1000,normal,"(400, 2000)",[[0.86666667 0.86666667 0.93333333 0.88333333 0.91666667]],1
jackknife_plus_ab,linear,0.9,1.586230943,0.858002576,15894.00866,243.2759624,0.5,1000,normal,"(400, 2000)",[[0.9        0.9        0.88333333 0.88333333 0.93333333]],1
jackknife_plus_ab,linear,0.906666667,3.457691788,0.736005761,11577.87799,302.9807069,1,1000,normal,"(400, 2000)",[[0.86666667 0.91666667 0.91666667 0.93333333 0.9       ]],1
cqr,linear,0.903333333,1.808866811,0.81911331,13169.38636,0.093988419,0,1000,normal,"(400, 2000)",[[0.85       0.9        0.91666667 0.93333333 0.91666667]],1
cqr,linear,0.923333333,1.133287296,0.889984356,15964.81525,0.104996681,0.2,1000,normal,"(400, 2000)",[[0.83333333 0.86666667 0.98333333 0.96666667 0.96666667]],1
cqr,linear,0.906666667,1.741422519,0.844109982,15416.10715,0.102787971,0.5,1000,normal,"(400, 2000)",[[0.85       0.85       0.91666667 0.95       0.96666667]],1
cqr,linear,0.883333333,3.497159613,0.732992228,11505.22749,0.116000414,1,1000,normal,"(400, 2000)",[[0.81666667 0.85       0.85       0.96666667 0.93333333]],1
split,linear,0.87,0.009225701,0.999076531,20031.91006,94.2114954,0,1000,normal,"(400, 2000, 2000, 2000)",999,1
split,linear,0.886666667,0.66284228,0.935592127,18192.76425,100.0821283,0.2,1000,normal,"(400, 2000, 2000, 2000)",999,1
split,linear,0.91,1.801706265,0.833962915,15181.89572,112.1798911,0.5,1000,normal,"(400, 2000, 2000, 2000)",999,1
split,linear,0.866666667,3.205155358,0.756068546,12502.75348,77.330019,1,1000,normal,"(400, 2000, 2000, 2000)",999,1
jackknife_plus,linear,0.933333333,0.013424841,0.998656406,20024.0358,256.4868422,0,1000,normal,"(400, 2000, 2000, 2000)",[[1.         1.         1.         1.         0.66666667]],1
jackknife_plus,linear,0.906666667,0.65829081,0.936034513,18239.46266,277.8202507,0.2,1000,normal,"(400, 2000, 2000, 2000)",[[0.91666667 0.91666667 0.88333333 0.9        0.91666667]],1
jackknife_plus,linear,0.893333333,1.689137912,0.844336745,15573.59623,296.4285614,0.5,1000,normal,"(400, 2000, 2000, 2000)",[[0.91666667 0.9        0.88333333 0.91666667 0.85      ]],1
jackknife_plus,linear,0.87,3.298443716,0.748968935,11980.04081,246.6506927,1,1000,normal,"(400, 2000, 2000, 2000)",[[0.85       0.91666667 0.9        0.78333333 0.9       ]],1
jackknife_plus_ab,linear,0.926666667,0.004834212,0.999515868,20051.40142,2601.867998,0,1000,normal,"(400, 2000, 2000, 2000)",[[1.         1.         1.         1.         0.63333333]],1
jackknife_plus_ab,linear,0.89,0.634903106,0.93830702,18281.54978,2655.260807,0.2,1000,normal,"(400, 2000, 2000, 2000)",[[0.83333333 0.85       0.86666667 0.93333333 0.96666667]],1
jackknife_plus_ab,linear,0.883333333,1.629802041,0.849804668,15748.21029,2806.189913,0.5,1000,normal,"(400, 2000, 2000, 2000)",[[0.9        0.95       0.9        0.83333333 0.83333333]],1
jackknife_plus_ab,linear,0.87,3.275113242,0.750744516,12006.87014,2709.335371,1,1000,normal,"(400, 2000, 2000, 2000)",[[0.85       0.91666667 0.86666667 0.83333333 0.88333333]],1
cqr,linear,0.903333333,1.808866811,0.81911331,13169.38636,0.155999899,0,1000,normal,"(400, 2000, 2000, 2000)",[[0.85       0.9        0.91666667 0.93333333 0.91666667]],1
cqr,linear,0.906666667,1.078478703,0.895205287,16206.7796,0.207782269,0.2,1000,normal,"(400, 2000, 2000, 2000)",[[0.8        0.9        0.93333333 0.9        1.        ]],1
cqr,linear,0.886666667,1.720723444,0.841425854,15453.02735,0.278898954,0.5,1000,normal,"(400, 2000, 2000, 2000)",[[0.85       0.85       0.88333333 0.88333333 0.96666667]],1
cqr,linear,0.883333333,3.5251941,0.731712408,11597.23484,0.107792139,1,1000,normal,"(400, 2000, 2000, 2000)",[[0.83333333 0.83333333 0.86666667 0.95       0.93333333]],1
split,cube,0.963333333,0.082065124,0.990440928,4063.489823,12.41452265,0,100,normal,"(200, 1000, 1000, 1000)",999,1
split,cube,0.926666667,0.765608575,0.918528497,4030.142217,9.44013834,0.2,100,normal,"(200, 1000, 1000, 1000)",999,1
split,cube,0.91,1.970846094,0.818949814,2194.847149,4.320968866,0.5,100,normal,"(200, 1000, 1000, 1000)",999,1
split,cube,0.906666667,3.55844666,0.720404597,1237.492321,7.084203243,1,100,normal,"(200, 1000, 1000, 1000)",999,1
jackknife_plus,cube,0.983333333,0.067081925,0.992182551,4059.025016,41.13825965,0,100,normal,"(200, 1000, 1000, 1000)",[[1.         1.         1.         1.         0.91666667]],1
jackknife_plus,cube,0.933333333,0.86048183,0.908432375,3747.797541,22.2431016,0.2,100,normal,"(200, 1000, 1000, 1000)",[[0.91666667 1.         0.91666667 0.91666667 0.91666667]],1
jackknife_plus,cube,0.953333333,2.439088691,0.77593298,1161.038874,9.641969681,0.5,100,normal,"(200, 1000, 1000, 1000)",[[0.96666667 1.         0.98333333 0.95       0.86666667]],1
jackknife_plus,cube,0.93,3.875208631,0.695515283,796.4857498,20.99275994,1,100,normal,"(200, 1000, 1000, 1000)",[[0.93333333 0.96666667 0.91666667 0.93333333 0.9       ]],1
jackknife_plus_ab,cube,0.95,0.185583247,0.978389516,3719.407016,272.1105807,0,100,normal,"(200, 1000, 1000, 1000)",[[1.   1.   1.   1.   0.75]],1
jackknife_plus_ab,cube,0.896666667,0.699423989,0.925572053,4055.894205,206.2781217,0.2,100,normal,"(200, 1000, 1000, 1000)",[[0.93333333 0.9        0.88333333 0.9        0.86666667]],1
jackknife_plus_ab,cube,0.863333333,1.782724381,0.836230413,1948.266449,157.8357687,0.5,100,normal,"(200, 1000, 1000, 1000)",[[0.93333333 0.85       0.9        0.85       0.78333333]],1
jackknife_plus_ab,cube,0.883333333,3.245756963,0.744973173,1320.614035,153.1364989,1,100,normal,"(200, 1000, 1000, 1000)",[[0.9        0.88333333 0.93333333 0.81666667 0.88333333]],1
cqr,cube,0.903333333,0.928775734,0.891859726,2454.427816,0.526568174,0,100,normal,"(200, 1000, 1000, 1000)",[[0.88333333 0.93333333 0.81666667 0.93333333 0.95      ]],1
cqr,cube,0.913333333,1.431518873,0.847667361,2584.729261,0.039964199,0.2,100,normal,"(200, 1000, 1000, 1000)",[[0.8        0.98333333 0.98333333 0.91666667 0.88333333]],1
cqr,cube,0.9,2.238520616,0.794360203,1341.715056,0.040968418,0.5,100,normal,"(200, 1000, 1000, 1000)",[[0.86666667 0.96666667 0.9        0.95       0.81666667]],1
cqr,cube,0.94,4.547596237,0.642683834,738.5536651,0.040998936,1,100,normal,"(200, 1000, 1000, 1000)",[[0.85       0.98333333 0.91666667 0.98333333 0.96666667]],1
split,cube,0.996666667,10.06621761,0.174141387,74.33127774,4.046137571,4,100,student,"(200, 1000, 1000, 1000)",999,1
split,cube,0.936666667,5.266255037,0.69502701,1108.557685,3.976360083,5,100,student,"(200, 1000, 1000, 1000)",999,1
split,cube,0.893333333,3.589475383,0.761516272,2356.809754,5.482563019,10,100,student,"(200, 1000, 1000, 1000)",999,1
split,cube,0.516666667,1.445965116,0.842232881,3327.600507,13.8644681,1000,100,student,"(200, 1000, 1000, 1000)",999,1
jackknife_plus,cube,0.953333333,5.557196138,0.54407256,455.7384255,12.07022595,4,100,student,"(200, 1000, 1000, 1000)",[[0.93333333 0.95       0.95       0.93333333 1.        ]],1
jackknife_plus,cube,0.92,5.304847526,0.692792752,977.9803992,8.069253922,5,100,student,"(200, 1000, 1000, 1000)",[[0.93333333 0.91666667 0.96666667 0.88333333 0.9       ]],1
jackknife_plus,cube,0.91,3.696113535,0.754431223,2150.051338,14.85223389,10,100,student,"(200, 1000, 1000, 1000)",[[0.91666667 0.91666667 0.88333333 0.93333333 0.9       ]],1
jackknife_plus,cube,0.926666667,4.062028648,0.557145354,549.4791763,9.428302765,1000,100,student,"(200, 1000, 1000, 1000)",[[0.86666667 0.91666667 0.96666667 0.98333333 0.9       ]],1
jackknife_plus_ab,cube,0.863333333,4.105268634,0.663192881,1229.977476,193.9318776,4,100,student,"(200, 1000, 1000, 1000)",[[0.93333333 0.81666667 0.86666667 0.88333333 0.81666667]],1
jackknife_plus_ab,cube,0.923333333,4.872754793,0.717815394,1104.601058,116.6031539,5,100,student,"(200, 1000, 1000, 1000)",[[0.91666667 0.91666667 0.96666667 0.95       0.86666667]],1
jackknife_plus_ab,cube,0.883333333,3.486191625,0.768378235,2065.796222,151.3831789,10,100,student,"(200, 1000, 1000, 1000)",[[0.98333333 0.86666667 0.86666667 0.9        0.8       ]],1
jackknife_plus_ab,cube,0.886666667,3.533374856,0.614781024,921.3177513,200.7581463,1000,100,student,"(200, 1000, 1000, 1000)",[[0.86666667 0.88333333 0.9        0.86666667 0.91666667]],1
cqr,cube,0.873333333,5.025439168,0.587700325,885.5856762,0.042967558,4,100,student,"(200, 1000, 1000, 1000)",[[0.85       0.81666667 0.78333333 0.93333333 0.98333333]],1
cqr,cube,0.913333333,5.051177734,0.707483077,1100.979769,0.046000719,5,100,student,"(200, 1000, 1000, 1000)",[[0.8        0.95       0.98333333 0.96666667 0.86666667]],1
cqr,cube,0.883333333,4.107157265,0.727121471,1591.24333,0.04296279,10,100,student,"(200, 1000, 1000, 1000)",[[0.9        0.91666667 0.85       0.86666667 0.88333333]],1
cqr,cube,0.896666667,4.182994603,0.543957681,667.5052545,0.04096818,1000,100,student,"(200, 1000, 1000, 1000)",[[0.8        0.85       0.91666667 0.98333333 0.93333333]],1
split,cube,0.76,0.794883098,0.915526146,2901.028249,0.932837009,0,100,normal,"(400, 2000)",999,1
split,cube,0.863333333,0.63573759,0.890499629,3407.587101,2.65138483,0.2,100,normal,"(400, 2000)",999,1
split,cube,0.92,2.070470746,0.74446007,2229.309833,1.697470903,0.5,100,normal,"(400, 2000)",999,1
split,cube,0.803333333,2.635318934,0.749960607,1973.90878,3.183137178,1,100,normal,"(400, 2000)",999,1
jackknife_plus,cube,0.94,0.967183883,0.897235787,2684.594867,3.734022379,0,100,normal,"(400, 2000)",[[1.  1.  1.  1.  0.7]],1
jackknife_plus,cube,0.973333333,1.550604766,0.732920548,1304.796356,4.422997236,0.2,100,normal,"(400, 2000)",[[0.98333333 1.         1.         0.96666667 0.91666667]],1
jackknife_plus,cube,0.93,2.284120614,0.718090835,1491.054641,5.895269394,0.5,100,normal,"(400, 2000)",[[0.96666667 0.93333333 0.86666667 0.91666667 0.96666667]],1
jackknife_plus,cube,0.893333333,3.378530924,0.679453514,1272.957707,6.839677095,1,100,normal,"(400, 2000)",[[0.9        0.88333333 0.91666667 0.9        0.86666667]],1
jackknife_plus_ab,cube,0.91,0.332103112,0.964714123,4222.174421,98.48776484,0,100,normal,"(400, 2000)",[[1.   1.   1.   1.   0.55]],1
jackknife_plus_ab,cube,0.906666667,0.84375479,0.854671993,2714.45011,77.52034664,0.2,100,normal,"(400, 2000)",[[0.96666667 0.9        0.91666667 0.91666667 0.83333333]],1
jackknife_plus_ab,cube,0.903333333,1.906194089,0.764735554,2141.684481,69.76427913,0.5,100,normal,"(400, 2000)",[[0.95       0.88333333 0.86666667 0.93333333 0.88333333]],1
jackknife_plus_ab,cube,0.86,3.081288581,0.707654013,1355.911144,62.76787591,1,100,normal,"(400, 2000)",[[0.86666667 0.83333333 0.76666667 0.96666667 0.86666667]],1
cqr,cube,0.89,1.028732461,0.89069763,2996.886286,0.045968771,0,100,normal,"(400, 2000)",[[0.98333333 0.86666667 0.9        0.98333333 0.71666667]],1
cqr,cube,0.92,1.568404641,0.729858355,2015.511908,0.040968418,0.2,100,normal,"(400, 2000)",[[0.85       0.9        0.93333333 0.93333333 0.98333333]],1
cqr,cube,0.87,2.329459647,0.71249505,1918.136185,0.038967371,0.5,100,normal,"(400, 2000)",[[0.83333333 0.8        0.93333333 0.91666667 0.86666667]],1
cqr,cube,0.91,3.774187919,0.641914547,811.0464261,0.039966106,1,100,normal,"(400, 2000)",[[0.85       0.86666667 0.96666667 0.88333333 0.98333333]],1
split,cube,0.886666667,4.648249845,0.744946894,1703.349431,1.276974201,4,100,student,"(400, 2000)",999,1
split,cube,0.973333333,6.260175264,0.397877508,251.7708673,0.893972397,5,100,student,"(400, 2000)",999,1
split,cube,0.836666667,3.484564101,0.566157473,803.9370336,2.198987484,10,100,student,"(400, 2000)",999,1
split,cube,0.963333333,5.67331082,0.384135619,358.329291,0.904196739,1000,100,student,"(400, 2000)",999,1
jackknife_plus,cube,0.936666667,5.79644984,0.68194351,1066.182573,4.051275492,4,100,student,"(400, 2000)",[[0.93333333 0.95       0.91666667 0.96666667 0.91666667]],1
jackknife_plus,cube,0.913333333,4.382112126,0.578516666,785.4727892,3.336335659,5,100,student,"(400, 2000)",[[0.95       0.91666667 1.         0.88333333 0.81666667]],1
jackknife_plus,cube,0.98,5.265116633,0.344472604,321.7820221,4.476126671,10,100,student,"(400, 2000)",[[0.95       0.98333333 0.98333333 1.         0.98333333]],1
jackknife_plus,cube,0.923333333,3.763581483,0.591446356,1032.982516,3.601550341,1000,100,student,"(400, 2000)",[[0.93333333 0.95       0.93333333 0.96666667 0.83333333]],1
jackknife_plus_ab,cube,0.89,4.975663399,0.726981525,1366.109897,70.51044464,4,100,student,"(400, 2000)",[[0.88333333 0.88333333 0.86666667 0.93333333 0.88333333]],1
jackknife_plus_ab,cube,0.903333333,4.094141374,0.606214557,918.4536921,74.23658848,5,100,student,"(400, 2000)",[[0.83333333 0.93333333 0.95       0.9        0.9       ]],1
jackknife_plus_ab,cube,0.976666667,4.712105324,0.413324195,540.3549714,98.18203735,10,100,student,"(400, 2000)",[[0.95       1.         0.98333333 0.96666667 0.98333333]],1
jackknife_plus_ab,cube,0.916666667,3.583239852,0.611023385,1267.655621,56.57573652,1000,100,student,"(400, 2000)",[[0.93333333 0.96666667 0.96666667 0.95       0.76666667]],1
cqr,cube,0.876666667,5.009305766,0.725135221,1481.477574,0.046007156,4,100,student,"(400, 2000)",[[0.85       0.81666667 0.88333333 0.85       0.98333333]],1
cqr,cube,0.903333333,4.644357471,0.553293306,850.2138643,0.043965578,5,100,student,"(400, 2000)",[[0.8        0.95       0.93333333 0.9        0.93333333]],1
cqr,cube,0.896666667,4.666002274,0.419066609,574.9837612,0.040997505,10,100,student,"(400, 2000)",[[0.86666667 0.88333333 0.9        0.91666667 0.91666667]],1
cqr,cube,0.92,4.208048373,0.543197625,940.1137832,0.042001247,1000,100,student,"(400, 2000)",[[0.91666667 0.91666667 0.93333333 0.85       0.98333333]],1
split,cube,0.843333333,0.437541817,0.939084735,3251.394461,29.905406,0,100,normal,"(400, 2000, 2000, 2000)",999,1
split,cube,0.933333333,0.743554432,0.908953839,3846.800524,34.06922197,0.2,100,normal,"(400, 2000, 2000, 2000)",999,1
split,cube,1,4.770866533,0.403972307,775.7162132,19.96193552,0.5,100,normal,"(400, 2000, 2000, 2000)",999,1
split,cube,0.993333333,6.005807312,0.424797515,445.933462,20.48682523,1,100,normal,"(400, 2000, 2000, 2000)",999,1
jackknife_plus,cube,0.983333333,0.530075379,0.926199288,2957.194795,120.8893783,0,100,normal,"(400, 2000, 2000, 2000)",[[1.         1.         0.91666667 1.         1.        ]],1
jackknife_plus,cube,0.966666667,1.425447036,0.825456264,2196.531804,53.25603485,0.2,100,normal,"(400, 2000, 2000, 2000)",[[1.         0.95       0.96666667 1.         0.91666667]],1
jackknife_plus,cube,0.933333333,2.224506825,0.722091888,1994.870868,51.28826237,0.5,100,normal,"(400, 2000, 2000, 2000)",[[0.98333333 0.95       0.93333333 0.88333333 0.91666667]],1
jackknife_plus,cube,0.953333333,4.258633044,0.592132991,731.8766216,39.74575162,1,100,normal,"(400, 2000, 2000, 2000)",[[0.93333333 0.96666667 0.98333333 0.91666667 0.96666667]],1
jackknife_plus_ab,cube,0.926666667,0.147793403,0.97942429,4148.11029,907.2616537,0,100,normal,"(400, 2000, 2000, 2000)",[[1.         1.         1.         1.         0.63333333]],1
jackknife_plus_ab,cube,0.903333333,0.751263656,0.908010876,3793.746497,688.3996353,0.2,100,normal,"(400, 2000, 2000, 2000)",[[0.85       0.9        0.91666667 0.95       0.9       ]],1
jackknife_plus_ab,cube,0.9,1.737502256,0.782934099,2302.738871,523.2168353,0.5,100,normal,"(400, 2000, 2000, 2000)",[[0.91666667 0.85       0.95       0.86666667 0.91666667]],1
jackknife_plus_ab,cube,0.896666667,3.262919077,0.687497944,1496.591927,553.4033632,1,100,normal,"(400, 2000, 2000, 2000)",[[0.93333333 0.9        0.91666667 0.9        0.83333333]],1
cqr,cube,0.906666667,0.850798813,0.881556266,2577.112944,0.048784971,0,100,normal,"(400, 2000, 2000, 2000)",[[0.83333333 1.         0.93333333 0.83333333 0.93333333]],1
cqr,cube,0.923333333,1.448159183,0.822678477,2364.171707,0.04100132,0.2,100,normal,"(400, 2000, 2000, 2000)",[[0.91666667 1.         0.95       0.96666667 0.78333333]],1
cqr,cube,0.91,2.79505759,0.650813802,1426.886347,0.040966749,0.5,100,normal,"(400, 2000, 2000, 2000)",[[0.81666667 0.86666667 0.95       0.91666667 1.        ]],1
cqr,cube,0.906666667,3.746149551,0.641217121,1133.236652,0.042970181,1,100,normal,"(400, 2000, 2000, 2000)",[[0.86666667 0.86666667 0.93333333 0.95       0.91666667]],1
split,cube,0.896666667,4.632093546,0.67283574,1294.500564,24.88555837,4,100,student,"(400, 2000, 2000, 2000)",999,1
split,cube,0.98,7.770561158,0.234940114,383.1289507,15.95758319,5,100,student,"(400, 2000, 2000, 2000)",999,1
split,cube,0.99,6.393858374,0.538897181,426.3695674,12.2727139,10,100,student,"(400, 2000, 2000, 2000)",999,1
split,cube,0.916666667,3.80225708,0.606759111,1165.396484,13.71873283,1000,100,student,"(400, 2000, 2000, 2000)",999,1
jackknife_plus,cube,0.913333333,5.283607597,0.62681927,750.7970862,41.87951088,4,100,student,"(400, 2000, 2000, 2000)",[[0.93333333 0.91666667 0.91666667 0.91666667 0.88333333]],1
jackknife_plus,cube,0.936666667,5.250968302,0.483010006,834.7486033,48.47445965,5,100,student,"(400, 2000, 2000, 2000)",[[0.91666667 0.95       0.93333333 0.93333333 0.95      ]],1
jackknife_plus,cube,0.95,4.395216511,0.683033571,859.7163258,41.28748035,10,100,student,"(400, 2000, 2000, 2000)",[[0.98333333 0.91666667 0.93333333 0.95       0.96666667]],1
jackknife_plus,cube,0.923333333,3.877316463,0.59899609,1028.354326,41.24594665,1000,100,student,"(400, 2000, 2000, 2000)",[[0.86666667 0.98333333 0.95       0.91666667 0.9       ]],1
jackknife_plus_ab,cube,0.88,4.286111125,0.697272168,1393.159974,535.4866719,4,100,student,"(400, 2000, 2000, 2000)",[[0.81666667 0.88333333 0.91666667 0.9        0.88333333]],1
jackknife_plus_ab,cube,0.906666667,4.087332779,0.59757753,1375.865357,567.0408297,5,100,student,"(400, 2000, 2000, 2000)",[[0.91666667 0.81666667 0.93333333 0.88333333 0.98333333]],1
jackknife_plus_ab,cube,0.83,2.966918532,0.786034333,2036.730546,557.2934012,10,100,student,"(400, 2000, 2000, 2000)",[[0.78333333 0.8        0.85       0.83333333 0.88333333]],1
jackknife_plus_ab,cube,0.88,3.324802299,0.656138809,1694.164715,451.4917319,1000,100,student,"(400, 2000, 2000, 2000)",[[0.86666667 0.83333333 0.85       0.88333333 0.96666667]],1
cqr,cube,0.89,5.143878203,0.63668839,1056.299031,0.053002119,4,100,student,"(400, 2000, 2000, 2000)",[[0.83333333 0.83333333 0.93333333 0.91666667 0.93333333]],1
cqr,cube,0.89,4.600274517,0.547075309,1276.664644,0.050278902,5,100,student,"(400, 2000, 2000, 2000)",[[0.75       0.93333333 0.86666667 0.9        1.        ]],1
cqr,cube,0.896666667,4.14683722,0.700947352,983.8061464,0.055999517,10,100,student,"(400, 2000, 2000, 2000)",[[0.9        0.81666667 0.86666667 0.96666667 0.93333333]],1
cqr,cube,0.873333333,4.342241186,0.550912128,1061.52265,0.04851222,1000,100,student,"(400, 2000, 2000, 2000)",[[0.7        0.81666667 0.9        1.         0.95      ]],1
split,cube,0.893333333,0.051805311,0.995659117,5815.751272,13.97535276,0,300,normal,"(200, 1000, 1000, 1000)",999,1
split,cube,0.933333333,1.138705988,0.829753491,2908.257223,10.41622996,0.2,300,normal,"(200, 1000, 1000, 1000)",999,1
split,cube,0.936666667,1.878654209,0.840914811,2523.258211,8.547497988,0.5,300,normal,"(200, 1000, 1000, 1000)",999,1
split,cube,0.87,3.023754395,0.654573815,2248.255845,11.22594285,1,300,normal,"(200, 1000, 1000, 1000)",999,1
jackknife_plus,cube,0.976666667,0.11012936,0.990766285,5641.641235,41.02224255,0,300,normal,"(200, 1000, 1000, 1000)",[[1.         1.         0.98333333 0.98333333 0.91666667]],1
jackknife_plus,cube,0.926666667,0.824679403,0.876703258,2996.656976,48.30947304,0.2,300,normal,"(200, 1000, 1000, 1000)",[[0.96666667 0.91666667 0.91666667 0.9        0.93333333]],1
jackknife_plus,cube,0.94,1.893187707,0.839683904,2467.40664,31.56567049,0.5,300,normal,"(200, 1000, 1000, 1000)",[[0.98333333 0.96666667 0.91666667 0.95       0.88333333]],1
jackknife_plus,cube,0.923333333,3.489136002,0.601410129,2093.370725,32.26619458,1,300,normal,"(200, 1000, 1000, 1000)",[[0.93333333 0.9        0.93333333 0.9        0.95      ]],1
jackknife_plus_ab,cube,0.926666667,0.033816357,0.997165771,5861.880078,489.1623099,0,300,normal,"(200, 1000, 1000, 1000)",[[1.         1.         1.         0.85       0.78333333]],1
jackknife_plus_ab,cube,0.88,0.666834884,0.90030253,3271.442948,387.4685595,0.2,300,normal,"(200, 1000, 1000, 1000)",[[0.91666667 0.83333333 0.93333333 0.88333333 0.83333333]],1
jackknife_plus_ab,cube,0.906666667,1.737346743,0.852881791,2611.694997,356.5109596,0.5,300,normal,"(200, 1000, 1000, 1000)",[[0.93333333 0.96666667 0.93333333 0.85       0.85      ]],1
jackknife_plus_ab,cube,0.903333333,3.183881461,0.63628191,2319.698158,304.85552,1,300,normal,"(200, 1000, 1000, 1000)",[[0.93333333 0.86666667 0.86666667 0.91666667 0.93333333]],1
cqr,cube,0.88,0.552614775,0.95369526,4118.271147,0.059001446,0,300,normal,"(200, 1000, 1000, 1000)",[[1.         0.86666667 0.86666667 0.88333333 0.78333333]],1
cqr,cube,0.903333333,1.003173555,0.850017579,2555.624836,0.059883356,0.2,300,normal,"(200, 1000, 1000, 1000)",[[0.88333333 0.88333333 0.86666667 0.98333333 0.9       ]],1
cqr,cube,0.926666667,2.127432311,0.819848879,2054.311808,0.0660007,0.5,300,normal,"(200, 1000, 1000, 1000)",[[0.8        0.93333333 0.96666667 0.96666667 0.96666667]],1
cqr,cube,0.9,3.696288475,0.577745913,1655.242001,0.071205139,1,300,normal,"(200, 1000, 1000, 1000)",[[0.78333333 0.9        0.95       0.95       0.91666667]],1
split,cube,0.96,7.415604473,0.568114834,667.425603,6.497128963,4,300,student,"(200, 1000, 1000, 1000)",999,1
split,cube,0.96,5.277162284,0.603351156,1161.644903,15.34877658,5,300,student,"(200, 1000, 1000, 1000)",999,1
split,cube,0.93,4.265793338,0.560614838,747.2079001,11.28520346,10,300,student,"(200, 1000, 1000, 1000)",999,1
split,cube,0.896666667,3.51980809,0.683095702,1569.405398,9.900698423,1000,300,student,"(200, 1000, 1000, 1000)",999,1
jackknife_plus,cube,0.923333333,4.879967918,0.715791387,1796.062622,28.87225747,4,300,student,"(200, 1000, 1000, 1000)",[[0.95       0.93333333 0.9        0.93333333 0.9       ]],1
jackknife_plus,cube,0.94,4.408388895,0.668651761,1511.925191,38.309515,5,300,student,"(200, 1000, 1000, 1000)",[[0.91666667 0.98333333 0.91666667 0.91666667 0.96666667]],1
jackknife_plus,cube,0.903333333,3.657152393,0.623306486,1093.041584,32.82550263,10,300,student,"(200, 1000, 1000, 1000)",[[0.88333333 0.98333333 0.93333333 0.86666667 0.85      ]],1
jackknife_plus,cube,0.893333333,3.329354243,0.700243102,1835.143003,36.22838044,1000,300,student,"(200, 1000, 1000, 1000)",[[0.86666667 0.91666667 0.91666667 0.91666667 0.85      ]],1
jackknife_plus_ab,cube,0.906666667,4.732938361,0.724354712,1953.544394,288.7358658,4,300,student,"(200, 1000, 1000, 1000)",[[0.91666667 0.88333333 0.95       0.85       0.93333333]],1
jackknife_plus_ab,cube,0.926666667,4.178552877,0.685927478,1607.449135,310.0277178,5,300,student,"(200, 1000, 1000, 1000)",[[0.95       0.91666667 0.95       0.9        0.91666667]],1
jackknife_plus_ab,cube,0.873333333,3.469903276,0.642593044,1250.597022,274.145787,10,300,student,"(200, 1000, 1000, 1000)",[[0.93333333 0.96666667 0.88333333 0.78333333 0.8       ]],1
jackknife_plus_ab,cube,0.856666667,3.100859762,0.720814175,1989.144584,278.2082996,1000,300,student,"(200, 1000, 1000, 1000)",[[0.9        0.86666667 0.83333333 0.86666667 0.81666667]],1
cqr,cube,0.893333333,5.523673068,0.678302505,1427.669961,0.072003365,4,300,student,"(200, 1000, 1000, 1000)",[[0.73333333 0.88333333 0.91666667 1.         0.93333333]],1
cqr,cube,0.896666667,4.323865361,0.675005855,1539.293879,0.067003489,5,300,student,"(200, 1000, 1000, 1000)",[[0.8        0.93333333 0.86666667 0.93333333 0.95      ]],1
cqr,cube,0.913333333,4.012080807,0.586748101,1125.55918,0.05900383,10,300,student,"(200, 1000, 1000, 1000)",[[0.83333333 0.9        0.95       0.96666667 0.91666667]],1
cqr,cube,0.88,3.709422962,0.666023556,1540.818845,0.061002731,1000,300,student,"(200, 1000, 1000, 1000)",[[0.83333333 0.78333333 0.85       0.95       0.98333333]],1
split,cube,0.903333333,0.042045577,0.993543881,3581.73833,9.024357557,0,300,normal,"(400, 2000)",999,1
split,cube,0.96,0.884479734,0.852159323,2209.260876,6.029337168,0.2,300,normal,"(400, 2000)",999,1
split,cube,0.91,1.85703972,0.761008295,2013.108826,3.857171535,0.5,300,normal,"(400, 2000)",999,1
split,cube,0.913333333,3.983367798,0.63942737,967.7763507,2.854756355,1,300,normal,"(400, 2000)",999,1
jackknife_plus,cube,0.956666667,0.080103834,0.987696865,3444.541313,24.63811207,0,300,normal,"(400, 2000)",[[1.         1.         1.         1.         0.78333333]],1
jackknife_plus,cube,0.9,0.717778405,0.880025919,2399.882821,17.67208838,0.2,300,normal,"(400, 2000)",[[0.88333333 0.91666667 0.9        0.93333333 0.86666667]],1
jackknife_plus,cube,0.91,1.801158493,0.768199926,1853.671816,15.93944311,0.5,300,normal,"(400, 2000)",[[0.9        0.96666667 0.91666667 0.85       0.91666667]],1
jackknife_plus,cube,0.893333333,3.509923964,0.682283359,1435.920606,16.45498252,1,300,normal,"(400, 2000)",[[0.91666667 0.9        0.9        0.86666667 0.88333333]],1
jackknife_plus_ab,cube,0.95,0.04011033,0.993838565,3560.824586,257.414768,0,300,normal,"(400, 2000)",[[1.   1.   1.   1.   0.75]],1
jackknife_plus_ab,cube,0.876666667,0.664575422,0.888918123,2481.778465,184.9971404,0.2,300,normal,"(400, 2000)",[[0.93333333 0.9        0.85       0.9        0.8       ]],1
jackknife_plus_ab,cube,0.866666667,1.610727101,0.79270668,2299.194781,163.1535106,0.5,300,normal,"(400, 2000)",[[0.85       0.88333333 0.83333333 0.93333333 0.83333333]],1
jackknife_plus_ab,cube,0.883333333,3.343258128,0.697369706,1635.120368,139.177074,1,300,normal,"(400, 2000)",[[0.88333333 0.88333333 0.88333333 0.91666667 0.85      ]],1
cqr,cube,0.896666667,0.338664144,0.947998029,2536.04925,0.056968451,0,300,normal,"(400, 2000)",[[0.98333333 0.83333333 0.91666667 0.93333333 0.81666667]],1
cqr,cube,0.896666667,0.890976257,0.851076511,2042.186124,0.05896759,0.2,300,normal,"(400, 2000)",[[0.83333333 0.83333333 0.95       0.88333333 0.98333333]],1
cqr,cube,0.913333333,2.279417963,0.7066503,1393.883824,0.080769539,0.5,300,normal,"(400, 2000)",[[0.78333333 0.95       0.91666667 0.95       0.96666667]],1
cqr,cube,0.89,3.887210663,0.648131516,1248.584742,0.058084488,1,300,normal,"(400, 2000)",[[0.8        0.9        0.86666667 0.93333333 0.95      ]],1
split,cube,0.926666667,5.328712917,0.699803552,1094.882033,3.176375151,4,300,student,"(400, 2000)",999,1
split,cube,0.853333333,3.471729278,0.718539412,1368.585248,2.139556408,5,300,student,"(400, 2000)",999,1
split,cube,0.89,3.867116463,0.701907249,1661.603522,2.680724382,10,300,student,"(400, 2000)",999,1
split,cube,0.886666667,3.679996292,0.632056704,814.3636987,2.220889568,1000,300,student,"(400, 2000)",999,1
jackknife_plus,cube,0.903333333,4.513937226,0.745704874,1329.77997,12.23079276,4,300,student,"(400, 2000)",[[0.93333333 0.88333333 0.88333333 0.91666667 0.9       ]],1
jackknife_plus,cube,0.933333333,4.575446233,0.629060059,1127.925879,10.19994164,5,300,student,"(400, 2000)",[[0.91666667 0.88333333 0.98333333 0.93333333 0.95      ]],1
jackknife_plus,cube,0.893333333,3.967274657,0.694186697,1356.200819,9.045032501,10,300,student,"(400, 2000)",[[0.9        0.91666667 0.95       0.86666667 0.83333333]],1
jackknife_plus,cube,0.913333333,3.684556685,0.631600734,1067.638483,9.475050211,1000,300,student,"(400, 2000)",[[0.88333333 0.86666667 0.95       0.96666667 0.9       ]],1
jackknife_plus_ab,cube,0.873333333,4.020501708,0.773502292,1722.349103,126.0246794,4,300,student,"(400, 2000)",[[0.91666667 0.86666667 0.91666667 0.83333333 0.83333333]],1
jackknife_plus_ab,cube,0.93,4.185053816,0.660709944,1346.175206,125.3964283,5,300,student,"(400, 2000)",[[0.95       0.93333333 0.91666667 0.98333333 0.86666667]],1
jackknife_plus_ab,cube,0.876666667,3.795029407,0.70746369,1645.908277,128.0496421,10,300,student,"(400, 2000)",[[0.9        0.85       0.83333333 0.88333333 0.91666667]],1
jackknife_plus_ab,cube,0.893333333,3.336627062,0.666388443,1308.872321,132.9776461,1000,300,student,"(400, 2000)",[[0.88333333 0.95       0.88333333 0.86666667 0.88333333]],1
cqr,cube,0.876666667,4.598857529,0.740920448,1523.204246,0.075996876,4,300,student,"(400, 2000)",[[0.78333333 0.91666667 0.91666667 0.88333333 0.88333333]],1
cqr,cube,0.93,4.610357442,0.626229883,1199.670774,0.064759016,5,300,student,"(400, 2000)",[[0.86666667 0.91666667 0.93333333 0.98333333 0.95      ]],1
cqr,cube,0.926666667,4.444524184,0.657397973,1304.796916,0.10997057,10,300,student,"(400, 2000)",[[0.85       0.88333333 0.95       0.98333333 0.96666667]],1
cqr,cube,0.896666667,3.827820598,0.617276646,886.4272909,0.062970638,1000,300,student,"(400, 2000)",[[0.71666667 0.95       0.95       0.96666667 0.9       ]],1
split,cube,0.92,0.030005976,0.997224151,5688.485345,71.98511577,0,300,normal,"(400, 2000, 2000, 2000)",999,1
split,cube,0.9,0.667374146,0.931947737,2858.430716,53.02568126,0.2,300,normal,"(400, 2000, 2000, 2000)",999,1
split,cube,0.953333333,2.299732224,0.774798583,1642.193774,27.66069484,0.5,300,normal,"(400, 2000, 2000, 2000)",999,1
split,cube,0.883333333,3.009794286,0.665261355,1431.158232,42.03665948,1,300,normal,"(400, 2000, 2000, 2000)",999,1
jackknife_plus,cube,0.97,0.162743821,0.984941929,5246.906903,196.0347869,0,300,normal,"(400, 2000, 2000, 2000)",[[1.   1.   1.   1.   0.85]],1
jackknife_plus,cube,0.933333333,0.759324263,0.922570542,2543.342795,164.5064378,0.2,300,normal,"(400, 2000, 2000, 2000)",[[0.95       0.98333333 0.86666667 0.93333333 0.93333333]],1
jackknife_plus,cube,0.94,2.221042647,0.782505141,1629.095092,79.89870548,0.5,300,normal,"(400, 2000, 2000, 2000)",[[0.95       0.93333333 0.9        0.95       0.96666667]],1
jackknife_plus,cube,0.903333333,3.372894971,0.624878785,1133.801957,107.6964793,1,300,normal,"(400, 2000, 2000, 2000)",[[0.83333333 0.9        0.83333333 0.96666667 0.98333333]],1
jackknife_plus_ab,cube,0.896666667,0.024046066,0.99777581,5675.810066,1794.081931,0,300,normal,"(400, 2000, 2000, 2000)",[[0.98333333 0.85       0.81666667 1.         0.83333333]],1
jackknife_plus_ab,cube,0.87,0.614783539,0.937309567,2908.581737,1533.361349,0.2,300,normal,"(400, 2000, 2000, 2000)",[[0.95       0.86666667 0.83333333 0.88333333 0.81666667]],1
jackknife_plus_ab,cube,0.91,1.661206958,0.837327716,2561.192854,1097.51121,0.5,300,normal,"(400, 2000, 2000, 2000)",[[0.86666667 0.9        0.93333333 0.93333333 0.91666667]],1
jackknife_plus_ab,cube,0.866666667,2.944968625,0.672470469,1306.629538,1071.812152,1,300,normal,"(400, 2000, 2000, 2000)",[[0.86666667 0.86666667 0.81666667 0.86666667 0.91666667]],1
cqr,cube,0.91,0.522133472,0.951704351,4083.044023,0.080003977,0,300,normal,"(400, 2000, 2000, 2000)",[[0.95       1.         0.81666667 0.96666667 0.81666667]],1
cqr,cube,0.913333333,0.944014309,0.903738529,2389.881969,0.066001415,0.2,300,normal,"(400, 2000, 2000, 2000)",[[0.8        0.91666667 0.93333333 0.98333333 0.93333333]],1
cqr,cube,0.9,2.015834468,0.802601219,2120.676974,0.058965206,0.5,300,normal,"(400, 2000, 2000, 2000)",[[0.8        0.88333333 0.91666667 0.93333333 0.96666667]],1
cqr,cube,0.92,3.732688921,0.584863573,775.5210617,0.079133034,1,300,normal,"(400, 2000, 2000, 2000)",[[0.93333333 0.86666667 0.93333333 0.93333333 0.93333333]],1
split,cube,0.966666667,6.976349037,0.482214299,585.9298557,36.81969285,4,300,student,"(400, 2000, 2000, 2000)",999,1
split,cube,0.933333333,4.752721717,0.678045339,1397.993178,37.72504091,5,300,student,"(400, 2000, 2000, 2000)",999,1
split,cube,0.94,4.324324384,0.522569411,716.1350263,32.6432209,10,300,student,"(400, 2000, 2000, 2000)",999,1
split,cube,0.78,2.496989041,0.729939,2143.56925,56.08243823,1000,300,student,"(400, 2000, 2000, 2000)",999,1
jackknife_plus,cube,0.926666667,5.188043599,0.61494376,993.8879631,87.10733819,4,300,student,"(400, 2000, 2000, 2000)",[[0.91666667 0.96666667 0.88333333 0.96666667 0.9       ]],1
jackknife_plus,cube,0.946666667,5.107848165,0.653988064,842.8539612,97.61095285,5,300,student,"(400, 2000, 2000, 2000)",[[0.96666667 0.95       0.96666667 0.91666667 0.93333333]],1
jackknife_plus,cube,0.893333333,3.628379288,0.599406476,1184.621904,114.9883382,10,300,student,"(400, 2000, 2000, 2000)",[[0.93333333 0.8        0.95       0.91666667 0.86666667]],1
jackknife_plus,cube,0.906666667,3.497081486,0.621789035,1214.811188,116.6763935,1000,300,student,"(400, 2000, 2000, 2000)",[[0.93333333 0.88333333 0.9        0.93333333 0.88333333]],1
jackknife_plus_ab,cube,0.883333333,4.475022026,0.667864364,1509.885196,1054.176871,4,300,student,"(400, 2000, 2000, 2000)",[[0.9        0.81666667 0.91666667 0.88333333 0.9       ]],1
jackknife_plus_ab,cube,0.916666667,4.656315894,0.684576525,1264.263781,1208.525149,5,300,student,"(400, 2000, 2000, 2000)",[[0.93333333 0.88333333 0.96666667 0.9        0.9       ]],1
jackknife_plus_ab,cube,0.88,3.478672186,0.615934763,1319.847092,1028.310052,10,300,student,"(400, 2000, 2000, 2000)",[[0.81666667 0.9        0.95       0.81666667 0.91666667]],1
jackknife_plus_ab,cube,0.876666667,3.12099782,0.66246232,1614.857725,1068.048386,1000,300,student,"(400, 2000, 2000, 2000)",[[0.86666667 0.83333333 0.91666667 0.83333333 0.93333333]],1
cqr,cube,0.89,5.058801129,0.624536492,1315.094095,0.10700345,4,300,student,"(400, 2000, 2000, 2000)",[[0.85       0.86666667 0.9        0.91666667 0.91666667]],1
cqr,cube,0.916666667,5.401620496,0.634088894,1060.973536,0.086002827,5,300,student,"(400, 2000, 2000, 2000)",[[0.9        0.88333333 0.93333333 0.91666667 0.95      ]],1
cqr,cube,0.886666667,3.939699527,0.565034896,1138.213516,0.089216948,10,300,student,"(400, 2000, 2000, 2000)",[[0.76666667 0.93333333 0.88333333 0.93333333 0.91666667]],1
cqr,cube,0.906666667,3.766088886,0.592695765,975.0724088,0.077289581,1000,300,student,"(400, 2000, 2000, 2000)",[[0.83333333 0.95       0.85       1.         0.9       ]],1
split,cube,0.96,0.094610764,0.988327721,4441.289436,32.76860332,0,500,normal,"(200, 1000, 1000, 1000)",999,1
split,cube,0.906666667,0.671581399,0.907677989,3420.592748,21.10973525,0.2,500,normal,"(200, 1000, 1000, 1000)",999,1
split,cube,0.876666667,1.572868249,0.857393922,3240.771735,17.87045193,0.5,500,normal,"(200, 1000, 1000, 1000)",999,1
split,cube,0.96,4.477875559,0.622501857,1654.744664,10.94383717,1,500,normal,"(200, 1000, 1000, 1000)",999,1
jackknife_plus,cube,0.99,0.052908958,0.993466481,4579.9544,57.2512567,0,500,normal,"(200, 1000, 1000, 1000)",[[1.   1.   0.95 1.   1.  ]],1
jackknife_plus,cube,0.92,0.710748036,0.902293449,3246.519206,46.1036787,0.2,500,normal,"(200, 1000, 1000, 1000)",[[0.95       0.88333333 0.98333333 0.9        0.88333333]],1
jackknife_plus,cube,0.903333333,1.671416951,0.848459366,3188.950349,44.75890756,0.5,500,normal,"(200, 1000, 1000, 1000)",[[0.95       0.91666667 0.95       0.86666667 0.83333333]],1
jackknife_plus,cube,0.89,3.476964736,0.706883266,1882.123837,25.35552716,1,500,normal,"(200, 1000, 1000, 1000)",[[0.88333333 0.83333333 0.81666667 0.93333333 0.98333333]],1
jackknife_plus_ab,cube,0.95,0.037012491,0.995432614,4637.478809,629.1039784,0,500,normal,"(200, 1000, 1000, 1000)",[[1.   1.   1.   0.95 0.8 ]],1
jackknife_plus_ab,cube,0.903333333,0.67719962,0.906905685,3371.287075,593.7539296,0.2,500,normal,"(200, 1000, 1000, 1000)",[[0.88333333 0.9        0.91666667 0.91666667 0.9       ]],1
jackknife_plus_ab,cube,0.903333333,1.663846481,0.84914575,3267.806178,480.9425864,0.5,500,normal,"(200, 1000, 1000, 1000)",[[0.93333333 0.93333333 0.95       0.86666667 0.83333333]],1
jackknife_plus_ab,cube,0.883333333,3.323501089,0.719820499,2154.461058,444.8126006,1,500,normal,"(200, 1000, 1000, 1000)",[[0.83333333 0.9        0.9        0.9        0.88333333]],1
cqr,cube,0.883333333,0.491966302,0.939323582,3392.171894,0.066969633,0,500,normal,"(200, 1000, 1000, 1000)",[[0.78333333 0.98333333 0.83333333 0.93333333 0.88333333]],1
cqr,cube,0.933333333,0.906197223,0.875424532,2793.016766,0.078747034,0.2,500,normal,"(200, 1000, 1000, 1000)",[[0.85       0.96666667 0.9        0.96666667 0.98333333]],1
cqr,cube,0.896666667,1.901347217,0.827612518,2549.739231,0.076968908,0.5,500,normal,"(200, 1000, 1000, 1000)",[[0.83333333 0.86666667 0.93333333 0.93333333 0.91666667]],1
cqr,cube,0.93,4.120490777,0.652631925,1626.13158,0.084968567,1,500,normal,"(200, 1000, 1000, 1000)",[[0.86666667 0.9        0.96666667 0.96666667 0.95      ]],1
split,cube,0.936666667,5.217940804,0.650991055,1415.024351,15.43733144,4,500,student,"(200, 1000, 1000, 1000)",999,1
split,cube,0.943333333,5.134614376,0.564176671,904.1813015,17.74322581,5,500,student,"(200, 1000, 1000, 1000)",999,1
split,cube,0.926666667,4.063049649,0.68739672,1741.412027,16.90146303,10,500,student,"(200, 1000, 1000, 1000)",999,1
split,cube,0.916666667,3.770487811,0.651526928,1380.092333,15.28901267,1000,500,student,"(200, 1000, 1000, 1000)",999,1
jackknife_plus,cube,0.923333333,5.051623709,0.662115883,1287.581667,34.97453761,4,500,student,"(200, 1000, 1000, 1000)",[[0.93333333 0.88333333 0.95       0.95       0.9       ]],1
jackknife_plus,cube,0.933333333,4.480360972,0.619709587,1227.08481,31.61599159,5,500,student,"(200, 1000, 1000, 1000)",[[0.93333333 0.9        0.95       0.96666667 0.91666667]],1
jackknife_plus,cube,0.91,3.717000504,0.714021456,1944.89408,36.22590137,10,500,student,"(200, 1000, 1000, 1000)",[[0.93333333 0.95       0.85       0.88333333 0.93333333]],1
jackknife_plus,cube,0.886666667,3.373713417,0.68819734,1672.114518,39.74136233,1000,500,student,"(200, 1000, 1000, 1000)",[[0.95       0.83333333 0.83333333 0.91666667 0.9       ]],1
jackknife_plus_ab,cube,0.92,4.952763093,0.668728383,1399.828556,400.392256,4,500,student,"(200, 1000, 1000, 1000)",[[0.91666667 0.83333333 0.95       0.95       0.95      ]],1
jackknife_plus_ab,cube,0.933333333,4.257036848,0.638665152,1386.711569,431.2322612,5,500,student,"(200, 1000, 1000, 1000)",[[0.91666667 0.93333333 0.95       0.91666667 0.95      ]],1
jackknife_plus_ab,cube,0.896666667,3.638058605,0.720095149,1863.108604,410.3574073,10,500,student,"(200, 1000, 1000, 1000)",[[0.9        0.86666667 0.93333333 0.91666667 0.86666667]],1
jackknife_plus_ab,cube,0.86,3.042223826,0.718832968,2036.284774,428.0490818,1000,500,student,"(200, 1000, 1000, 1000)",[[0.9        0.85       0.9        0.83333333 0.81666667]],1
cqr,cube,0.886666667,4.843617608,0.676028854,1492.354016,0.096001863,4,500,student,"(200, 1000, 1000, 1000)",[[0.81666667 0.88333333 0.93333333 0.86666667 0.93333333]],1
cqr,cube,0.906666667,4.837218576,0.58942044,1118.626374,0.097869158,5,500,student,"(200, 1000, 1000, 1000)",[[0.81666667 0.9        0.91666667 0.9        1.        ]],1
cqr,cube,0.896666667,3.829098426,0.705396933,1636.524974,0.085000038,10,500,student,"(200, 1000, 1000, 1000)",[[0.85       0.86666667 0.91666667 0.96666667 0.88333333]],1
cqr,cube,0.95,4.243937755,0.607768792,1225.490967,0.082956791,1000,500,student,"(200, 1000, 1000, 1000)",[[0.93333333 0.93333333 0.96666667 0.95       0.96666667]],1
split,cube,0.946666667,0.120273916,0.990303018,5471.813044,13.6704905,0,500,normal,"(400, 2000)",999,1
split,cube,0.943333333,0.927922322,0.917286324,3740.792416,8.234260559,0.2,500,normal,"(400, 2000)",999,1
split,cube,0.906666667,1.770447498,0.748321805,2167.014635,6.911533594,0.5,500,normal,"(400, 2000)",999,1
split,cube,0.786666667,2.788253804,0.734778423,2176.584941,5.731381178,1,500,normal,"(400, 2000)",999,1
jackknife_plus,cube,0.933333333,0.101232534,0.991838927,5625.385339,29.43940187,0,500,normal,"(400, 2000)",[[1.         1.         1.         0.86666667 0.8       ]],1
jackknife_plus,cube,0.87,0.685276753,0.938915832,4106.195046,24.76248837,0.2,500,normal,"(400, 2000)",[[0.85       0.88333333 0.86666667 0.86666667 0.88333333]],1
jackknife_plus,cube,0.906666667,1.709058278,0.757048596,2317.961489,18.08574533,0.5,500,normal,"(400, 2000)",[[0.91666667 0.95       0.9        0.86666667 0.9       ]],1
jackknife_plus,cube,0.903333333,3.354939382,0.680886054,1698.004831,17.79275894,1,500,normal,"(400, 2000)",[[0.9        0.9        0.91666667 0.9        0.9       ]],1
jackknife_plus_ab,cube,0.916666667,0.060949124,0.995086845,5745.517478,337.4417415,0,500,normal,"(400, 2000)",[[1.         1.         0.96666667 0.75       0.86666667]],1
jackknife_plus_ab,cube,0.843333333,0.645906262,0.942423007,4210.475032,257.7696223,0.2,500,normal,"(400, 2000)",[[0.83333333 0.85       0.88333333 0.88333333 0.76666667]],1
jackknife_plus_ab,cube,0.893333333,1.657575879,0.764367082,2373.129847,232.8984375,0.5,500,normal,"(400, 2000)",[[0.95       0.91666667 0.88333333 0.78333333 0.93333333]],1
jackknife_plus_ab,cube,0.903333333,3.365992137,0.679834742,1682.687791,216.4396544,1,500,normal,"(400, 2000)",[[0.86666667 0.93333333 0.93333333 0.9        0.88333333]],1
cqr,cube,0.903333333,0.481796115,0.961164229,4291.908995,0.064000845,0,500,normal,"(400, 2000)",[[0.86666667 0.96666667 0.83333333 0.95       0.9       ]],1
cqr,cube,0.846666667,0.79822819,0.928845914,3759.268235,0.089002848,0.2,500,normal,"(400, 2000)",[[0.71666667 0.9        0.81666667 0.93333333 0.86666667]],1
cqr,cube,0.903333333,1.970227967,0.719922015,2111.498087,0.086098194,0.5,500,normal,"(400, 2000)",[[0.78333333 0.85       0.96666667 0.95       0.96666667]],1
cqr,cube,0.903333333,3.782402999,0.640226722,1366.430535,0.081965208,1,500,normal,"(400, 2000)",[[0.81666667 0.93333333 0.91666667 0.91666667 0.93333333]],1
split,cube,0.946666667,5.621510638,0.653797678,1066.70134,5.936259508,4,500,student,"(400, 2000)",999,1
split,cube,0.903333333,3.829564397,0.683888105,1446.942045,9.003240347,5,500,student,"(400, 2000)",999,1
split,cube,0.946666667,3.997780728,0.516106091,528.5653071,6.021778822,10,500,student,"(400, 2000)",999,1
split,cube,0.926666667,3.473575604,0.694734729,1138.299286,9.909292459,1000,500,student,"(400, 2000)",999,1
jackknife_plus,cube,0.916666667,4.39399312,0.729395602,1525.68554,13.17794681,4,500,student,"(400, 2000)",[[0.86666667 0.91666667 0.91666667 0.95       0.93333333]],1
jackknife_plus,cube,0.943333333,4.580205466,0.621925181,1043.847931,16.00328708,5,500,student,"(400, 2000)",[[0.93333333 0.95       0.91666667 0.96666667 0.95      ]],1
jackknife_plus,cube,0.933333333,3.828639104,0.53657958,540.8209622,17.44891119,10,500,student,"(400, 2000)",[[0.91666667 0.95       0.96666667 0.91666667 0.91666667]],1
jackknife_plus,cube,0.93,3.494974343,0.692854036,1138.426754,15.53898072,1000,500,student,"(400, 2000)",[[0.91666667 0.98333333 0.91666667 0.95       0.88333333]],1
jackknife_plus_ab,cube,0.92,4.350072231,0.732100381,1527.169455,194.1748343,4,500,student,"(400, 2000)",[[0.9        0.9        0.96666667 0.9        0.93333333]],1
jackknife_plus_ab,cube,0.933333333,4.293165,0.645619423,1256.933266,191.9411497,5,500,student,"(400, 2000)",[[0.9        0.95       0.95       0.91666667 0.95      ]],1
jackknife_plus_ab,cube,0.933333333,3.820452238,0.53757052,550.4316891,200.0749564,10,500,student,"(400, 2000)",[[0.95       0.91666667 0.91666667 0.91666667 0.96666667]],1
jackknife_plus_ab,cube,0.92,3.32773783,0.707551456,1243.95255,218.5648785,1000,500,student,"(400, 2000)",[[0.91666667 0.86666667 0.96666667 0.91666667 0.93333333]],1
cqr,cube,0.94,5.321462061,0.672276527,1171.153698,0.092002869,4,500,student,"(400, 2000)",[[0.93333333 0.9        0.93333333 0.98333333 0.95      ]],1
cqr,cube,0.946666667,5.092623457,0.579627477,1082.33603,0.098998308,5,500,student,"(400, 2000)",[[0.88333333 0.98333333 0.95       0.93333333 0.98333333]],1
cqr,cube,0.94,4.212397858,0.490129098,557.0927267,0.08197546,10,500,student,"(400, 2000)",[[0.83333333 0.95       0.96666667 0.95       1.        ]],1
cqr,cube,0.89,3.378419835,0.703097632,1405.44303,0.101973534,1000,500,student,"(400, 2000)",[[0.78333333 0.91666667 0.9        0.93333333 0.91666667]],1
split,cube,0.98,0.39075413,0.937868258,3710.611417,65.09770918,0,500,normal,"(400, 2000, 2000, 2000)",999,1
split,cube,0.956666667,1.051929726,0.86180278,2579.469569,77.53792095,0.2,500,normal,"(400, 2000, 2000, 2000)",999,1
split,cube,0.82,1.367175769,0.88005553,3054.601345,45.60209274,0.5,500,normal,"(400, 2000, 2000, 2000)",999,1
split,cube,0.916666667,3.773451924,0.787421613,2256.276129,80.16168833,1,500,normal,"(400, 2000, 2000, 2000)",999,1
jackknife_plus,cube,0.943333333,0.02164743,0.996556418,4570.515312,251.3209472,0,500,normal,"(400, 2000, 2000, 2000)",[[0.86666667 0.9        1.         1.         0.95      ]],1
jackknife_plus,cube,0.943333333,0.713737855,0.906232898,2849.173256,179.9192145,0.2,500,normal,"(400, 2000, 2000, 2000)",[[0.96666667 0.95       0.96666667 0.91666667 0.91666667]],1
jackknife_plus,cube,0.89,1.593873873,0.860173431,2815.686207,120.759866,0.5,500,normal,"(400, 2000, 2000, 2000)",[[0.83333333 0.91666667 0.81666667 0.93333333 0.95      ]],1
jackknife_plus,cube,0.91,3.771930814,0.787507445,1736.985619,183.1306829,1,500,normal,"(400, 2000, 2000, 2000)",[[0.88333333 0.91666667 0.88333333 0.91666667 0.95      ]],1
jackknife_plus_ab,cube,0.98,0.033688667,0.994637496,4546.000004,2177.93326,0,500,normal,"(400, 2000, 2000, 2000)",[[1.         1.         1.         0.96666667 0.93333333]],1
jackknife_plus_ab,cube,0.88,0.617407397,0.918889388,3044.670381,2018.457981,0.2,500,normal,"(400, 2000, 2000, 2000)",[[0.83333333 0.88333333 0.9        0.93333333 0.85      ]],1
jackknife_plus_ab,cube,0.853333333,1.453210853,0.872511624,2970.55318,1637.182156,0.5,500,normal,"(400, 2000, 2000, 2000)",[[0.91666667 0.86666667 0.83333333 0.81666667 0.83333333]],1
jackknife_plus_ab,cube,0.906666667,3.682676752,0.792535634,2093.914212,1861.666381,1,500,normal,"(400, 2000, 2000, 2000)",[[0.88333333 0.86666667 0.96666667 0.98333333 0.83333333]],1
cqr,cube,0.906666667,0.449810265,0.928484923,3328.38535,0.087998629,0,500,normal,"(400, 2000, 2000, 2000)",[[1.         0.8        0.9        0.96666667 0.86666667]],1
cqr,cube,0.9,0.907054733,0.880838112,2687.948635,0.088970423,0.2,500,normal,"(400, 2000, 2000, 2000)",[[0.76666667 0.95       0.91666667 0.9        0.96666667]],1
cqr,cube,0.88,1.799307574,0.842151006,2438.325292,0.094985485,0.5,500,normal,"(400, 2000, 2000, 2000)",[[0.78333333 0.88333333 0.91666667 0.9        0.91666667]],1
cqr,cube,0.926666667,3.967344972,0.776498275,1844.169942,0.085722208,1,500,normal,"(400, 2000, 2000, 2000)",[[0.85       0.96666667 0.93333333 0.95       0.93333333]],1
split,cube,0.86,3.705635602,0.687001638,1846.288809,31.71295619,4,500,student,"(400, 2000, 2000, 2000)",999,1
split,cube,0.866666667,3.925943808,0.778470084,1767.147254,56.03914475,5,500,student,"(400, 2000, 2000, 2000)",999,1
split,cube,0.933333333,3.889116974,0.560173257,1341.418866,55.12579727,10,500,student,"(400, 2000, 2000, 2000)",999,1
split,cube,0.886666667,3.498692764,0.827226191,2572.392641,43.6144197,1000,500,student,"(400, 2000, 2000, 2000)",999,1
jackknife_plus,cube,0.896666667,4.354915294,0.632161189,1613.834866,121.9168479,4,500,student,"(400, 2000, 2000, 2000)",[[0.93333333 0.91666667 0.86666667 0.93333333 0.83333333]],1
jackknife_plus,cube,0.903333333,4.413601535,0.7509539,1453.106009,127.4045234,5,500,student,"(400, 2000, 2000, 2000)",[[0.93333333 0.9        0.88333333 0.93333333 0.86666667]],1
jackknife_plus,cube,0.943333333,3.837019458,0.566064604,1424.600211,120.7275467,10,500,student,"(400, 2000, 2000, 2000)",[[0.98333333 0.98333333 0.88333333 0.91666667 0.95      ]],1
jackknife_plus,cube,0.92,3.532711489,0.825546084,1968.013619,119.1083214,1000,500,student,"(400, 2000, 2000, 2000)",[[0.85       0.91666667 0.96666667 0.91666667 0.95      ]],1
jackknife_plus_ab,cube,0.893333333,4.218155591,0.643712604,1614.988443,1614.213974,4,500,student,"(400, 2000, 2000, 2000)",[[0.85       0.93333333 0.93333333 0.88333333 0.86666667]],1
jackknife_plus_ab,cube,0.9,4.290774409,0.757884669,1652.80196,1732.57829,5,500,student,"(400, 2000, 2000, 2000)",[[0.91666667 0.88333333 0.9        0.88333333 0.91666667]],1
jackknife_plus_ab,cube,0.906666667,3.58661754,0.594383972,1787.764964,1541.588004,10,500,student,"(400, 2000, 2000, 2000)",[[0.88333333 0.96666667 0.91666667 0.91666667 0.85      ]],1
jackknife_plus_ab,cube,0.896666667,3.461726872,0.829051792,2167.32931,1609.11732,1000,500,student,"(400, 2000, 2000, 2000)",[[0.86666667 0.91666667 0.91666667 0.9        0.88333333]],1
cqr,cube,0.896666667,4.813264624,0.593446621,1385.030369,0.108515501,4,500,student,"(400, 2000, 2000, 2000)",[[0.85       0.78333333 0.96666667 0.98333333 0.9       ]],1
cqr,cube,0.88,4.690375572,0.735336098,1456.836515,0.094153166,5,500,student,"(400, 2000, 2000, 2000)",[[0.88333333 0.83333333 0.86666667 0.95       0.86666667]],1
cqr,cube,0.913333333,3.70310855,0.58120975,1699.479189,0.086986542,10,500,student,"(400, 2000, 2000, 2000)",[[0.9        0.9        0.88333333 0.91666667 0.96666667]],1
cqr,cube,0.876666667,3.570248718,0.823692289,1980.314661,0.103838682,1000,500,student,"(400, 2000, 2000, 2000)",[[0.8        0.9        0.8        0.95       0.93333333]],1
split,cube,0.92,0.034239409,0.99475275,4238.911977,28.513098,0,1000,normal,"(200, 1000, 1000, 1000)",999,1
split,cube,0.843333333,0.583068302,0.940650786,4366.363203,27.40330839,0.2,1000,normal,"(200, 1000, 1000, 1000)",999,1
split,cube,0.91,1.74811131,0.813463364,1982.304931,17.03498244,0.5,1000,normal,"(200, 1000, 1000, 1000)",999,1
split,cube,0.92,3.582426181,0.703421451,1919.671614,30.00641227,1,1000,normal,"(200, 1000, 1000, 1000)",999,1
jackknife_plus,cube,0.976666667,0.0320019,0.995090175,4261.047633,84.44085789,0,1000,normal,"(200, 1000, 1000, 1000)",[[1.         1.         1.         1.         0.88333333]],1
jackknife_plus,cube,0.916666667,0.713931617,0.927333944,4162.043092,74.28373098,0.2,1000,normal,"(200, 1000, 1000, 1000)",[[0.9        0.93333333 0.93333333 0.88333333 0.93333333]],1
jackknife_plus,cube,0.91,1.718343448,0.816639817,2162.059426,56.88219213,0.5,1000,normal,"(200, 1000, 1000, 1000)",[[0.95       0.85       0.93333333 0.91666667 0.9       ]],1
jackknife_plus,cube,0.9,3.370636454,0.720955166,2117.827573,68.97065282,1,1000,normal,"(200, 1000, 1000, 1000)",[[0.91666667 0.95       0.91666667 0.85       0.86666667]],1
jackknife_plus_ab,cube,0.916666667,0.018761021,0.997124782,4312.139799,878.4149935,0,1000,normal,"(200, 1000, 1000, 1000)",[[1.         1.         1.         0.88333333 0.7       ]],1
jackknife_plus_ab,cube,0.9,0.675372681,0.93125883,4215.066486,822.2773314,0.2,1000,normal,"(200, 1000, 1000, 1000)",[[0.9        0.9        0.86666667 0.9        0.93333333]],1
jackknife_plus_ab,cube,0.906666667,1.673313142,0.821444933,2170.430371,811.1375077,0.5,1000,normal,"(200, 1000, 1000, 1000)",[[0.93333333 0.9        0.86666667 0.91666667 0.91666667]],1
jackknife_plus_ab,cube,0.893333333,3.270761173,0.729223507,2150.977762,782.786454,1,1000,normal,"(200, 1000, 1000, 1000)",[[0.88333333 0.8        0.88333333 0.98333333 0.91666667]],1
cqr,cube,0.88,0.274122256,0.957993085,3282.982793,0.098970175,0,1000,normal,"(200, 1000, 1000, 1000)",[[0.81666667 0.83333333 0.95       0.85       0.95      ]],1
cqr,cube,0.9,0.839267993,0.914577143,3780.886747,0.179780722,0.2,1000,normal,"(200, 1000, 1000, 1000)",[[0.76666667 0.95       0.95       0.9        0.93333333]],1
cqr,cube,0.896666667,1.685769125,0.820115814,2112.964659,0.208676338,0.5,1000,normal,"(200, 1000, 1000, 1000)",[[0.83333333 0.9        0.85       0.91666667 0.98333333]],1
cqr,cube,0.896666667,3.665500867,0.696544222,1859.910197,0.17912817,1,1000,normal,"(200, 1000, 1000, 1000)",[[0.83333333 0.93333333 0.83333333 0.95       0.93333333]],1
split,cube,0.883333333,4.23402394,0.658509453,1554.084972,20.13606763,4,1000,student,"(200, 1000, 1000, 1000)",999,1
split,cube,0.92,4.296683301,0.734529356,2218.80519,21.78905678,5,1000,student,"(200, 1000, 1000, 1000)",999,1
split,cube,0.906666667,3.788519563,0.72323587,1821.688454,28.28438902,10,1000,student,"(200, 1000, 1000, 1000)",999,1
split,cube,0.91,3.302496972,0.724127282,1601.52913,30.79893637,1000,1000,student,"(200, 1000, 1000, 1000)",999,1
jackknife_plus,cube,0.883333333,4.006012991,0.676899411,1831.381249,57.30241489,4,1000,student,"(200, 1000, 1000, 1000)",[[0.85       0.91666667 0.9        0.86666667 0.88333333]],1
jackknife_plus,cube,0.923333333,4.335734149,0.732116497,2322.981129,58.3933804,5,1000,student,"(200, 1000, 1000, 1000)",[[0.95       0.9        0.96666667 0.93333333 0.86666667]],1
jackknife_plus,cube,0.903333333,3.643160916,0.733854832,1809.557167,60.58763623,10,1000,student,"(200, 1000, 1000, 1000)",[[0.93333333 0.83333333 0.93333333 0.91666667 0.9       ]],1
jackknife_plus,cube,0.903333333,3.353864808,0.719836357,1622.447483,70.58357906,1000,1000,student,"(200, 1000, 1000, 1000)",[[0.93333333 0.85       0.91666667 0.91666667 0.9       ]],1
jackknife_plus_ab,cube,0.883333333,3.962900736,0.680376579,1830.438682,684.2902923,4,1000,student,"(200, 1000, 1000, 1000)",[[0.88333333 0.86666667 0.88333333 0.86666667 0.91666667]],1
jackknife_plus_ab,cube,0.913333333,4.235882527,0.738286091,2296.98241,801.0444632,5,1000,student,"(200, 1000, 1000, 1000)",[[0.93333333 0.86666667 0.93333333 0.93333333 0.9       ]],1
jackknife_plus_ab,cube,0.9,3.572207705,0.739038211,1901.564468,718.3030617,10,1000,student,"(200, 1000, 1000, 1000)",[[0.93333333 0.93333333 0.8        0.93333333 0.9       ]],1
jackknife_plus_ab,cube,0.906666667,3.359964944,0.719326761,1625.587958,807.6483557,1000,1000,student,"(200, 1000, 1000, 1000)",[[0.91666667 0.88333333 0.91666667 0.91666667 0.9       ]],1
cqr,cube,0.933333333,5.199744153,0.58061993,1237.420489,0.200002909,4,1000,student,"(200, 1000, 1000, 1000)",[[0.91666667 0.93333333 0.96666667 0.91666667 0.93333333]],1
cqr,cube,0.933333333,5.049581803,0.688011092,1851.008853,0.18780756,5,1000,student,"(200, 1000, 1000, 1000)",[[0.9        0.91666667 0.96666667 0.91666667 0.96666667]],1
cqr,cube,0.853333333,3.574530635,0.738866904,1938.891448,0.200253248,10,1000,student,"(200, 1000, 1000, 1000)",[[0.75       0.8        0.81666667 0.93333333 0.96666667]],1
cqr,cube,0.906666667,3.595350983,0.699663892,1539.838772,0.184777498,1000,1000,student,"(200, 1000, 1000, 1000)",[[0.83333333 0.91666667 0.88333333 0.93333333 0.96666667]],1
split,cube,0.903333333,0.06927713,0.990585911,4770.289191,16.08878875,0,1000,normal,"(400, 2000)",999,1
split,cube,0.913333333,0.700675637,0.904976835,3310.492973,13.44739628,0.2,1000,normal,"(400, 2000)",999,1
split,cube,0.93,1.869173724,0.843291021,2204.1643,9.887907743,0.5,1000,normal,"(400, 2000)",999,1
split,cube,0.893333333,3.64453078,0.684510336,1452.949728,16.50750995,1,1000,normal,"(400, 2000)",999,1
jackknife_plus,cube,0.953333333,0.050850139,0.993087143,4827.056642,49.19578099,0,1000,normal,"(400, 2000)",[[0.98333333 1.         1.         0.85       0.93333333]],1
jackknife_plus,cube,0.946666667,0.753345794,0.897832112,3076.314031,24.23935056,0.2,1000,normal,"(400, 2000)",[[0.95       0.9        0.98333333 0.98333333 0.91666667]],1
jackknife_plus,cube,0.91,1.659986342,0.860829594,2464.14754,46.70971823,0.5,1000,normal,"(400, 2000)",[[0.88333333 0.95       0.9        0.9        0.91666667]],1
jackknife_plus,cube,0.843333333,3.324543847,0.712207821,1835.784244,26.61128283,1,1000,normal,"(400, 2000)",[[0.95       0.83333333 0.75       0.86666667 0.81666667]],1
jackknife_plus_ab,cube,0.923333333,0.02684427,0.996351586,4894.897545,540.8385155,0,1000,normal,"(400, 2000)",[[1.         1.         1.         0.86666667 0.75      ]],1
jackknife_plus_ab,cube,0.93,0.699591007,0.905123275,3216.243523,389.1959853,0.2,1000,normal,"(400, 2000)",[[0.95       0.93333333 0.93333333 0.93333333 0.9       ]],1
jackknife_plus_ab,cube,0.9,1.61925935,0.864244159,2510.061598,410.8314958,0.5,1000,normal,"(400, 2000)",[[0.86666667 0.93333333 0.93333333 0.91666667 0.85      ]],1
jackknife_plus_ab,cube,0.846666667,3.301082295,0.714239031,1854.809875,360.4528098,1,1000,normal,"(400, 2000)",[[0.81666667 0.85       0.9        0.85       0.81666667]],1
cqr,cube,0.876666667,0.432663503,0.941204788,3421.50246,0.113003016,0,1000,normal,"(400, 2000)",[[1.         0.78333333 0.91666667 0.76666667 0.91666667]],1
cqr,cube,0.913333333,0.746021094,0.898827256,3077.809588,0.134209871,0.2,1000,normal,"(400, 2000)",[[0.83333333 0.9        0.9        0.96666667 0.96666667]],1
cqr,cube,0.906666667,1.851866021,0.84474279,2175.109277,0.134950638,0.5,1000,normal,"(400, 2000)",[[0.85       0.88333333 0.93333333 0.91666667 0.95      ]],1
cqr,cube,0.9,3.846829094,0.666998367,1419.296898,0.130967617,1,1000,normal,"(400, 2000)",[[0.85       0.9        0.88333333 0.96666667 0.9       ]],1
split,cube,0.93,5.350929543,0.689312832,1255.972534,10.445889,4,1000,student,"(400, 2000)",999,1
split,cube,0.89,3.861074543,0.626194835,1770.102386,10.64021778,5,1000,student,"(400, 2000)",999,1
split,cube,0.926666667,4.124050842,0.621391019,922.4368176,7.98918128,10,1000,student,"(400, 2000)",999,1
split,cube,0.913333333,3.326035751,0.68895871,1947.933238,7.725743055,1000,1000,student,"(400, 2000)",999,1
jackknife_plus,cube,0.876666667,4.272236555,0.751944292,1902.437939,28.11877918,4,1000,student,"(400, 2000)",[[0.88333333 0.9        0.9        0.9        0.8       ]],1
jackknife_plus,cube,0.906666667,4.292155071,0.58446035,1213.990522,22.38953447,5,1000,student,"(400, 2000)",[[0.85       0.95       0.9        0.88333333 0.95      ]],1
jackknife_plus,cube,0.916666667,3.816552934,0.64962113,1140.721979,32.62521553,10,1000,student,"(400, 2000)",[[0.88333333 0.91666667 0.95       0.95       0.88333333]],1
jackknife_plus,cube,0.93,3.40987635,0.681117691,1649.879828,23.90804148,1000,1000,student,"(400, 2000)",[[0.95       0.9        0.93333333 0.91666667 0.95      ]],1
jackknife_plus_ab,cube,0.873333333,4.287285544,0.751070391,1895.348829,360.4009221,4,1000,student,"(400, 2000)",[[0.9        0.83333333 0.88333333 0.85       0.9       ]],1
jackknife_plus_ab,cube,0.9,4.225933904,0.590871495,1283.586949,350.5197847,5,1000,student,"(400, 2000)",[[0.93333333 0.93333333 0.86666667 0.9        0.86666667]],1
jackknife_plus_ab,cube,0.91,3.73698857,0.656925652,1148.850153,406.5478578,10,1000,student,"(400, 2000)",[[0.98333333 0.81666667 0.91666667 0.93333333 0.9       ]],1
jackknife_plus_ab,cube,0.916666667,3.290129638,0.692316475,1945.085809,359.8139343,1000,1000,student,"(400, 2000)",[[0.9        0.91666667 0.88333333 0.93333333 0.95      ]],1
cqr,cube,0.893333333,4.858295498,0.71791682,1757.017756,0.191969872,4,1000,student,"(400, 2000)",[[0.76666667 0.93333333 0.93333333 0.91666667 0.91666667]],1
cqr,cube,0.933333333,4.864898384,0.529010361,1124.37086,0.201807737,5,1000,student,"(400, 2000)",[[0.96666667 0.93333333 0.95       0.88333333 0.93333333]],1
cqr,cube,0.886666667,3.784321807,0.652580174,1273.530276,0.190758705,10,1000,student,"(400, 2000)",[[0.83333333 0.86666667 0.9        0.9        0.93333333]],1
cqr,cube,0.916666667,3.776791835,0.646805257,1559.106184,0.200627089,1000,1000,student,"(400, 2000)",[[0.83333333 0.81666667 0.98333333 0.96666667 0.98333333]],1
split,cube,0.866666667,0.020766359,0.995810695,4416.834258,119.6169031,0,1000,normal,"(400, 2000, 2000, 2000)",999,1
split,cube,0.896666667,0.819256348,0.916293825,4049.148729,83.82747912,0.2,1000,normal,"(400, 2000, 2000, 2000)",999,1
split,cube,0.913333333,1.715949702,0.798709214,2376.07768,107.5213778,0.5,1000,normal,"(400, 2000, 2000, 2000)",999,1
split,cube,0.873333333,3.187510281,0.656969292,1546.69699,140.5684779,1,1000,normal,"(400, 2000, 2000, 2000)",999,1
jackknife_plus,cube,0.99,0.029469735,0.994048437,4407.291054,313.5122783,0,1000,normal,"(400, 2000, 2000, 2000)",[[1.   1.   1.   1.   0.95]],1
jackknife_plus,cube,0.926666667,0.728808547,0.925534532,3806.145841,266.5864975,0.2,1000,normal,"(400, 2000, 2000, 2000)",[[0.91666667 0.91666667 0.95       0.9        0.95      ]],1
jackknife_plus,cube,0.903333333,1.713304049,0.799019697,2546.06163,296.4784968,0.5,1000,normal,"(400, 2000, 2000, 2000)",[[0.88333333 0.88333333 0.93333333 0.93333333 0.88333333]],1
jackknife_plus,cube,0.913333333,3.597384704,0.612860201,1144.379262,223.856606,1,1000,normal,"(400, 2000, 2000, 2000)",[[0.9        0.96666667 0.91666667 0.86666667 0.91666667]],1
jackknife_plus_ab,cube,0.896666667,0.013785133,0.997219777,4462.425198,3000.628409,0,1000,normal,"(400, 2000, 2000, 2000)",[[0.85       0.85       0.96666667 0.93333333 0.88333333]],1
jackknife_plus_ab,cube,0.9,0.660267359,0.932538273,3921.201017,3293.600521,0.2,1000,normal,"(400, 2000, 2000, 2000)",[[0.93333333 0.91666667 0.91666667 0.86666667 0.86666667]],1
jackknife_plus_ab,cube,0.896666667,1.635997777,0.808088162,2634.530866,3200.874804,0.5,1000,normal,"(400, 2000, 2000, 2000)",[[0.91666667 0.9        0.91666667 0.9        0.85      ]],1
jackknife_plus_ab,cube,0.9,3.465845474,0.627016165,1395.798984,3163.448835,1,1000,normal,"(400, 2000, 2000, 2000)",[[0.9        0.9        0.91666667 0.85       0.93333333]],1
cqr,cube,0.916666667,0.372514031,0.924870417,3209.032833,0.15170598,0,1000,normal,"(400, 2000, 2000, 2000)",[[0.95       0.83333333 0.96666667 0.85       0.98333333]],1
cqr,cube,0.93,0.897506892,0.908297898,3438.641348,0.160856962,0.2,1000,normal,"(400, 2000, 2000, 2000)",[[0.81666667 0.91666667 0.96666667 0.96666667 0.98333333]],1
cqr,cube,0.85,1.748307311,0.794911637,2599.526738,0.163999557,0.5,1000,normal,"(400, 2000, 2000, 2000)",[[0.66666667 0.85       0.91666667 0.9        0.91666667]],1
cqr,cube,0.92,3.821839942,0.588704879,1123.119117,0.199985504,1,1000,normal,"(400, 2000, 2000, 2000)",[[0.88333333 0.9        0.95       0.86666667 1.        ]],1
split,cube,0.883333333,4.207630411,0.764208596,2342.562076,114.5940599,4,1000,student,"(400, 2000, 2000, 2000)",999,1
split,cube,0.906666667,4.355957889,0.721326377,1693.808833,117.4957535,5,1000,student,"(400, 2000, 2000, 2000)",999,1
split,cube,0.926666667,4.145497958,0.574568886,1101.556534,94.15517592,10,1000,student,"(400, 2000, 2000, 2000)",999,1
split,cube,0.903333333,3.391878236,0.687205863,1710.922091,103.8848016,1000,1000,student,"(400, 2000, 2000, 2000)",999,1
jackknife_plus,cube,0.896666667,4.455064251,0.750342867,2055.015861,254.9630878,4,1000,student,"(400, 2000, 2000, 2000)",[[0.95       0.91666667 0.85       0.93333333 0.83333333]],1
jackknife_plus,cube,0.886666667,4.058112374,0.740381025,1632.263086,232.4272618,5,1000,student,"(400, 2000, 2000, 2000)",[[0.9        0.91666667 0.83333333 0.9        0.88333333]],1
jackknife_plus,cube,0.886666667,3.659936205,0.624399839,1225.396901,251.9392097,10,1000,student,"(400, 2000, 2000, 2000)",[[0.85       0.91666667 0.9        0.88333333 0.88333333]],1
jackknife_plus,cube,0.91,3.612224453,0.666885792,1337.212219,220.2308772,1000,1000,student,"(400, 2000, 2000, 2000)",[[0.88333333 0.95       0.93333333 0.9        0.88333333]],1
jackknife_plus_ab,cube,0.883333333,4.155169299,0.767148461,2386.932626,3211.329692,4,1000,student,"(400, 2000, 2000, 2000)",[[0.91666667 0.88333333 0.83333333 0.88333333 0.9       ]],1
jackknife_plus_ab,cube,0.873333333,3.906505341,0.750079725,1897.470742,3137.100991,5,1000,student,"(400, 2000, 2000, 2000)",[[0.9        0.83333333 0.88333333 0.88333333 0.86666667]],1
jackknife_plus_ab,cube,0.883333333,3.528453782,0.637893124,1451.576808,2945.498693,10,1000,student,"(400, 2000, 2000, 2000)",[[0.78333333 0.86666667 0.93333333 0.9        0.93333333]],1
jackknife_plus_ab,cube,0.893333333,3.344852019,0.691542529,1707.003832,2981.739702,1000,1000,student,"(400, 2000, 2000, 2000)",[[0.93333333 0.85       0.95       0.86666667 0.86666667]],1
cqr,cube,0.883333333,4.890938531,0.725916737,2214.46244,0.229820251,4,1000,student,"(400, 2000, 2000, 2000)",[[0.78333333 0.88333333 0.93333333 0.88333333 0.93333333]],1
cqr,cube,0.86,4.085560395,0.73862398,1913.83004,0.203822613,5,1000,student,"(400, 2000, 2000, 2000)",[[0.76666667 0.86666667 0.91666667 0.86666667 0.88333333]],1
cqr,cube,0.86,3.770655001,0.61303648,1411.817883,0.195999861,10,1000,student,"(400, 2000, 2000, 2000)",[[0.75       0.83333333 0.85       0.9        0.96666667]],1
cqr,cube,0.906666667,3.745388331,0.654605649,1445.618168,0.177722216,1000,1000,student,"(400, 2000, 2000, 2000)",[[0.83333333 0.93333333 0.91666667 0.95       0.9       ]],1
split,cube,0.96,3.990026721,0.463518623,571.0355201,1.503160954,0,100,normal,"(200, 1000)",999,1
split,cube,0.943333333,2.694577869,0.707721073,921.7850758,1.005774021,0.2,100,normal,"(200, 1000)",999,1
split,cube,0.86,1.933688802,0.751106535,1136.849764,0.827742338,0.5,100,normal,"(200, 1000)",999,1
split,cube,0.806666667,2.977989041,0.681765116,1039.94475,1.000902653,1,100,normal,"(200, 1000)",999,1
jackknife_plus,cube,0.896666667,1.168776532,0.842851947,1579.704289,2.040311813,0,100,normal,"(200, 1000)",[[1.         0.95       1.         1.         0.53333333]],1
jackknife_plus,cube,0.95,1.315786335,0.857276106,2068.848315,2.370373011,0.2,100,normal,"(200, 1000)",[[0.98333333 0.96666667 1.         0.98333333 0.81666667]],1
jackknife_plus,cube,0.93,2.349055642,0.697643701,998.5807127,1.714800358,0.5,100,normal,"(200, 1000)",[[0.95       1.         0.98333333 0.95       0.76666667]],1
jackknife_plus,cube,0.883333333,3.750081049,0.599264868,648.6480009,1.598737478,1,100,normal,"(200, 1000)",[[0.96666667 0.91666667 0.91666667 0.91666667 0.7       ]],1
jackknife_plus_ab,cube,0.913333333,0.559795605,0.924732424,3117.530066,27.68087745,0,100,normal,"(200, 1000)",[[1.         0.95       0.96666667 1.         0.65      ]],1
jackknife_plus_ab,cube,0.87,0.825002878,0.910512117,2964.563436,36.12489796,0.2,100,normal,"(200, 1000)",[[0.91666667 0.91666667 0.91666667 0.9        0.7       ]],1
jackknife_plus_ab,cube,0.906666667,1.93179268,0.75135176,1616.947388,29.78729987,0.5,100,normal,"(200, 1000)",[[0.98333333 0.95       0.86666667 0.9        0.83333333]],1
jackknife_plus_ab,cube,0.903333333,3.448365318,0.631506475,915.8128236,17.06919312,1,100,normal,"(200, 1000)",[[0.91666667 0.86666667 0.95       0.9        0.88333333]],1
cqr,cube,0.873333333,1.136890555,0.847138588,2489.626727,0.511243105,0,100,normal,"(200, 1000)",[[1.         0.75       0.85       0.95       0.81666667]],1
cqr,cube,0.903333333,1.293812593,0.859661705,2394.640166,0.040001154,0.2,100,normal,"(200, 1000)",[[0.91666667 0.9        0.95       0.95       0.8       ]],1
cqr,cube,0.89,2.276644979,0.706964504,1406.675821,0.03795743,0.5,100,normal,"(200, 1000)",[[0.85       0.91666667 0.91666667 0.9        0.86666667]],1
cqr,cube,0.94,4.607772859,0.507610977,601.4128541,0.055000544,1,100,normal,"(200, 1000)",[[0.86666667 0.96666667 0.91666667 0.96666667 0.98333333]],1
split,cube,0.963333333,6.095433978,0.474398756,370.3107859,0.393015862,4,100,student,"(200, 1000)",999,1
split,cube,0.986666667,9.306997884,0.448662186,249.5066749,0.835519552,5,100,student,"(200, 1000)",999,1
split,cube,0.993333333,8.71270818,0.236399586,234.1197213,1.30092144,10,100,student,"(200, 1000)",999,1
split,cube,0.896666667,3.749186768,0.675031013,1075.764239,3.25015378,1000,100,student,"(200, 1000)",999,1
jackknife_plus,cube,0.896666667,4.360154918,0.624030938,1054.295576,1.214964628,4,100,student,"(200, 1000)",[[0.95       0.9        0.85       0.86666667 0.91666667]],1
jackknife_plus,cube,0.923333333,5.198133231,0.692068974,779.5478569,1.42628932,5,100,student,"(200, 1000)",[[0.98333333 0.88333333 0.96666667 0.93333333 0.85      ]],1
jackknife_plus,cube,0.903333333,3.878551916,0.660076309,1270.978937,1.96289897,10,100,student,"(200, 1000)",[[0.95       0.96666667 0.86666667 0.93333333 0.8       ]],1
jackknife_plus,cube,0.933333333,4.485212482,0.6112337,442.0268059,2.63151598,1000,100,student,"(200, 1000)",[[0.95       0.93333333 0.91666667 0.96666667 0.9       ]],1
jackknife_plus_ab,cube,0.9,4.206113996,0.637313643,1009.493155,14.6279726,4,100,student,"(200, 1000)",[[0.91666667 0.86666667 0.85       0.96666667 0.9       ]],1
jackknife_plus_ab,cube,0.9,4.581988796,0.728568946,1050.184269,21.39369893,5,100,student,"(200, 1000)",[[0.95       0.91666667 0.86666667 0.91666667 0.85      ]],1
jackknife_plus_ab,cube,0.903333333,3.90252175,0.657975547,1414.642088,24.25424767,10,100,student,"(200, 1000)",[[0.95       0.95       0.9        0.91666667 0.8       ]],1
jackknife_plus_ab,cube,0.9,3.872304554,0.664359517,753.4819903,26.08007097,1000,100,student,"(200, 1000)",[[0.83333333 0.9        0.91666667 0.93333333 0.91666667]],1
cqr,cube,0.926666667,4.834040614,0.583168139,884.8613242,0.042677402,4,100,student,"(200, 1000)",[[0.86666667 0.88333333 1.         0.93333333 0.95      ]],1
cqr,cube,0.903333333,4.832864563,0.713707384,1071.154875,0.041000605,5,100,student,"(200, 1000)",[[0.88333333 0.93333333 0.91666667 0.91666667 0.86666667]],1
cqr,cube,0.88,4.225412714,0.629676523,1463.481948,0.039976835,10,100,student,"(200, 1000)",[[0.85       0.85       0.88333333 0.91666667 0.9       ]],1
cqr,cube,0.863333333,3.817275613,0.669128371,944.5182534,0.043966293,1000,100,student,"(200, 1000)",[[0.78333333 0.83333333 0.9        0.86666667 0.93333333]],1
split,sinex_con,1,1.861779984,0.719336352,9767.549516,2.602812767,0,100,normal,"(200, 1000)",999,1
split,sinex_con,0.91,0.950616821,0.873062775,11714.71085,2.421162605,0.2,100,normal,"(200, 1000)",999,1
split,sinex_con,0.99,2.601747757,0.709783971,8420.299806,2.208698034,0.5,100,normal,"(200, 1000)",999,1
split,sinex_con,0.71,2.279008405,0.796064155,10104.82714,2.422596693,1,100,normal,"(200, 1000)",999,1
jackknife_plus,sinex_con,1,4.211561237,0.36511905,3483.266458,4.809524059,0,100,normal,"(200, 1000)",[[1. 1. 1. 1. 1.]],1
jackknife_plus,sinex_con,0.976666667,3.202862756,0.572314082,5123.138743,5.795666933,0.2,100,normal,"(200, 1000)",[[1.         1.         0.96666667 0.93333333 0.98333333]],1
jackknife_plus,sinex_con,0.95,4.811613,0.463290566,2873.548132,3.874506712,0.5,100,normal,"(200, 1000)",[[0.98333333 0.98333333 0.96666667 0.95       0.86666667]],1
jackknife_plus,sinex_con,0.92,6.592888383,0.410121891,1583.771262,2.706802368,1,100,normal,"(200, 1000)",[[0.9        0.96666667 0.91666667 0.98333333 0.83333333]],1
jackknife_plus_ab,sinex_con,0.923333333,1.0588976,0.840374641,10915.40653,61.73724341,0,100,normal,"(200, 1000)",[[0.98333333 0.9        0.83333333 0.9        1.        ]],1
jackknife_plus_ab,sinex_con,0.9,1.139799692,0.84780102,10860.14453,62.73127627,0.2,100,normal,"(200, 1000)",[[0.81666667 0.86666667 0.88333333 0.96666667 0.96666667]],1
jackknife_plus_ab,sinex_con,0.893333333,1.875541571,0.790793887,9368.412948,59.76459002,0.5,100,normal,"(200, 1000)",[[0.91666667 0.88333333 0.9        0.91666667 0.85      ]],1
jackknife_plus_ab,sinex_con,0.926666667,4.01090669,0.641136287,6413.389408,49.01530433,1,100,normal,"(200, 1000)",[[0.96666667 0.9        0.86666667 0.91666667 0.98333333]],1
cqr,sinex_con,0.903333333,2.569755298,0.612618875,6320.52087,0.050828934,0,100,normal,"(200, 1000)",[[0.85       0.88333333 0.95       0.93333333 0.9       ]],1
cqr,sinex_con,0.873333333,2.710176769,0.638106012,6426.866209,0.046970367,0.2,100,normal,"(200, 1000)",[[0.76666667 0.91666667 0.96666667 0.81666667 0.9       ]],1
cqr,sinex_con,0.92,3.599395467,0.598507509,4909.673367,0.048970938,0.5,100,normal,"(200, 1000)",[[0.91666667 0.93333333 0.95       0.91666667 0.88333333]],1
cqr,sinex_con,0.88,4.889789478,0.562501246,4404.809965,0.042969465,1,100,normal,"(200, 1000)",[[0.78333333 0.81666667 0.96666667 0.85       0.98333333]],1
split,sinex_con,0.75,5.478245761,0.607648581,2389.935533,1.781843901,4,100,student,"(200, 1000)",999,1
split,sinex_con,0.793333333,2.769583296,0.753859729,9459.818508,1.468713999,5,100,student,"(200, 1000)",999,1
split,sinex_con,0.96,5.643696226,0.477363168,4221.895404,1.133774757,10,100,student,"(200, 1000)",999,1
split,sinex_con,0.86,3.592380845,0.695730042,6624.963915,1.932052851,1000,100,student,"(200, 1000)",999,1
jackknife_plus,sinex_con,0.87,5.280578702,0.621818095,4757.255209,4.411260843,4,100,student,"(200, 1000)",[[0.93333333 0.86666667 0.85       0.83333333 0.86666667]],1
jackknife_plus,sinex_con,0.963333333,7.265335576,0.354331284,1033.257914,1.929005623,5,100,student,"(200, 1000)",[[0.95       0.96666667 0.96666667 0.98333333 0.95      ]],1
jackknife_plus,sinex_con,0.943333333,5.530977734,0.487802279,3432.61949,6.445109844,10,100,student,"(200, 1000)",[[0.96666667 0.96666667 0.93333333 0.86666667 0.98333333]],1
jackknife_plus,sinex_con,0.92,6.599511531,0.441031876,1316.186356,3.012270212,1000,100,student,"(200, 1000)",[[1.         0.98333333 0.9        0.93333333 0.78333333]],1
jackknife_plus_ab,sinex_con,0.883333333,4.556791314,0.673654243,5603.742957,58.03505993,4,100,student,"(200, 1000)",[[0.78333333 0.9        0.93333333 0.91666667 0.88333333]],1
jackknife_plus_ab,sinex_con,0.923333333,4.653600394,0.586436185,5066.312514,46.55495954,5,100,student,"(200, 1000)",[[0.91666667 0.85       0.95       0.91666667 0.98333333]],1
jackknife_plus_ab,sinex_con,0.91,4.342388772,0.597872548,5571.017922,56.33001041,10,100,student,"(200, 1000)",[[0.91666667 0.96666667 0.93333333 0.85       0.88333333]],1
jackknife_plus_ab,sinex_con,0.89,3.704243436,0.686256506,5965.269203,50.99025154,1000,100,student,"(200, 1000)",[[0.81666667 0.93333333 0.91666667 0.85       0.93333333]],1
cqr,sinex_con,0.9,6.121704078,0.561579438,3143.196086,0.044978857,4,100,student,"(200, 1000)",[[0.73333333 0.96666667 0.93333333 0.91666667 0.95      ]],1
cqr,sinex_con,0.9,5.66710959,0.496366372,3652.076991,0.042000294,5,100,student,"(200, 1000)",[[0.73333333 0.91666667 0.95       0.93333333 0.96666667]],1
cqr,sinex_con,0.866666667,5.231090686,0.515573696,4305.623722,0.042002678,10,100,student,"(200, 1000)",[[0.63333333 0.81666667 0.91666667 0.98333333 0.98333333]],1
cqr,sinex_con,0.863333333,4.800374741,0.593415229,3781.086561,0.042985678,1000,100,student,"(200, 1000)",[[0.85       0.76666667 0.91666667 0.9        0.88333333]],1
split,cube,0.94,0.078510418,0.986984199,4113.469833,3.986406326,0,300,normal,"(200, 1000)",999,1
split,cube,0.963333333,1.036883532,0.905432744,4255.069988,2.925967455,0.2,300,normal,"(200, 1000)",999,1
split,cube,0.9,1.763305055,0.819435285,2386.899334,3.331837893,0.5,300,normal,"(200, 1000)",999,1
split,cube,0.926666667,3.635716956,0.546479644,1344.27207,2.025454283,1,300,normal,"(200, 1000)",999,1
jackknife_plus,cube,0.936666667,0.269769105,0.955280639,3601.226977,7.548360348,0,300,normal,"(200, 1000)",[[1.         0.93333333 1.         0.98333333 0.76666667]],1
jackknife_plus,cube,0.9,0.74089361,0.932430613,4491.660854,6.899745226,0.2,300,normal,"(200, 1000)",[[0.95       0.88333333 0.95       0.91666667 0.8       ]],1
jackknife_plus,cube,0.936666667,2.057117518,0.789347448,1828.233498,4.674533367,0.5,300,normal,"(200, 1000)",[[0.95       0.91666667 0.95       0.95       0.91666667]],1
jackknife_plus,cube,0.943333333,3.68495008,0.54033767,1205.356274,4.733458042,1,300,normal,"(200, 1000)",[[0.91666667 0.95       0.9        0.96666667 0.98333333]],1
jackknife_plus_ab,cube,0.963333333,0.066591265,0.988957581,4076.026476,98.21217394,0,300,normal,"(200, 1000)",[[1.         1.         1.         1.         0.81666667]],1
jackknife_plus_ab,cube,0.88,0.670403722,0.938858905,4730.448011,81.2513628,0.2,300,normal,"(200, 1000)",[[0.91666667 0.95       0.95       0.81666667 0.76666667]],1
jackknife_plus_ab,cube,0.89,1.696301124,0.826296491,2366.212816,63.68855333,0.5,300,normal,"(200, 1000)",[[0.91666667 0.86666667 0.96666667 0.81666667 0.88333333]],1
jackknife_plus_ab,cube,0.923333333,3.382815386,0.578026704,1341.110586,45.19256067,1,300,normal,"(200, 1000)",[[0.93333333 0.9        0.91666667 0.93333333 0.93333333]],1
cqr,cube,0.953333333,0.500432279,0.917043603,3002.30241,0.057004929,0,300,normal,"(200, 1000)",[[1.         0.91666667 0.96666667 0.96666667 0.91666667]],1
cqr,cube,0.903333333,1.030312393,0.906035653,3695.50325,0.059961557,0.2,300,normal,"(200, 1000)",[[0.91666667 0.83333333 0.91666667 0.96666667 0.88333333]],1
cqr,cube,0.886666667,2.142047507,0.78065143,1869.782581,0.055970907,0.5,300,normal,"(200, 1000)",[[0.85       0.91666667 0.81666667 0.9        0.95      ]],1
cqr,cube,0.923333333,3.649345725,0.544779682,1312.493689,0.057966709,1,300,normal,"(200, 1000)",[[0.86666667 0.88333333 0.93333333 0.96666667 0.96666667]],1
split,cube,0.906666667,4.616441887,0.659175388,1860.964717,2.089207649,4,300,student,"(200, 1000)",999,1
split,cube,0.936666667,4.71627619,0.468458198,787.3680184,1.091806412,5,300,student,"(200, 1000)",999,1
split,cube,0.936666667,5.231989128,0.495646087,499.025919,1.588790178,10,300,student,"(200, 1000)",999,1
split,cube,0.933333333,4.272791778,0.593838947,559.3204384,1.636835575,1000,300,student,"(200, 1000)",999,1
jackknife_plus,cube,0.893333333,4.791189974,0.646274014,1502.628419,2.629665852,4,300,student,"(200, 1000)",[[0.93333333 0.91666667 0.86666667 0.9        0.85      ]],1
jackknife_plus,cube,0.95,5.185620451,0.415561015,543.8858182,2.903337717,5,300,student,"(200, 1000)",[[0.96666667 0.95       0.96666667 0.93333333 0.93333333]],1
jackknife_plus,cube,0.93,4.546457538,0.561730116,797.7268467,5.938401699,10,300,student,"(200, 1000)",[[0.95       0.93333333 0.88333333 0.93333333 0.95      ]],1
jackknife_plus,cube,0.943333333,3.806350222,0.638177121,830.6293952,5.688469648,1000,300,student,"(200, 1000)",[[0.96666667 0.91666667 0.95       0.93333333 0.95      ]],1
jackknife_plus_ab,cube,0.886666667,4.430834363,0.672878407,1895.868984,43.32001805,4,300,student,"(200, 1000)",[[0.95       0.93333333 0.91666667 0.83333333 0.8       ]],1
jackknife_plus_ab,cube,0.94,4.939942278,0.443250152,634.2704001,48.86252451,5,300,student,"(200, 1000)",[[0.9        0.93333333 0.95       0.95       0.96666667]],1
jackknife_plus_ab,cube,0.93,4.342383692,0.581402408,961.8093448,49.48737907,10,300,student,"(200, 1000)",[[0.93333333 0.91666667 0.93333333 0.91666667 0.95      ]],1
jackknife_plus_ab,cube,0.926666667,3.46370955,0.670748367,1234.733775,55.31083059,1000,300,student,"(200, 1000)",[[0.81666667 0.96666667 0.95       0.96666667 0.93333333]],1
cqr,cube,0.913333333,5.314377054,0.607647863,1515.380541,0.065770388,4,300,student,"(200, 1000)",[[0.81666667 0.9        0.93333333 0.93333333 0.98333333]],1
cqr,cube,0.913333333,4.821129734,0.456641378,809.6665197,0.063000679,5,300,student,"(200, 1000)",[[0.83333333 0.88333333 0.91666667 0.95       0.98333333]],1
cqr,cube,0.913333333,4.510999313,0.565148623,880.2169856,0.060287952,10,300,student,"(200, 1000)",[[0.86666667 0.91666667 0.9        0.9        0.98333333]],1
cqr,cube,0.893333333,3.50423722,0.66689636,1379.487341,0.066233635,1000,300,student,"(200, 1000)",[[0.7        0.93333333 0.9        0.95       0.98333333]],1
split,sinex_con,0.926666667,0.649948878,0.902021966,12582.20955,3.390322685,0,300,normal,"(200, 1000)",999,1
split,sinex_con,0.883333333,0.854316546,0.886109641,12001.1804,3.388016462,0.2,300,normal,"(200, 1000)",999,1
split,sinex_con,0.87,1.840167297,0.782871529,9739.263389,3.318404198,0.5,300,normal,"(200, 1000)",999,1
split,sinex_con,0.916666667,3.64872944,0.638030695,7158.761391,3.336131811,1,300,normal,"(200, 1000)",999,1
jackknife_plus,sinex_con,0.9,0.665332652,0.899703561,12480.17318,13.56033301,0,300,normal,"(200, 1000)",[[0.65       0.88333333 0.96666667 1.         1.        ]],1
jackknife_plus,sinex_con,0.92,0.973161008,0.870266221,11617.48757,13.59475684,0.2,300,normal,"(200, 1000)",[[0.96666667 0.96666667 0.96666667 0.91666667 0.78333333]],1
jackknife_plus,sinex_con,0.933333333,2.100315532,0.752175599,9150.004087,12.38871527,0.5,300,normal,"(200, 1000)",[[0.96666667 0.9        0.93333333 0.93333333 0.93333333]],1
jackknife_plus,sinex_con,0.933333333,3.754064897,0.627580459,6891.038449,11.3196609,1,300,normal,"(200, 1000)",[[0.98333333 0.91666667 0.91666667 0.9        0.95      ]],1
jackknife_plus_ab,sinex_con,0.906666667,0.641496945,0.903296665,12564.18633,100.2810798,0,300,normal,"(200, 1000)",[[0.75       0.85       0.93333333 1.         1.        ]],1
jackknife_plus_ab,sinex_con,0.9,0.91500315,0.878019673,11861.48538,96.8399694,0.2,300,normal,"(200, 1000)",[[0.86666667 0.9        0.96666667 0.91666667 0.85      ]],1
jackknife_plus_ab,sinex_con,0.886666667,1.908035461,0.774864094,9697.1889,93.59489727,0.5,300,normal,"(200, 1000)",[[0.9        0.86666667 0.91666667 0.91666667 0.83333333]],1
jackknife_plus_ab,sinex_con,0.9,3.357661374,0.666906034,7592.859812,91.33067179,1,300,normal,"(200, 1000)",[[0.93333333 0.86666667 0.93333333 0.91666667 0.85      ]],1
cqr,sinex_con,0.903333333,1.077755778,0.837532289,9940.632724,0.055967331,0,300,normal,"(200, 1000)",[[0.75       0.9        0.96666667 0.96666667 0.93333333]],1
cqr,sinex_con,0.94,1.298920849,0.826837754,10004.60872,0.053968906,0.2,300,normal,"(200, 1000)",[[0.8        0.96666667 0.98333333 1.         0.95      ]],1
cqr,sinex_con,0.913333333,2.00460847,0.763469109,9601.188,0.055000544,0.5,300,normal,"(200, 1000)",[[0.76666667 0.91666667 0.93333333 0.96666667 0.98333333]],1
cqr,sinex_con,0.94,3.872388816,0.615841947,7143.338172,0.09096694,1,300,normal,"(200, 1000)",[[0.85       0.93333333 0.98333333 0.95       0.98333333]],1
split,sinex_con,0.71,2.784105464,0.790057866,9351.758631,2.97306633,4,300,student,"(200, 1000)",999,1
split,sinex_con,0.886666667,4.177108789,0.730734033,6600.155682,2.643498898,5,300,student,"(200, 1000)",999,1
split,sinex_con,0.91,4.014857577,0.650871516,6690.454148,3.343748093,10,300,student,"(200, 1000)",999,1
split,sinex_con,0.843333333,3.034781117,0.741436352,8261.581342,3.040178061,1000,300,student,"(200, 1000)",999,1
jackknife_plus,sinex_con,0.91,4.620133987,0.651655007,6253.831529,11.775913,4,300,student,"(200, 1000)",[[0.95       0.93333333 0.86666667 0.9        0.9       ]],1
jackknife_plus,sinex_con,0.916666667,4.730745532,0.695045299,5795.182037,9.521175861,5,300,student,"(200, 1000)",[[0.86666667 0.95       0.93333333 0.88333333 0.95      ]],1
jackknife_plus,sinex_con,0.893333333,4.110036211,0.642594903,6156.633411,9.147642374,10,300,student,"(200, 1000)",[[0.88333333 0.86666667 0.81666667 0.95       0.95      ]],1
jackknife_plus,sinex_con,0.913333333,3.780195413,0.677929826,6897.010064,9.525230646,1000,300,student,"(200, 1000)",[[0.93333333 0.91666667 0.88333333 0.93333333 0.9       ]],1
jackknife_plus_ab,sinex_con,0.846666667,3.863048097,0.708735174,7619.059287,97.2553792,4,300,student,"(200, 1000)",[[0.85       0.9        0.78333333 0.85       0.85      ]],1
jackknife_plus_ab,sinex_con,0.896666667,4.110374176,0.735036019,6871.908003,81.0083735,5,300,student,"(200, 1000)",[[0.9        0.9        0.85       0.9        0.93333333]],1
jackknife_plus_ab,sinex_con,0.846666667,3.343615998,0.70924013,7773.882472,86.88162041,10,300,student,"(200, 1000)",[[0.81666667 0.85       0.91666667 0.81666667 0.83333333]],1
jackknife_plus_ab,sinex_con,0.886666667,3.264958221,0.721827673,8179.590724,89.30956054,1000,300,student,"(200, 1000)",[[0.85       0.91666667 0.88333333 0.83333333 0.95      ]],1
cqr,sinex_con,0.896666667,4.955120452,0.626398041,6496.670782,0.058968306,4,300,student,"(200, 1000)",[[0.81666667 0.93333333 0.86666667 0.9        0.96666667]],1
cqr,sinex_con,0.903333333,4.418289634,0.715187095,6620.861896,0.056001186,5,300,student,"(200, 1000)",[[0.91666667 0.85       0.91666667 0.9        0.93333333]],1
cqr,sinex_con,0.923333333,4.140611991,0.639935741,6625.495095,0.058514357,10,300,student,"(200, 1000)",[[0.86666667 0.93333333 0.9        0.96666667 0.95      ]],1
cqr,sinex_con,0.91,3.670436547,0.687281258,7459.307022,0.060966015,1000,300,student,"(200, 1000)",[[0.91666667 0.86666667 0.86666667 0.95       0.95      ]],1
split,cube,0.89,0.055682025,0.992030978,5442.855438,5.037572622,0,500,normal,"(200, 1000)",999,1
split,cube,0.933333333,1.09685706,0.840622468,1948.275196,3.219011784,0.2,500,normal,"(200, 1000)",999,1
split,cube,0.933333333,1.80426433,0.790415795,2907.378195,3.316416502,0.5,500,normal,"(200, 1000)",999,1
split,cube,0.773333333,2.683005799,0.767836961,1951.117242,2.190471411,1,500,normal,"(200, 1000)",999,1
jackknife_plus,cube,0.966666667,0.105109294,0.984952925,5279.713866,14.84758997,0,500,normal,"(200, 1000)",[[1.         1.         1.         0.98333333 0.85      ]],1
jackknife_plus,cube,0.906666667,0.717771017,0.895705693,2927.114666,7.699298382,0.2,500,normal,"(200, 1000)",[[0.93333333 0.9        0.9        0.86666667 0.93333333]],1
jackknife_plus,cube,0.916666667,1.908661944,0.778289631,2647.415614,7.734401226,0.5,500,normal,"(200, 1000)",[[0.9        0.9        0.96666667 0.88333333 0.93333333]],1
jackknife_plus,cube,0.913333333,3.492648727,0.697793703,1456.288494,7.02504611,1,500,normal,"(200, 1000)",[[0.95       0.91666667 0.91666667 0.9        0.88333333]],1
jackknife_plus_ab,cube,0.956666667,0.068124969,0.990247128,5369.414012,142.0778272,0,500,normal,"(200, 1000)",[[1.         1.         1.         1.         0.78333333]],1
jackknife_plus_ab,cube,0.903333333,0.694448519,0.899094552,2897.96186,96.85423303,0.2,500,normal,"(200, 1000)",[[0.83333333 0.91666667 0.96666667 0.9        0.9       ]],1
jackknife_plus_ab,cube,0.906666667,1.745706353,0.797218732,2989.728341,91.09669995,0.5,500,normal,"(200, 1000)",[[0.9        0.96666667 0.86666667 0.93333333 0.86666667]],1
jackknife_plus_ab,cube,0.906666667,3.422236059,0.703886347,1522.284176,75.42474198,1,500,normal,"(200, 1000)",[[0.88333333 0.83333333 0.96666667 0.95       0.9       ]],1
cqr,cube,0.91,0.447190482,0.936000324,4169.051527,0.552148819,0,500,normal,"(200, 1000)",[[0.98333333 0.76666667 0.96666667 0.9        0.93333333]],1
cqr,cube,0.883333333,0.863391712,0.87454637,2674.440332,0.077969551,0.2,500,normal,"(200, 1000)",[[0.76666667 0.85       0.96666667 0.88333333 0.95      ]],1
cqr,cube,0.886666667,2.06989747,0.759560595,2602.048724,0.085968733,0.5,500,normal,"(200, 1000)",[[0.76666667 0.91666667 0.91666667 0.9        0.93333333]],1
cqr,cube,0.866666667,3.569257157,0.69116441,1540.721825,0.085997343,1,500,normal,"(200, 1000)",[[0.76666667 0.85       0.85       0.91666667 0.95      ]],1
split,cube,0.956666667,5.489658074,0.523066472,1286.658559,3.008680582,4,500,student,"(200, 1000)",999,1
split,cube,0.916666667,4.698078187,0.573739353,1426.910071,1.753735542,5,500,student,"(200, 1000)",999,1
split,cube,0.896666667,3.820170701,0.754880529,1260.675563,2.130266666,10,500,student,"(200, 1000)",999,1
split,cube,0.933333333,3.954322239,0.685044151,1021.412786,2.212991476,1000,500,student,"(200, 1000)",999,1
jackknife_plus,cube,0.896666667,4.561739962,0.603684041,1438.343748,4.745022774,4,500,student,"(200, 1000)",[[0.91666667 0.81666667 0.95       0.95       0.85      ]],1
jackknife_plus,cube,0.886666667,3.985880881,0.638357645,1929.659534,7.57378459,5,500,student,"(200, 1000)",[[0.85       0.88333333 0.93333333 0.91666667 0.85      ]],1
jackknife_plus,cube,0.906666667,3.818690353,0.754975489,1270.35913,6.740247965,10,500,student,"(200, 1000)",[[1.         0.9        0.86666667 0.88333333 0.88333333]],1
jackknife_plus,cube,0.9,3.473244767,0.72336192,1196.81707,4.528939009,1000,500,student,"(200, 1000)",[[0.91666667 0.9        0.88333333 0.93333333 0.86666667]],1
jackknife_plus_ab,cube,0.896666667,4.455629035,0.612902771,1682.802691,68.09737468,4,500,student,"(200, 1000)",[[0.93333333 0.83333333 0.86666667 0.95       0.9       ]],1
jackknife_plus_ab,cube,0.87,3.894640289,0.64663551,1927.264317,71.13314962,5,500,student,"(200, 1000)",[[0.88333333 0.83333333 0.96666667 0.9        0.76666667]],1
jackknife_plus_ab,cube,0.89,3.702824637,0.762409916,1350.847625,80.87699389,10,500,student,"(200, 1000)",[[0.91666667 0.9        0.85       0.88333333 0.9       ]],1
jackknife_plus_ab,cube,0.896666667,3.30277597,0.736939464,1429.803205,88.8305912,1000,500,student,"(200, 1000)",[[0.86666667 0.88333333 0.91666667 0.91666667 0.9       ]],1
cqr,cube,0.856666667,4.362567361,0.620986647,1938.939737,0.087004185,4,500,student,"(200, 1000)",[[0.76666667 0.85       0.86666667 0.86666667 0.93333333]],1
cqr,cube,0.913333333,4.803530496,0.564171638,1518.718935,0.090001106,5,500,student,"(200, 1000)",[[0.88333333 0.91666667 0.95       0.88333333 0.93333333]],1
cqr,cube,0.913333333,4.198523859,0.730603554,1186.550496,0.084001064,10,500,student,"(200, 1000)",[[0.81666667 0.9        0.91666667 0.95       0.98333333]],1
cqr,cube,0.896666667,3.497121169,0.721460197,1177.703963,0.082803726,1000,500,student,"(200, 1000)",[[0.88333333 0.83333333 0.88333333 0.95       0.93333333]],1
split,sinex_con,0.946666667,0.75210941,0.886620354,12298.50409,5.46310544,0,500,normal,"(200, 1000)",999,1
split,sinex_con,0.92,1.094110974,0.850427342,11272.58015,4.906976223,0.2,500,normal,"(200, 1000)",999,1
split,sinex_con,0.793333333,1.567229157,0.818798358,10583.67217,3.891006708,0.5,500,normal,"(200, 1000)",999,1
split,sinex_con,0.926666667,3.395846151,0.668474416,7266.073367,5.421921968,1,500,normal,"(200, 1000)",999,1
jackknife_plus,sinex_con,0.91,0.549088482,0.917226848,12887.66837,12.04661703,0,500,normal,"(200, 1000)",[[0.96666667 1.         0.91666667 0.86666667 0.8       ]],1
jackknife_plus,sinex_con,0.9,0.90722372,0.875976425,12006.42722,12.43809748,0.2,500,normal,"(200, 1000)",[[0.95       0.93333333 0.88333333 0.9        0.83333333]],1
jackknife_plus,sinex_con,0.906666667,1.786831671,0.793418696,10279.42554,10.53934741,0.5,500,normal,"(200, 1000)",[[0.85       0.93333333 0.9        0.91666667 0.93333333]],1
jackknife_plus,sinex_con,0.923333333,3.397400683,0.668322763,7255.884528,11.45293045,1,500,normal,"(200, 1000)",[[0.88333333 0.93333333 0.95       0.9        0.95      ]],1
jackknife_plus_ab,sinex_con,0.903333333,0.598388228,0.909795175,12699.79326,123.981173,0,500,normal,"(200, 1000)",[[1.         0.95       0.95       0.81666667 0.8       ]],1
jackknife_plus_ab,sinex_con,0.89,0.90000043,0.876963809,11910.45232,114.2218256,0.2,500,normal,"(200, 1000)",[[0.88333333 0.83333333 0.9        0.96666667 0.86666667]],1
jackknife_plus_ab,sinex_con,0.886666667,1.71508172,0.801713828,10432.23476,112.4064748,0.5,500,normal,"(200, 1000)",[[0.96666667 0.85       0.93333333 0.8        0.88333333]],1
jackknife_plus_ab,sinex_con,0.923333333,3.338192133,0.674103093,7327.367358,114.5171828,1,500,normal,"(200, 1000)",[[0.95       0.85       0.98333333 0.91666667 0.91666667]],1
cqr,sinex_con,0.903333333,1.078359715,0.837441247,9993.545822,0.067000866,0,500,normal,"(200, 1000)",[[0.83333333 0.93333333 0.91666667 0.9        0.93333333]],1
cqr,sinex_con,0.876666667,0.96250057,0.868419235,11250.67477,0.074954271,0.2,500,normal,"(200, 1000)",[[0.73333333 0.81666667 0.93333333 0.93333333 0.96666667]],1
cqr,sinex_con,0.87,1.774488218,0.794845082,10292.83168,0.077999353,0.5,500,normal,"(200, 1000)",[[0.7        0.88333333 0.91666667 0.9        0.95      ]],1
cqr,sinex_con,0.89,3.309839609,0.676871354,7572.665495,0.082973003,1,500,normal,"(200, 1000)",[[0.73333333 0.91666667 0.86666667 0.95       0.98333333]],1
split,sinex_con,0.846666667,4.259572371,0.670971513,6340.07611,4.590449095,4,500,student,"(200, 1000)",999,1
split,sinex_con,0.923333333,4.449647791,0.654541601,6155.128317,4.387327671,5,500,student,"(200, 1000)",999,1
split,sinex_con,0.943333333,4.273655874,0.583055999,6181.507924,4.788354874,10,500,student,"(200, 1000)",999,1
split,sinex_con,0.913333333,3.664500259,0.700875082,6868.979304,3.66659832,1000,500,student,"(200, 1000)",999,1
jackknife_plus,sinex_con,0.876666667,4.401897892,0.659979264,6262.084255,13.46687508,4,500,student,"(200, 1000)",[[0.91666667 0.9        0.83333333 0.9        0.83333333]],1
jackknife_plus,sinex_con,0.943333333,5.080389727,0.605571804,4844.687404,9.239461422,5,500,student,"(200, 1000)",[[0.91666667 0.95       0.95       0.98333333 0.91666667]],1
jackknife_plus,sinex_con,0.91,3.603907492,0.648398471,7536.269302,10.42667794,10,500,student,"(200, 1000)",[[0.91666667 0.9        0.9        0.86666667 0.96666667]],1
jackknife_plus,sinex_con,0.91,3.453397462,0.718106974,7483.504639,11.10133624,1000,500,student,"(200, 1000)",[[0.91666667 0.86666667 0.91666667 0.93333333 0.91666667]],1
jackknife_plus_ab,sinex_con,0.873333333,4.396883376,0.660366495,6171.736384,113.6645527,4,500,student,"(200, 1000)",[[0.85       0.86666667 0.83333333 0.9        0.91666667]],1
jackknife_plus_ab,sinex_con,0.93,4.40897958,0.65769873,6136.525131,115.0236528,5,500,student,"(200, 1000)",[[0.96666667 0.91666667 0.93333333 0.9        0.93333333]],1
jackknife_plus_ab,sinex_con,0.903333333,3.514078942,0.657162307,7620.042513,109.5721107,10,500,student,"(200, 1000)",[[0.98333333 0.96666667 0.83333333 0.86666667 0.86666667]],1
jackknife_plus_ab,sinex_con,0.903333333,3.413213157,0.721387191,7522.16721,112.4286811,1000,500,student,"(200, 1000)",[[0.93333333 0.93333333 0.91666667 0.86666667 0.86666667]],1
cqr,sinex_con,0.856666667,4.625804217,0.642682987,5948.234949,0.08399868,4,500,student,"(200, 1000)",[[0.78333333 0.81666667 0.85       0.86666667 0.96666667]],1
cqr,sinex_con,0.856666667,4.138333679,0.678710228,6808.174222,0.082001209,5,500,student,"(200, 1000)",[[0.78333333 0.8        0.81666667 0.93333333 0.95      ]],1
cqr,sinex_con,0.933333333,3.912321165,0.618308647,6995.313993,0.089818716,10,500,student,"(200, 1000)",[[0.9        0.96666667 0.9        0.93333333 0.96666667]],1
cqr,sinex_con,0.923333333,3.774811064,0.69187041,7126.256723,0.085998297,1000,500,student,"(200, 1000)",[[0.88333333 0.9        0.95       0.93333333 0.95      ]],1
split,cube,0.853333333,0.037058441,0.996660511,6336.168059,13.73573685,0,1000,normal,"(200, 1000)",999,1
split,cube,0.93,0.737357404,0.914268693,2982.25069,7.740646601,0.2,1000,normal,"(200, 1000)",999,1
split,cube,0.91,1.702096079,0.799699629,1984.475861,5.030995607,0.5,1000,normal,"(200, 1000)",999,1
split,cube,0.94,3.691218117,0.602702384,1307.540401,4.060784101,1,1000,normal,"(200, 1000)",999,1
jackknife_plus,cube,0.976666667,0.050321777,0.995462393,6305.57017,54.6824317,0,1000,normal,"(200, 1000)",[[1.         1.         1.         0.98333333 0.9       ]],1
jackknife_plus,cube,0.936666667,0.709642008,0.917490674,3001.952444,30.59664774,0.2,1000,normal,"(200, 1000)",[[0.91666667 0.91666667 0.96666667 0.95       0.93333333]],1
jackknife_plus,cube,0.93,1.755668116,0.793394713,2045.843399,19.70819092,0.5,1000,normal,"(200, 1000)",[[0.9        0.96666667 0.98333333 0.91666667 0.88333333]],1
jackknife_plus,cube,0.906666667,3.270866606,0.647946988,1553.365163,20.11145329,1,1000,normal,"(200, 1000)",[[0.95       0.93333333 0.85       0.86666667 0.93333333]],1
jackknife_plus_ab,cube,0.89,0.027755261,0.997500385,6348.927258,214.626121,0,1000,normal,"(200, 1000)",[[1.   1.   1.   1.   0.45]],1
jackknife_plus_ab,cube,0.916666667,0.680881996,0.920835498,3043.517857,189.2256908,0.2,1000,normal,"(200, 1000)",[[0.95       0.91666667 0.9        0.9        0.91666667]],1
jackknife_plus_ab,cube,0.916666667,1.710387743,0.798723736,2092.974216,146.845438,0.5,1000,normal,"(200, 1000)",[[0.91666667 0.9        0.9        0.93333333 0.93333333]],1
jackknife_plus_ab,cube,0.903333333,3.223343524,0.653062058,1568.818169,119.1316645,1,1000,normal,"(200, 1000)",[[0.91666667 0.86666667 0.86666667 0.91666667 0.95      ]],1
cqr,cube,0.916666667,0.509691401,0.954099193,4788.968648,0.144885302,0,1000,normal,"(200, 1000)",[[0.98333333 0.93333333 0.93333333 0.95       0.78333333]],1
cqr,cube,0.893333333,0.744985833,0.913382539,2885.361266,0.170529127,0.2,1000,normal,"(200, 1000)",[[0.83333333 0.83333333 0.86666667 1.         0.93333333]],1
cqr,cube,0.946666667,1.977949977,0.767235937,1787.406527,0.188797951,0.5,1000,normal,"(200, 1000)",[[0.96666667 0.9        0.98333333 0.91666667 0.96666667]],1
cqr,cube,0.923333333,3.551919284,0.617696155,1445.917797,0.189290762,1,1000,normal,"(200, 1000)",[[0.91666667 0.88333333 0.93333333 0.95       0.93333333]],1
split,cube,0.85,4.008998411,0.683299187,2119.017647,7.500975609,4,1000,student,"(200, 1000)",999,1
split,cube,0.883333333,3.697813634,0.628056858,1253.061005,4.284669638,5,1000,student,"(200, 1000)",999,1
split,cube,0.85,3.394745578,0.73030332,2641.854543,5.865843773,10,1000,student,"(200, 1000)",999,1
split,cube,0.89,3.178480954,0.696671427,1885.339144,7.152061701,1000,1000,student,"(200, 1000)",999,1
jackknife_plus,cube,0.903333333,4.582859553,0.637967543,1759.576495,21.13548326,4,1000,student,"(200, 1000)",[[0.95       0.9        0.83333333 0.9        0.93333333]],1
jackknife_plus,cube,0.906666667,4.147609183,0.582814518,1017.048672,20.21517873,5,1000,student,"(200, 1000)",[[0.95       0.86666667 0.88333333 0.88333333 0.95      ]],1
jackknife_plus,cube,0.866666667,3.597908957,0.71416408,2489.510161,19.15505314,10,1000,student,"(200, 1000)",[[0.9        0.9        0.85       0.85       0.83333333]],1
jackknife_plus,cube,0.91,3.468701786,0.668975102,1650.624467,18.01124883,1000,1000,student,"(200, 1000)",[[0.88333333 0.95       0.85       0.91666667 0.95      ]],1
jackknife_plus_ab,cube,0.896666667,4.538348409,0.641483793,1704.391904,143.5108681,4,1000,student,"(200, 1000)",[[0.96666667 0.91666667 0.81666667 0.86666667 0.91666667]],1
jackknife_plus_ab,cube,0.903333333,4.058054059,0.5918224,1047.802198,121.7989979,5,1000,student,"(200, 1000)",[[0.9        0.9        0.93333333 0.88333333 0.9       ]],1
jackknife_plus_ab,cube,0.86,3.53086338,0.719490145,2544.004984,140.3479991,10,1000,student,"(200, 1000)",[[0.85       0.86666667 0.85       0.88333333 0.85      ]],1
jackknife_plus_ab,cube,0.906666667,3.435140555,0.672177951,1620.44602,165.0958498,1000,1000,student,"(200, 1000)",[[0.9        0.95       0.81666667 0.88333333 0.98333333]],1
cqr,cube,0.853333333,4.637574445,0.633643854,2054.108255,0.127967119,4,1000,student,"(200, 1000)",[[0.81666667 0.86666667 0.83333333 0.83333333 0.91666667]],1
cqr,cube,0.91,4.677396435,0.529526072,993.9644853,0.124738455,5,1000,student,"(200, 1000)",[[0.86666667 0.9        0.93333333 0.91666667 0.93333333]],1
cqr,cube,0.89,4.297630325,0.65857559,2116.435076,0.134974718,10,1000,student,"(200, 1000)",[[0.85       0.86666667 0.91666667 0.95       0.86666667]],1
cqr,cube,0.9,3.811260672,0.636284121,1414.670861,0.123776674,1000,1000,student,"(200, 1000)",[[0.88333333 0.86666667 0.9        0.91666667 0.93333333]],1
split,sinex_con,0.9,0.624259928,0.905895122,12650.1557,5.854544163,0,1000,normal,"(200, 1000)",999,1
split,sinex_con,0.943333333,0.985350605,0.863450448,11580.00281,6.314951658,0.2,1000,normal,"(200, 1000)",999,1
split,sinex_con,0.88,1.675486029,0.806748321,10153.64319,4.738147497,0.5,1000,normal,"(200, 1000)",999,1
split,sinex_con,0.863333333,3.122566411,0.733290759,8013.110904,4.860057116,1,1000,normal,"(200, 1000)",999,1
jackknife_plus,sinex_con,0.9,0.651614568,0.901771511,12539.66211,17.55458903,0,1000,normal,"(200, 1000)",[[0.96666667 0.75       0.9        1.         0.88333333]],1
jackknife_plus,sinex_con,0.936666667,0.91866422,0.872692163,11877.75037,15.29962564,0.2,1000,normal,"(200, 1000)",[[0.96666667 1.         0.95       0.95       0.81666667]],1
jackknife_plus,sinex_con,0.92,1.790620778,0.79346863,9945.685869,14.44268632,0.5,1000,normal,"(200, 1000)",[[0.91666667 0.96666667 0.95       0.93333333 0.83333333]],1
jackknife_plus,sinex_con,0.923333333,3.452960125,0.705071391,7658.241237,14.61619329,1,1000,normal,"(200, 1000)",[[0.88333333 1.         0.95       0.9        0.88333333]],1
jackknife_plus_ab,sinex_con,0.9,0.603087985,0.909086714,12689.32035,156.096941,0,1000,normal,"(200, 1000)",[[0.98333333 0.86666667 0.9        0.98333333 0.76666667]],1
jackknife_plus_ab,sinex_con,0.893333333,0.866841371,0.879874805,12016.19408,153.6152794,0.2,1000,normal,"(200, 1000)",[[0.98333333 0.93333333 0.81666667 0.86666667 0.86666667]],1
jackknife_plus_ab,sinex_con,0.906666667,1.710620645,0.802696165,10158.12868,139.6225398,0.5,1000,normal,"(200, 1000)",[[0.85       0.93333333 0.95       0.9        0.9       ]],1
jackknife_plus_ab,sinex_con,0.906666667,3.369902181,0.712165984,7765.817002,146.7282774,1,1000,normal,"(200, 1000)",[[0.88333333 0.88333333 0.93333333 0.91666667 0.91666667]],1
cqr,sinex_con,0.903333333,1.414838331,0.78671834,8610.870094,0.104999542,0,1000,normal,"(200, 1000)",[[0.8        0.96666667 0.88333333 0.91666667 0.95      ]],1
cqr,sinex_con,0.91,0.978509923,0.864399951,11144.08587,0.158999443,0.2,1000,normal,"(200, 1000)",[[0.83333333 0.88333333 0.93333333 0.96666667 0.93333333]],1
cqr,sinex_con,0.896666667,1.733341541,0.800075553,10074.31817,0.174707413,0.5,1000,normal,"(200, 1000)",[[0.9        0.9        0.88333333 0.83333333 0.96666667]],1
cqr,sinex_con,0.886666667,3.503838693,0.700725951,7851.182795,0.179208755,1,1000,normal,"(200, 1000)",[[0.86666667 0.83333333 0.86666667 0.96666667 0.9       ]],1
split,sinex_con,0.953333333,5.435009895,0.653881532,5039.6649,6.008141518,4,1000,student,"(200, 1000)",999,1
split,sinex_con,0.95,5.163120387,0.680478511,5450.573044,5.967530251,5,1000,student,"(200, 1000)",999,1
split,sinex_con,0.923333333,4.099491589,0.63899997,7022.017735,5.595974684,10,1000,student,"(200, 1000)",999,1
split,sinex_con,0.89,3.482782052,0.684452593,7279.247005,5.616737366,1000,1000,student,"(200, 1000)",999,1
jackknife_plus,sinex_con,0.91,4.595437858,0.707349613,6276.260925,12.26420975,4,1000,student,"(200, 1000)",[[0.93333333 0.93333333 0.9        0.91666667 0.86666667]],1
jackknife_plus,sinex_con,0.92,4.492097719,0.722006172,6500.486954,14.63178015,5,1000,student,"(200, 1000)",[[0.91666667 0.93333333 0.9        0.9        0.95      ]],1
jackknife_plus,sinex_con,0.883333333,3.658094083,0.677869427,7452.218785,14.57417226,10,1000,student,"(200, 1000)",[[0.85       0.93333333 0.93333333 0.83333333 0.86666667]],1
jackknife_plus,sinex_con,0.883333333,3.430143986,0.689221589,7280.840592,16.09474635,1000,1000,student,"(200, 1000)",[[0.88333333 0.9        0.88333333 0.91666667 0.83333333]],1
jackknife_plus_ab,sinex_con,0.906666667,4.353518301,0.722755765,6636.870826,152.4988384,4,1000,student,"(200, 1000)",[[0.86666667 0.88333333 0.9        0.95       0.93333333]],1
jackknife_plus_ab,sinex_con,0.92,4.379188944,0.728993531,6644.142396,140.2342863,5,1000,student,"(200, 1000)",[[0.95       0.9        0.95       0.93333333 0.86666667]],1
jackknife_plus_ab,sinex_con,0.88,3.601019498,0.682895309,7647.110958,145.5387316,10,1000,student,"(200, 1000)",[[0.8        0.9        0.91666667 0.9        0.88333333]],1
jackknife_plus_ab,sinex_con,0.883333333,3.358909141,0.695675613,7347.598349,132.2160356,1000,1000,student,"(200, 1000)",[[0.86666667 0.88333333 0.81666667 0.91666667 0.93333333]],1
cqr,sinex_con,0.883333333,4.835023046,0.692092038,6310.938369,0.193822622,4,1000,student,"(200, 1000)",[[0.71666667 0.91666667 0.91666667 0.88333333 0.98333333]],1
cqr,sinex_con,0.916666667,4.789099806,0.703626287,6212.000932,0.196784258,5,1000,student,"(200, 1000)",[[0.88333333 0.9        0.9        0.9        1.        ]],1
cqr,sinex_con,0.893333333,4.123053149,0.636925468,6873.623887,0.184999228,10,1000,student,"(200, 1000)",[[0.8        0.9        0.88333333 0.9        0.98333333]],1
cqr,sinex_con,0.906666667,3.787580441,0.656837261,6834.17981,0.188765526,1000,1000,student,"(200, 1000)",[[0.88333333 0.81666667 0.95       0.91666667 0.96666667]],1
split,nmm,0.983333333,8.297803585,0.317972447,6857.813724,3.164573193,0,100,normal,"(200, 1000)",999,1
split,nmm,0.94,3.361834334,0.731289002,15724.88865,4.444390059,0.2,100,normal,"(200, 1000)",999,1
split,nmm,0.993333333,8.514223262,0.367975406,6932.677734,3.319792509,0.5,100,normal,"(200, 1000)",999,1
split,nmm,0.93,4.440558463,0.727058748,14499.21093,4.448182344,1,100,normal,"(200, 1000)",999,1
jackknife_plus,nmm,0.956666667,5.620365098,0.538040911,11195.15586,10.40078425,0,100,normal,"(200, 1000)",[[1.         1.         1.         0.9        0.88333333]],1
jackknife_plus,nmm,0.953333333,5.132259575,0.589779243,12100.43895,12.57060981,0.2,100,normal,"(200, 1000)",[[1.         1.         1.         0.91666667 0.85      ]],1
jackknife_plus,nmm,0.926666667,3.757053112,0.721108759,14976.4414,13.31963539,0.5,100,normal,"(200, 1000)",[[1.         0.9        0.95       0.98333333 0.8       ]],1
jackknife_plus,nmm,0.893333333,4.278783263,0.737002944,14448.99362,13.31250763,1,100,normal,"(200, 1000)",[[0.85       0.91666667 0.93333333 0.91666667 0.85      ]],1
jackknife_plus_ab,nmm,0.93,5.081649272,0.582321043,11474.76968,83.12940741,0,100,normal,"(200, 1000)",[[1.   1.   1.   1.   0.65]],1
jackknife_plus_ab,nmm,0.92,3.85284528,0.692043623,14099.57953,98.34711409,0.2,100,normal,"(200, 1000)",[[1.         0.98333333 1.         0.93333333 0.68333333]],1
jackknife_plus_ab,nmm,0.883333333,4.547257599,0.662451226,12725.83381,93.90560985,0.5,100,normal,"(200, 1000)",[[0.85       0.93333333 0.91666667 1.         0.71666667]],1
jackknife_plus_ab,nmm,0.906666667,6.199883208,0.618921818,9493.361897,81.23553085,1,100,normal,"(200, 1000)",[[0.98333333 0.98333333 0.93333333 0.96666667 0.66666667]],1
cqr,nmm,0.903333333,3.449198129,0.716498398,12968.9315,0.043346643,0,100,normal,"(200, 1000)",[[0.95       0.83333333 0.96666667 0.93333333 0.83333333]],1
cqr,nmm,0.886666667,3.914763637,0.687094673,12037.674,0.04098177,0.2,100,normal,"(200, 1000)",[[0.93333333 0.85       0.91666667 0.85       0.88333333]],1
cqr,nmm,0.893333333,4.100685038,0.695601016,12681.86545,0.039000034,0.5,100,normal,"(200, 1000)",[[0.73333333 0.93333333 0.88333333 0.98333333 0.93333333]],1
cqr,nmm,0.876666667,5.690305198,0.650242895,10901.79723,0.042511702,1,100,normal,"(200, 1000)",[[0.68333333 0.91666667 0.95       0.91666667 0.91666667]],1
split,nmm,0.963333333,9.244132056,0.47628481,7092.478955,1.576169491,4,100,student,"(200, 1000)",999,1
split,nmm,0.913333333,9.819484699,0.462316273,4118.982209,2.849848032,5,100,student,"(200, 1000)",999,1
split,nmm,0.98,12.82451119,0.295040056,2189.975679,2.876079559,10,100,student,"(200, 1000)",999,1
split,nmm,0.973333333,14.92387011,0.050916835,937.8328538,1.081584215,1000,100,student,"(200, 1000)",999,1
jackknife_plus,nmm,0.986666667,10.44644038,0.40816857,5615.770149,6.249798775,4,100,student,"(200, 1000)",[[1.         0.96666667 0.96666667 1.         1.        ]],1
jackknife_plus,nmm,0.946666667,8.658156371,0.525905843,7158.939471,10.42131519,5,100,student,"(200, 1000)",[[0.95       0.95       0.95       0.9        0.98333333]],1
jackknife_plus,nmm,0.96,8.35723943,0.540604072,7084.757927,10.1846385,10,100,student,"(200, 1000)",[[0.98333333 1.         0.93333333 0.96666667 0.91666667]],1
jackknife_plus,nmm,0.97,9.053916049,0.424214512,3911.621584,6.695766211,1000,100,student,"(200, 1000)",[[1.         0.98333333 0.98333333 1.         0.88333333]],1
jackknife_plus_ab,nmm,0.943333333,8.424213923,0.522737046,7023.846076,60.01186943,4,100,student,"(200, 1000)",[[0.98333333 1.         0.81666667 0.93333333 0.98333333]],1
jackknife_plus_ab,nmm,0.936666667,8.842138704,0.515832009,5806.474604,67.1384244,5,100,student,"(200, 1000)",[[1.         0.98333333 0.95       0.96666667 0.78333333]],1
jackknife_plus_ab,nmm,0.946666667,7.682567478,0.577691197,7573.276413,78.09400344,10,100,student,"(200, 1000)",[[0.98333333 1.         0.95       0.96666667 0.83333333]],1
jackknife_plus_ab,nmm,0.863333333,7.013699528,0.553963329,6948.468831,68.78835368,1000,100,student,"(200, 1000)",[[0.98333333 0.96666667 0.95       0.78333333 0.63333333]],1
cqr,nmm,0.896666667,6.948196377,0.606359715,11765.17769,0.046002388,4,100,student,"(200, 1000)",[[0.63333333 0.91666667 0.95       0.98333333 1.        ]],1
cqr,nmm,0.89,5.72311713,0.686620302,12076.49075,0.054000616,5,100,student,"(200, 1000)",[[0.76666667 0.88333333 0.9        0.96666667 0.93333333]],1
cqr,nmm,0.896666667,5.72048205,0.685547469,11061.69982,0.042001486,10,100,student,"(200, 1000)",[[0.78333333 0.9        0.91666667 0.93333333 0.95      ]],1
cqr,nmm,0.92,5.970932127,0.620278575,10072.89123,0.044129133,1000,100,student,"(200, 1000)",[[0.8        0.86666667 0.96666667 0.98333333 0.98333333]],1
split,sinex_het,0.846666667,5.813747269,0.591467038,3381.437036,0.424010277,0,100,normal,"(200, 1000)",999,1
split,sinex_het,0.996666667,13.75890543,0.045969554,122.4072596,1.719177485,0.2,100,normal,"(200, 1000)",999,1
split,sinex_het,0.903333333,8.400481471,0.384138097,987.5662288,1.505189419,0.5,100,normal,"(200, 1000)",999,1
split,sinex_het,0.983333333,10.28399617,0.290275123,2201.044459,2.80157876,1,100,normal,"(200, 1000)",999,1
jackknife_plus,sinex_het,0.903333333,5.943524055,0.582349316,4578.740649,6.278398037,0,100,normal,"(200, 1000)",[[1.         0.95       0.9        0.9        0.76666667]],1
jackknife_plus,sinex_het,0.966666667,8.17268134,0.433311767,1632.810894,5.320585966,0.2,100,normal,"(200, 1000)",[[0.96666667 0.98333333 0.96666667 1.         0.91666667]],1
jackknife_plus,sinex_het,0.893333333,5.281042203,0.61283256,5333.990511,6.186199903,0.5,100,normal,"(200, 1000)",[[0.88333333 0.91666667 0.93333333 0.81666667 0.91666667]],1
jackknife_plus,sinex_het,0.96,9.080986917,0.373298304,1322.988031,4.597385168,1,100,normal,"(200, 1000)",[[0.91666667 0.98333333 0.98333333 0.98333333 0.93333333]],1
jackknife_plus_ab,sinex_het,0.88,5.832419011,0.590156423,4225.455265,44.95933175,0,100,normal,"(200, 1000)",[[0.83333333 0.86666667 0.9        0.91666667 0.88333333]],1
jackknife_plus_ab,sinex_het,0.866666667,5.113166568,0.645456953,5247.704971,49.11394644,0.2,100,normal,"(200, 1000)",[[0.88333333 0.9        0.88333333 0.8        0.86666667]],1
jackknife_plus_ab,sinex_het,0.86,4.679925832,0.656900994,5676.959381,57.02144456,0.5,100,normal,"(200, 1000)",[[0.86666667 0.75       0.85       0.86666667 0.96666667]],1
jackknife_plus_ab,sinex_het,0.906666667,6.473141014,0.553273228,4004.802941,38.52724743,1,100,normal,"(200, 1000)",[[0.96666667 0.91666667 0.9        0.86666667 0.88333333]],1
cqr,sinex_het,0.883333333,5.471407651,0.615524711,4688.633365,0.045999289,0,100,normal,"(200, 1000)",[[0.98333333 0.9        0.95       0.73333333 0.85      ]],1
cqr,sinex_het,0.92,6.03222255,0.58173093,4506.737139,0.044001341,0.2,100,normal,"(200, 1000)",[[1.   0.85 0.9  0.9  0.95]],1
cqr,sinex_het,0.906666667,5.900266236,0.567435582,3738.870874,0.043999672,0.5,100,normal,"(200, 1000)",[[0.96666667 0.91666667 0.91666667 0.83333333 0.9       ]],1
cqr,sinex_het,0.89,7.140462985,0.507219737,3649.262645,0.042999506,1,100,normal,"(200, 1000)",[[0.85       0.78333333 0.96666667 0.86666667 0.98333333]],1
split,sinex_het,0.876666667,6.293221733,0.644765856,5916.877629,2.278256178,4,100,student,"(200, 1000)",999,1
split,sinex_het,0.996666667,14.59832943,0.28369427,577.8446228,3.302734375,5,100,student,"(200, 1000)",999,1
split,sinex_het,0.813333333,4.769543106,0.684158202,7258.560009,2.648144245,10,100,student,"(200, 1000)",999,1
split,sinex_het,0.71,3.634062397,0.751099209,9077.424741,3.332406998,1000,100,student,"(200, 1000)",999,1
jackknife_plus,sinex_het,0.963333333,9.079021538,0.487514075,1763.572134,5.258051872,4,100,student,"(200, 1000)",[[0.98333333 0.98333333 0.98333333 0.95       0.91666667]],1
jackknife_plus,sinex_het,0.946666667,8.644946356,0.575813107,1569.74955,5.253895998,5,100,student,"(200, 1000)",[[0.91666667 0.98333333 0.95       0.98333333 0.9       ]],1
jackknife_plus,sinex_het,0.92,8.253394291,0.453464349,1571.817036,4.503038168,10,100,student,"(200, 1000)",[[0.95       0.98333333 0.96666667 0.85       0.85      ]],1
jackknife_plus,sinex_het,0.923333333,7.598353985,0.479637103,2464.909408,5.332422733,1000,100,student,"(200, 1000)",[[0.91666667 0.93333333 1.         0.95       0.81666667]],1
jackknife_plus_ab,sinex_het,0.876666667,6.545632705,0.63051801,4069.526903,42.83553243,4,100,student,"(200, 1000)",[[0.88333333 0.85       0.91666667 0.9        0.83333333]],1
jackknife_plus_ab,sinex_het,0.886666667,6.699489976,0.671272863,3453.403472,43.70973325,5,100,student,"(200, 1000)",[[0.8        0.9        0.91666667 0.95       0.86666667]],1
jackknife_plus_ab,sinex_het,0.893333333,6.391671065,0.576746847,4014.134575,45.77272654,10,100,student,"(200, 1000)",[[0.85       0.9        0.91666667 0.93333333 0.86666667]],1
jackknife_plus_ab,sinex_het,0.916666667,6.523553768,0.553243399,3960.630733,48.95502591,1000,100,student,"(200, 1000)",[[0.91666667 0.83333333 0.93333333 0.95       0.95      ]],1
cqr,sinex_het,0.88,6.627389755,0.625903159,4146.698236,0.042996645,4,100,student,"(200, 1000)",[[0.86666667 0.85       0.93333333 0.88333333 0.86666667]],1
cqr,sinex_het,0.85,7.109694978,0.651143633,4287.207105,0.044968128,5,100,student,"(200, 1000)",[[0.85       0.9        0.85       0.78333333 0.86666667]],1
cqr,sinex_het,0.913333333,7.253143376,0.519700532,3165.07077,0.044971943,10,100,student,"(200, 1000)",[[0.86666667 0.93333333 0.95       0.86666667 0.95      ]],1
cqr,sinex_het,0.883333333,6.596944343,0.548217349,4181.253817,0.043999434,1000,100,student,"(200, 1000)",[[0.68333333 0.9        0.95       0.91666667 0.96666667]],1
split,nmm,0.936666667,1.610287929,0.867643666,19342.85241,10.424927,0,300,normal,"(200, 1000)",999,1
split,nmm,0.94,1.9117361,0.847161389,18891.87179,10.20530915,0.2,300,normal,"(200, 1000)",999,1
split,nmm,0.92,7.374728785,0.482371215,7837.54771,6.442453861,0.5,300,normal,"(200, 1000)",999,1
split,nmm,0.87,3.534302058,0.778586713,15824.17616,9.989138603,1,300,normal,"(200, 1000)",999,1
jackknife_plus,nmm,0.92,2.43816994,0.79959801,17644.79987,29.12077522,0,300,normal,"(200, 1000)",[[1.         0.83333333 0.91666667 0.93333333 0.91666667]],1
jackknife_plus,nmm,0.91,2.899675241,0.768180058,16601.32052,27.67667246,0.2,300,normal,"(200, 1000)",[[0.8        1.         0.98333333 0.91666667 0.85      ]],1
jackknife_plus,nmm,0.926666667,3.920201667,0.724842454,14996.54207,26.94239759,0.5,300,normal,"(200, 1000)",[[0.91666667 0.93333333 0.98333333 0.9        0.9       ]],1
jackknife_plus,nmm,0.913333333,5.386669804,0.662542451,12617.60587,25.75613856,1,300,normal,"(200, 1000)",[[1.         0.95       0.9        0.83333333 0.88333333]],1
jackknife_plus_ab,nmm,0.916666667,1.841446533,0.848644867,18554.93291,233.8232818,0,300,normal,"(200, 1000)",[[0.76666667 0.95       1.         1.         0.86666667]],1
jackknife_plus_ab,nmm,0.89,2.008255032,0.839446278,18236.49863,230.8741834,0.2,300,normal,"(200, 1000)",[[1.         0.73333333 0.95       0.93333333 0.83333333]],1
jackknife_plus_ab,nmm,0.896666667,2.404336878,0.831240766,17807.54792,233.8347137,0.5,300,normal,"(200, 1000)",[[0.8        0.85       0.95       0.93333333 0.95      ]],1
jackknife_plus_ab,nmm,0.89,3.818801906,0.760764343,15163.64608,214.1442416,1,300,normal,"(200, 1000)",[[0.91666667 0.9        0.85       0.93333333 0.85      ]],1
cqr,nmm,0.903333333,1.424324501,0.882929804,18115.39267,0.069972754,0,300,normal,"(200, 1000)",[[0.9        0.83333333 0.9        0.96666667 0.91666667]],1
cqr,nmm,0.923333333,1.719342596,0.862543527,17676.07825,0.073613644,0.2,300,normal,"(200, 1000)",[[0.86666667 0.93333333 0.9        0.95       0.96666667]],1
cqr,nmm,0.9,2.276824624,0.840190798,17429.4252,0.056970596,0.5,300,normal,"(200, 1000)",[[0.76666667 0.93333333 0.91666667 0.93333333 0.95      ]],1
cqr,nmm,0.89,3.669262043,0.77013253,15626.29084,0.069968462,1,300,normal,"(200, 1000)",[[0.76666667 0.88333333 0.9        0.9        1.        ]],1
split,nmm,0.926666667,6.750381818,0.649354973,10589.06682,3.588083029,4,300,student,"(200, 1000)",999,1
split,nmm,0.956666667,5.532187991,0.727415298,13190.02407,10.41426849,5,300,student,"(200, 1000)",999,1
split,nmm,0.856666667,3.656203572,0.796388366,16031.43086,9.066417456,10,300,student,"(200, 1000)",999,1
split,nmm,0.963333333,10.9024653,0.343014111,3676.917483,5.854025602,1000,300,student,"(200, 1000)",999,1
jackknife_plus,nmm,0.916666667,6.811247832,0.646193606,10354.88928,16.44453835,4,300,student,"(200, 1000)",[[0.93333333 0.9        1.         0.88333333 0.86666667]],1
jackknife_plus,nmm,0.92,6.576758322,0.675949219,11029.45329,20.93094206,5,300,student,"(200, 1000)",[[0.93333333 0.91666667 0.96666667 0.88333333 0.9       ]],1
jackknife_plus,nmm,0.91,6.156964526,0.657125043,11087.15389,20.67323875,10,300,student,"(200, 1000)",[[0.96666667 0.93333333 0.91666667 0.88333333 0.85      ]],1
jackknife_plus,nmm,0.896666667,6.590310895,0.602866678,10590.35579,19.17573118,1000,300,student,"(200, 1000)",[[0.96666667 0.93333333 0.96666667 0.81666667 0.8       ]],1
jackknife_plus_ab,nmm,0.9,5.343484564,0.722435875,12451.61777,199.1741681,4,300,student,"(200, 1000)",[[0.91666667 0.88333333 0.86666667 0.96666667 0.86666667]],1
jackknife_plus_ab,nmm,0.906666667,4.899582944,0.758587362,13430.91762,207.4020827,5,300,student,"(200, 1000)",[[0.88333333 0.93333333 0.91666667 0.93333333 0.86666667]],1
jackknife_plus_ab,nmm,0.883333333,4.282853381,0.76149218,14220.60697,211.2124031,10,300,student,"(200, 1000)",[[0.93333333 0.93333333 0.86666667 0.83333333 0.85      ]],1
jackknife_plus_ab,nmm,0.913333333,4.119351813,0.751766988,14583.04568,222.6174564,1000,300,student,"(200, 1000)",[[0.91666667 0.96666667 0.88333333 0.9        0.9       ]],1
cqr,nmm,0.9,5.190695664,0.730372403,14179.87081,0.063782692,4,300,student,"(200, 1000)",[[0.78333333 0.91666667 0.88333333 0.93333333 0.98333333]],1
cqr,nmm,0.89,4.694404722,0.768696875,15528.98493,0.05800128,5,300,student,"(200, 1000)",[[0.81666667 0.83333333 0.98333333 0.88333333 0.93333333]],1
cqr,nmm,0.926666667,3.990871078,0.777752026,15681.21915,0.059002638,10,300,student,"(200, 1000)",[[0.95       0.91666667 0.88333333 0.91666667 0.96666667]],1
cqr,nmm,0.93,3.78304843,0.772032129,15574.03428,0.072973013,1000,300,student,"(200, 1000)",[[0.83333333 0.95       0.88333333 0.98333333 1.        ]],1
split,sinex_het,0.96,6.887655284,0.457192564,3262.630214,4.280631065,0,300,normal,"(200, 1000)",999,1
split,sinex_het,0.76,3.058703043,0.774560656,8682.325849,3.334931612,0.2,300,normal,"(200, 1000)",999,1
split,sinex_het,0.886666667,4.919011185,0.60528284,5844.082942,3.887939692,0.5,300,normal,"(200, 1000)",999,1
split,sinex_het,0.9,6.397752966,0.554601089,3863.706255,2.443819046,1,300,normal,"(200, 1000)",999,1
jackknife_plus,sinex_het,0.906666667,4.780116523,0.623286153,5420.54729,11.8445785,0,300,normal,"(200, 1000)",[[1.         0.96666667 0.85       0.9        0.81666667]],1
jackknife_plus,sinex_het,0.93,5.731631574,0.577582452,4540.116123,11.45624948,0.2,300,normal,"(200, 1000)",[[0.98333333 0.91666667 0.96666667 0.96666667 0.81666667]],1
jackknife_plus,sinex_het,0.956666667,6.196920323,0.502737853,4106.245236,10.46965003,0.5,300,normal,"(200, 1000)",[[0.9        1.         0.96666667 0.95       0.96666667]],1
jackknife_plus,sinex_het,0.896666667,6.483970718,0.548598773,3659.767476,8.460617065,1,300,normal,"(200, 1000)",[[0.91666667 0.96666667 0.93333333 0.8        0.86666667]],1
jackknife_plus_ab,sinex_het,0.883333333,4.293216835,0.661657832,6132.76216,92.15060449,0,300,normal,"(200, 1000)",[[0.91666667 0.91666667 0.9        0.76666667 0.91666667]],1
jackknife_plus_ab,sinex_het,0.906666667,4.95361427,0.634922247,5993.649117,89.92492914,0.2,300,normal,"(200, 1000)",[[0.96666667 0.93333333 0.91666667 0.86666667 0.85      ]],1
jackknife_plus_ab,sinex_het,0.936666667,5.330110036,0.572294303,5249.730369,89.90966272,0.5,300,normal,"(200, 1000)",[[0.96666667 0.93333333 0.91666667 0.93333333 0.93333333]],1
jackknife_plus_ab,sinex_het,0.883333333,5.836786043,0.593654332,4446.208922,71.91730571,1,300,normal,"(200, 1000)",[[0.86666667 0.91666667 0.85       0.9        0.88333333]],1
cqr,sinex_het,0.886666667,4.295799977,0.661454325,5729.87471,0.063792944,0,300,normal,"(200, 1000)",[[0.98333333 0.88333333 0.86666667 0.83333333 0.86666667]],1
cqr,sinex_het,0.886666667,4.315014956,0.681986453,6604.311302,0.080623388,0.2,300,normal,"(200, 1000)",[[0.98333333 0.88333333 0.88333333 0.83333333 0.85      ]],1
cqr,sinex_het,0.89,4.709565596,0.622089463,5898.111397,0.062722445,0.5,300,normal,"(200, 1000)",[[0.9        0.88333333 0.83333333 0.88333333 0.95      ]],1
cqr,sinex_het,0.863333333,5.500143906,0.617090027,5279.943064,0.066996574,1,300,normal,"(200, 1000)",[[0.86666667 0.75       0.86666667 0.9        0.93333333]],1
split,sinex_het,0.97,7.992252536,0.59514901,3796.640301,2.115979671,4,300,student,"(200, 1000)",999,1
split,sinex_het,0.92,6.978867682,0.585249963,4649.728209,3.403650284,5,300,student,"(200, 1000)",999,1
split,sinex_het,0.88,5.68749247,0.654469897,4953.343156,3.352786779,10,300,student,"(200, 1000)",999,1
split,sinex_het,0.903333333,5.834375932,0.626370607,5065.977325,3.853722811,1000,300,student,"(200, 1000)",999,1
jackknife_plus,sinex_het,0.916666667,7.1359468,0.638527972,3678.226755,6.583799839,4,300,student,"(200, 1000)",[[0.95       0.95       0.88333333 0.88333333 0.91666667]],1
jackknife_plus,sinex_het,0.96,8.503157356,0.494660821,1435.542218,8.25432682,5,300,student,"(200, 1000)",[[1.         0.98333333 1.         0.95       0.86666667]],1
jackknife_plus,sinex_het,0.906666667,6.335207875,0.61511975,4281.32189,10.35268855,10,300,student,"(200, 1000)",[[0.96666667 0.88333333 0.86666667 0.93333333 0.88333333]],1
jackknife_plus,sinex_het,0.883333333,6.729514051,0.569046432,3168.107684,7.332154989,1000,300,student,"(200, 1000)",[[0.95       0.96666667 0.91666667 0.85       0.73333333]],1
jackknife_plus_ab,sinex_het,0.9,6.391524634,0.676236903,4964.741131,82.53244805,4,300,student,"(200, 1000)",[[0.86666667 0.93333333 0.9        0.88333333 0.91666667]],1
jackknife_plus_ab,sinex_het,0.873333333,5.904442592,0.649102156,5067.328362,84.69825435,5,300,student,"(200, 1000)",[[0.83333333 0.9        0.93333333 0.85       0.85      ]],1
jackknife_plus_ab,sinex_het,0.886666667,5.704726944,0.653423004,5198.306778,87.3577888,10,300,student,"(200, 1000)",[[0.93333333 0.91666667 0.88333333 0.86666667 0.83333333]],1
jackknife_plus_ab,sinex_het,0.876666667,5.752857333,0.631590665,4890.539242,76.45033884,1000,300,student,"(200, 1000)",[[0.95       0.98333333 0.85       0.88333333 0.71666667]],1
cqr,sinex_het,0.94,6.998212464,0.645504058,4570.488123,0.095855951,4,300,student,"(200, 1000)",[[1.         0.88333333 0.88333333 1.         0.93333333]],1
cqr,sinex_het,0.896666667,6.359273539,0.622072288,4831.903146,0.094001055,5,300,student,"(200, 1000)",[[0.9        0.93333333 0.9        0.9        0.85      ]],1
cqr,sinex_het,0.896666667,6.114029098,0.628556952,4517.507126,0.087795496,10,300,student,"(200, 1000)",[[0.91666667 0.93333333 0.9        0.83333333 0.9       ]],1
cqr,sinex_het,0.923333333,5.954744418,0.618661963,4298.384428,0.089969873,1000,300,student,"(200, 1000)",[[0.98333333 0.9        0.93333333 0.9        0.9       ]],1
split,nmm,0.93,1.652193218,0.864199714,19461.05688,13.68048954,0,500,normal,"(200, 1000)",999,1
split,nmm,0.89,2.146273764,0.832569042,17894.39022,14.87766242,0.2,500,normal,"(200, 1000)",999,1
split,nmm,0.95,3.020154328,0.784695451,16792.56865,15.15513444,0.5,500,normal,"(200, 1000)",999,1
split,nmm,0.85,3.956487923,0.769387227,15019.53239,12.47453427,1,500,normal,"(200, 1000)",999,1
jackknife_plus,nmm,0.903333333,1.113886027,0.908445822,20618.12811,33.79450369,0,500,normal,"(200, 1000)",[[1.         0.91666667 0.9        0.73333333 0.96666667]],1
jackknife_plus,nmm,0.9,1.378087252,0.892495376,20092.92488,35.73225236,0.2,500,normal,"(200, 1000)",[[0.91666667 0.81666667 0.81666667 0.95       1.        ]],1
jackknife_plus,nmm,0.926666667,2.301084549,0.835958299,18341.31281,35.33974743,0.5,500,normal,"(200, 1000)",[[0.96666667 0.86666667 0.93333333 0.91666667 0.95      ]],1
jackknife_plus,nmm,0.906666667,3.956027663,0.769415944,15476.84552,31.84108496,1,500,normal,"(200, 1000)",[[0.96666667 0.91666667 0.86666667 0.88333333 0.9       ]],1
jackknife_plus_ab,nmm,0.896666667,0.925200664,0.923954528,21053.48787,347.4173193,0,500,normal,"(200, 1000)",[[0.6        1.         0.88333333 1.         1.        ]],1
jackknife_plus_ab,nmm,0.896666667,1.280056958,0.900142712,20308.49089,356.7464254,0.2,500,normal,"(200, 1000)",[[0.98333333 0.68333333 0.95       0.95       0.91666667]],1
jackknife_plus_ab,nmm,0.916666667,2.163432806,0.845771659,18658.60473,336.1290283,0.5,500,normal,"(200, 1000)",[[0.96666667 0.8        0.98333333 0.91666667 0.91666667]],1
jackknife_plus_ab,nmm,0.9,3.771059812,0.780197154,15797.23633,320.6489656,1,500,normal,"(200, 1000)",[[0.91666667 0.96666667 0.88333333 0.85       0.88333333]],1
cqr,nmm,0.903333333,1.647056709,0.864622669,17074.85523,0.093812704,0,500,normal,"(200, 1000)",[[0.81666667 0.88333333 0.95       0.93333333 0.93333333]],1
cqr,nmm,0.936666667,1.4001659,0.890771823,19025.31886,0.094998837,0.2,500,normal,"(200, 1000)",[[0.85       0.98333333 0.93333333 0.96666667 0.95      ]],1
cqr,nmm,0.853333333,2.071488492,0.85232462,18262.97341,0.107001781,0.5,500,normal,"(200, 1000)",[[0.68333333 0.88333333 0.85       0.91666667 0.93333333]],1
cqr,nmm,0.873333333,3.594314981,0.790498475,16413.07943,0.107003212,1,500,normal,"(200, 1000)",[[0.75       0.83333333 0.91666667 0.93333333 0.93333333]],1
split,nmm,0.9,5.385339773,0.731241454,12941.78989,11.15029168,4,500,student,"(200, 1000)",999,1
split,nmm,0.88,5.838740401,0.719243212,11875.92346,10.03081489,5,500,student,"(200, 1000)",999,1
split,nmm,0.89,4.109527412,0.737067427,15530.4605,14.39819145,10,500,student,"(200, 1000)",999,1
split,nmm,0.92,4.686185598,0.713683783,14704.22766,13.19539428,1000,500,student,"(200, 1000)",999,1
jackknife_plus,nmm,0.946666667,7.418086324,0.629794671,8083.75745,21.4587574,4,500,student,"(200, 1000)",[[0.95       1.         0.95       0.96666667 0.86666667]],1
jackknife_plus,nmm,0.9,4.644746061,0.776656854,14835.47173,34.66910553,5,500,student,"(200, 1000)",[[0.88333333 0.86666667 0.9        0.93333333 0.91666667]],1
jackknife_plus,nmm,0.98,8.620361526,0.448456047,5965.224618,19.37109661,10,500,student,"(200, 1000)",[[1.         1.         0.98333333 0.98333333 0.93333333]],1
jackknife_plus,nmm,0.863333333,3.409853461,0.791664172,16647.32441,34.11313605,1000,500,student,"(200, 1000)",[[0.86666667 0.78333333 0.88333333 0.88333333 0.9       ]],1
jackknife_plus_ab,nmm,0.896666667,4.700393657,0.765424084,14486.03893,300.2911599,4,500,student,"(200, 1000)",[[0.85       0.93333333 0.85       0.91666667 0.93333333]],1
jackknife_plus_ab,nmm,0.893333333,4.458163864,0.785628645,15120.14101,310.4367268,5,500,student,"(200, 1000)",[[0.88333333 0.88333333 0.93333333 0.81666667 0.95      ]],1
jackknife_plus_ab,nmm,0.883333333,3.690704729,0.763864067,16276.80583,312.9797244,10,500,student,"(200, 1000)",[[0.91666667 0.8        0.86666667 0.9        0.93333333]],1
jackknife_plus_ab,nmm,0.853333333,3.354121291,0.795068621,16672.93882,314.1396987,1000,500,student,"(200, 1000)",[[0.91666667 0.76666667 0.83333333 0.88333333 0.86666667]],1
cqr,nmm,0.923333333,4.832695532,0.758821076,14832.64134,0.115664244,4,500,student,"(200, 1000)",[[0.83333333 0.95       0.93333333 0.93333333 0.96666667]],1
cqr,nmm,0.88,4.489607574,0.784116392,15372.86416,0.121753693,5,500,student,"(200, 1000)",[[0.76666667 0.88333333 0.83333333 0.93333333 0.98333333]],1
cqr,nmm,0.926666667,4.448066863,0.715406831,15366.27099,0.10751462,10,500,student,"(200, 1000)",[[0.81666667 0.93333333 0.98333333 0.95       0.95      ]],1
cqr,nmm,0.943333333,4.053849169,0.752317061,15609.6182,0.110511541,1000,500,student,"(200, 1000)",[[0.91666667 0.91666667 0.91666667 0.98333333 0.98333333]],1
split,sinex_het,0.913333333,6.47560364,0.576952166,3266.410328,3.676243067,0,500,normal,"(200, 1000)",999,1
split,sinex_het,0.893333333,6.484136125,0.57667747,4015.341626,3.687409878,0.2,500,normal,"(200, 1000)",999,1
split,sinex_het,0.933333333,6.590198467,0.523189873,3188.587591,4.063828945,0.5,500,normal,"(200, 1000)",999,1
split,sinex_het,0.903333333,6.556939638,0.532988275,3535.439769,4.424477816,1,500,normal,"(200, 1000)",999,1
jackknife_plus,sinex_het,0.906666667,4.912778459,0.679050774,6151.215455,11.31431079,0,500,normal,"(200, 1000)",[[0.83333333 0.88333333 0.88333333 0.93333333 1.        ]],1
jackknife_plus,sinex_het,0.85,4.621300076,0.698292633,6650.209592,10.9334805,0.2,500,normal,"(200, 1000)",[[0.93333333 0.85       0.8        0.78333333 0.88333333]],1
jackknife_plus,sinex_het,0.883333333,5.2148841,0.622696088,5635.714104,12.05415988,0.5,500,normal,"(200, 1000)",[[0.93333333 0.91666667 0.88333333 0.86666667 0.81666667]],1
jackknife_plus,sinex_het,0.896666667,6.523506827,0.535369495,3725.73427,11.2910583,1,500,normal,"(200, 1000)",[[0.93333333 0.95       0.85       0.93333333 0.81666667]],1
jackknife_plus_ab,sinex_het,0.896666667,4.702386709,0.692795577,6326.879625,108.195632,0,500,normal,"(200, 1000)",[[0.85       0.96666667 0.9        0.88333333 0.88333333]],1
jackknife_plus_ab,sinex_het,0.84,4.483645297,0.707278745,6806.544688,112.1983824,0.2,500,normal,"(200, 1000)",[[0.9        0.8        0.85       0.93333333 0.71666667]],1
jackknife_plus_ab,sinex_het,0.88,4.987742991,0.639129964,5834.221623,114.2757864,0.5,500,normal,"(200, 1000)",[[0.93333333 0.95       0.91666667 0.91666667 0.68333333]],1
jackknife_plus_ab,sinex_het,0.866666667,6.063517526,0.568131165,4375.506113,101.7945049,1,500,normal,"(200, 1000)",[[0.83333333 0.91666667 0.86666667 0.95       0.76666667]],1
cqr,sinex_het,0.93,4.315113023,0.718095322,6644.123697,0.083770752,0,500,normal,"(200, 1000)",[[0.98333333 0.95       0.91666667 0.86666667 0.93333333]],1
cqr,sinex_het,0.876666667,4.458391726,0.708929607,6276.311833,0.083966255,0.2,500,normal,"(200, 1000)",[[1.         0.88333333 0.88333333 0.75       0.86666667]],1
cqr,sinex_het,0.923333333,5.139722671,0.628133948,5379.453759,0.083191395,0.5,500,normal,"(200, 1000)",[[0.98333333 0.95       0.88333333 0.93333333 0.86666667]],1
cqr,sinex_het,0.846666667,5.651719924,0.597459985,5134.273468,0.084827423,1,500,normal,"(200, 1000)",[[0.9        0.8        0.85       0.81666667 0.86666667]],1
split,sinex_het,0.913333333,7.327975962,0.603169224,3864.402652,5.36315155,4,500,student,"(200, 1000)",999,1
split,sinex_het,0.93,7.183897851,0.526907413,3456.079628,3.967707634,5,500,student,"(200, 1000)",999,1
split,sinex_het,0.763333333,4.064464162,0.76377918,7807.49343,4.821321487,10,500,student,"(200, 1000)",999,1
split,sinex_het,0.91,6.642244624,0.570432103,4348.356459,4.574916363,1000,500,student,"(200, 1000)",999,1
jackknife_plus,sinex_het,0.886666667,6.260050967,0.661000379,5131.088133,13.75204253,4,500,student,"(200, 1000)",[[0.88333333 0.91666667 0.96666667 0.83333333 0.83333333]],1
jackknife_plus,sinex_het,0.926666667,6.38948361,0.57922324,4399.835161,11.99739242,5,500,student,"(200, 1000)",[[1.         0.95       0.86666667 0.88333333 0.93333333]],1
jackknife_plus,sinex_het,0.936666667,6.11207113,0.64479579,5002.240084,10.57945538,10,500,student,"(200, 1000)",[[0.93333333 0.95       0.96666667 0.91666667 0.91666667]],1
jackknife_plus,sinex_het,0.89,5.739080977,0.628841578,5238.355531,11.68894076,1000,500,student,"(200, 1000)",[[0.93333333 0.9        0.93333333 0.88333333 0.8       ]],1
jackknife_plus_ab,sinex_het,0.876666667,6.141858645,0.667400583,5068.18496,108.3153379,4,500,student,"(200, 1000)",[[0.88333333 0.81666667 0.9        0.93333333 0.85      ]],1
jackknife_plus_ab,sinex_het,0.913333333,6.345321019,0.582131855,4338.288135,108.1615164,5,500,student,"(200, 1000)",[[0.96666667 0.88333333 0.91666667 0.88333333 0.91666667]],1
jackknife_plus_ab,sinex_het,0.933333333,6.04480208,0.64870528,5187.006984,111.8171527,10,500,student,"(200, 1000)",[[0.96666667 0.93333333 0.93333333 0.93333333 0.9       ]],1
jackknife_plus_ab,sinex_het,0.863333333,5.447454222,0.647700881,5603.433354,102.3654146,1000,500,student,"(200, 1000)",[[0.76666667 0.91666667 0.86666667 0.93333333 0.83333333]],1
cqr,sinex_het,0.91,7.158922457,0.612323996,3913.467908,0.09100914,4,500,student,"(200, 1000)",[[0.81666667 0.91666667 0.95       0.91666667 0.95      ]],1
cqr,sinex_het,0.856666667,5.853675021,0.614507913,4560.577051,0.083613396,5,500,student,"(200, 1000)",[[0.75       0.8        0.91666667 0.86666667 0.95      ]],1
cqr,sinex_het,0.926666667,6.326476673,0.632336017,4473.405301,0.084999561,10,500,student,"(200, 1000)",[[0.93333333 0.93333333 0.9        0.91666667 0.95      ]],1
cqr,sinex_het,0.876666667,5.801452382,0.624807611,5178.950285,0.126259804,1000,500,student,"(200, 1000)",[[0.9        0.86666667 0.85       0.9        0.86666667]],1
split,nmm,0.913333333,0.831569852,0.931650215,21346.68416,16.78310275,0,1000,normal,"(200, 1000)",999,1
split,nmm,0.876666667,1.093584043,0.91302103,20732.50409,17.47748756,0.2,1000,normal,"(200, 1000)",999,1
split,nmm,0.883333333,2.191901481,0.840229063,18501.79115,16.36452651,0.5,1000,normal,"(200, 1000)",999,1
split,nmm,0.923333333,4.088907193,0.73644981,16025.31496,14.91773319,1,1000,normal,"(200, 1000)",999,1
jackknife_plus,nmm,0.903333333,0.942159628,0.922560612,21041.11083,43.55612493,0,1000,normal,"(200, 1000)",[[1.         1.         1.         0.88333333 0.63333333]],1
jackknife_plus,nmm,0.906666667,1.330023919,0.894216185,20175.76228,41.66237617,0.2,1000,normal,"(200, 1000)",[[0.98333333 0.9        0.88333333 0.76666667 1.        ]],1
jackknife_plus,nmm,0.876666667,2.084038897,0.848091087,18770.86462,43.75002456,0.5,1000,normal,"(200, 1000)",[[0.85       0.86666667 0.81666667 0.93333333 0.91666667]],1
jackknife_plus,nmm,0.91,3.850687786,0.751804525,15928.78143,40.53691816,1,1000,normal,"(200, 1000)",[[0.83333333 0.88333333 0.95       0.93333333 0.95      ]],1
jackknife_plus_ab,nmm,0.9,0.792949024,0.934824761,21431.24517,408.9426911,0,1000,normal,"(200, 1000)",[[1.         0.95       0.85       0.73333333 0.96666667]],1
jackknife_plus_ab,nmm,0.906666667,1.18456242,0.9057855,20544.29208,402.4747255,0.2,1000,normal,"(200, 1000)",[[1.         1.         0.83333333 0.81666667 0.88333333]],1
jackknife_plus_ab,nmm,0.88,2.04664145,0.850817159,18911.35489,396.8211868,0.5,1000,normal,"(200, 1000)",[[0.88333333 0.73333333 0.93333333 0.91666667 0.93333333]],1
jackknife_plus_ab,nmm,0.896666667,3.720322818,0.760207243,16266.22095,379.4250095,1,1000,normal,"(200, 1000)",[[0.95       0.85       0.83333333 0.91666667 0.93333333]],1
cqr,nmm,0.903333333,2.093707622,0.827910877,16099.92879,0.097172499,0,1000,normal,"(200, 1000)",[[0.8        0.9        0.91666667 0.93333333 0.96666667]],1
cqr,nmm,0.936666667,1.765559972,0.859574603,17915.25565,0.106984615,0.2,1000,normal,"(200, 1000)",[[0.83333333 0.95       0.98333333 0.95       0.96666667]],1
cqr,nmm,0.876666667,1.761690776,0.87158747,19274.26066,0.105967999,0.5,1000,normal,"(200, 1000)",[[0.81666667 0.85       0.83333333 0.91666667 0.96666667]],1
cqr,nmm,0.896666667,3.689586254,0.762188363,16595.22162,0.113780975,1,1000,normal,"(200, 1000)",[[0.8        0.86666667 0.9        0.95       0.96666667]],1
split,nmm,0.96,5.133085899,0.704636287,13375.80237,12.40433741,4,1000,student,"(200, 1000)",999,1
split,nmm,0.893333333,4.428661593,0.760475054,14944.74305,13.69993329,5,1000,student,"(200, 1000)",999,1
split,nmm,0.916666667,4.239156493,0.732034531,15523.7889,15.50578618,10,1000,student,"(200, 1000)",999,1
split,nmm,0.916666667,3.863383626,0.754303737,15638.02275,16.71787834,1000,1000,student,"(200, 1000)",999,1
jackknife_plus,nmm,0.936666667,4.538655217,0.738841767,15027.40953,36.78225207,4,1000,student,"(200, 1000)",[[0.9        0.95       0.95       0.91666667 0.96666667]],1
jackknife_plus,nmm,0.896666667,4.450163938,0.759312121,14953.2598,39.17117095,5,1000,student,"(200, 1000)",[[0.96666667 0.9        0.9        0.86666667 0.85      ]],1
jackknife_plus,nmm,0.91,3.899190135,0.753524589,15974.83109,40.72192955,10,1000,student,"(200, 1000)",[[0.9        0.81666667 0.96666667 0.88333333 0.98333333]],1
jackknife_plus,nmm,0.89,3.487335882,0.778219031,16562.2124,44.09272575,1000,1000,student,"(200, 1000)",[[0.95       0.91666667 0.83333333 0.93333333 0.81666667]],1
jackknife_plus_ab,nmm,0.926666667,4.330838227,0.750800155,15336.42934,391.1085072,4,1000,student,"(200, 1000)",[[0.93333333 0.9        0.93333333 0.96666667 0.9       ]],1
jackknife_plus_ab,nmm,0.883333333,4.252333126,0.770011629,15311.27594,366.4182615,5,1000,student,"(200, 1000)",[[0.95       0.93333333 0.88333333 0.78333333 0.86666667]],1
jackknife_plus_ab,nmm,0.886666667,3.733604366,0.763991524,16335.79252,385.3588111,10,1000,student,"(200, 1000)",[[0.86666667 0.83333333 0.9        0.95       0.88333333]],1
jackknife_plus_ab,nmm,0.88,3.368986581,0.785745346,16857.73253,381.0561738,1000,1000,student,"(200, 1000)",[[0.83333333 0.88333333 0.83333333 0.95       0.9       ]],1
cqr,nmm,0.926666667,4.777822628,0.725080393,14903.12583,0.13800025,4,1000,student,"(200, 1000)",[[0.86666667 0.95       0.93333333 0.96666667 0.91666667]],1
cqr,nmm,0.886666667,4.673537406,0.747230805,14635.54286,0.122780323,5,1000,student,"(200, 1000)",[[0.88333333 0.85       0.93333333 0.86666667 0.9       ]],1
cqr,nmm,0.943333333,4.210590153,0.73383909,15747.80608,0.123748302,10,1000,student,"(200, 1000)",[[0.85       0.91666667 0.96666667 0.98333333 1.        ]],1
cqr,nmm,0.87,3.253277928,0.793103563,17176.93264,0.114999056,1000,1000,student,"(200, 1000)",[[0.75       0.85       0.88333333 0.91666667 0.95      ]],1
split,sinex_het,0.86,4.079311889,0.717744918,7542.885243,5.176915884,0,1000,normal,"(200, 1000)",999,1
split,sinex_het,0.933333333,5.218298386,0.593321342,4469.763572,4.280091524,0.2,1000,normal,"(200, 1000)",999,1
split,sinex_het,0.933333333,6.060200613,0.603872109,4974.383581,5.589623928,0.5,1000,normal,"(200, 1000)",999,1
split,sinex_het,0.853333333,5.227110582,0.675773349,5714.338346,4.795454979,1,1000,normal,"(200, 1000)",999,1
jackknife_plus,sinex_het,0.913333333,4.905878902,0.660554492,6156.191438,16.43024397,0,1000,normal,"(200, 1000)",[[0.95       0.91666667 0.93333333 0.88333333 0.88333333]],1
jackknife_plus,sinex_het,0.923333333,4.957990855,0.613608232,5418.787219,17.7951355,0.2,1000,normal,"(200, 1000)",[[0.96666667 0.88333333 0.98333333 0.93333333 0.85      ]],1
jackknife_plus,sinex_het,0.9,5.160806172,0.662662025,6213.291579,16.52944708,0.5,1000,normal,"(200, 1000)",[[0.98333333 0.98333333 0.9        0.85       0.78333333]],1
jackknife_plus,sinex_het,0.92,5.881000451,0.63521534,5263.654479,16.30968857,1,1000,normal,"(200, 1000)",[[0.98333333 0.98333333 0.95       0.91666667 0.76666667]],1
jackknife_plus_ab,sinex_het,0.91,4.858618853,0.663824539,6238.771685,146.0857809,0,1000,normal,"(200, 1000)",[[0.9        0.81666667 0.96666667 0.98333333 0.88333333]],1
jackknife_plus_ab,sinex_het,0.926666667,5.012051082,0.609395053,5465.789601,157.5441923,0.2,1000,normal,"(200, 1000)",[[0.93333333 0.95       0.9        0.91666667 0.93333333]],1
jackknife_plus_ab,sinex_het,0.9,5.084861908,0.667626149,6351.725059,155.9494841,0.5,1000,normal,"(200, 1000)",[[0.81666667 0.88333333 0.91666667 0.96666667 0.91666667]],1
jackknife_plus_ab,sinex_het,0.896666667,5.569575131,0.654532555,5683.676387,148.9927583,1,1000,normal,"(200, 1000)",[[0.9        0.85       0.88333333 0.9        0.95      ]],1
cqr,sinex_het,0.923333333,4.566415179,0.68404226,6141.527517,0.203999519,0,1000,normal,"(200, 1000)",[[0.98333333 0.91666667 0.91666667 0.9        0.9       ]],1
cqr,sinex_het,0.91,4.417081392,0.655763234,6020.00098,0.185323715,0.2,1000,normal,"(200, 1000)",[[0.98333333 0.95       0.83333333 0.81666667 0.96666667]],1
cqr,sinex_het,0.926666667,4.725572526,0.691110739,6450.257018,0.274002314,0.5,1000,normal,"(200, 1000)",[[0.98333333 0.9        0.85       0.93333333 0.96666667]],1
cqr,sinex_het,0.883333333,5.677311737,0.647849738,5058.828706,0.160137177,1,1000,normal,"(200, 1000)",[[0.88333333 0.95       0.88333333 0.86666667 0.83333333]],1
split,sinex_het,0.93,6.910419714,0.506262778,3780.83711,5.918417931,4,1000,student,"(200, 1000)",999,1
split,sinex_het,0.873333333,6.1987241,0.668241949,5072.675941,5.523985386,5,1000,student,"(200, 1000)",999,1
split,sinex_het,0.873333333,6.534806401,0.660084376,4669.412927,5.257260561,10,1000,student,"(200, 1000)",999,1
split,sinex_het,0.923333333,6.535191961,0.553543129,4164.803326,7.096927881,1000,1000,student,"(200, 1000)",999,1
jackknife_plus,sinex_het,0.923333333,6.282941206,0.551095118,4084.246467,13.7591722,4,1000,student,"(200, 1000)",[[0.88333333 0.91666667 0.96666667 0.95       0.9       ]],1
jackknife_plus,sinex_het,0.88,6.149309625,0.670886834,5364.917528,15.91058946,5,1000,student,"(200, 1000)",[[0.93333333 0.93333333 0.78333333 0.85       0.9       ]],1
jackknife_plus,sinex_het,0.856666667,5.819323408,0.697300172,5822.087914,15.32635999,10,1000,student,"(200, 1000)",[[0.91666667 0.83333333 0.9        0.86666667 0.76666667]],1
jackknife_plus,sinex_het,0.93,6.156212112,0.579433204,4420.87095,15.46571732,1000,1000,student,"(200, 1000)",[[0.93333333 0.98333333 0.96666667 0.95       0.81666667]],1
jackknife_plus_ab,sinex_het,0.9,5.999103373,0.571375108,4622.67152,164.9589443,4,1000,student,"(200, 1000)",[[0.78333333 0.93333333 0.91666667 0.93333333 0.93333333]],1
jackknife_plus_ab,sinex_het,0.893333333,6.224891689,0.666841898,5310.437196,169.2758284,5,1000,student,"(200, 1000)",[[0.76666667 0.85       0.96666667 0.95       0.93333333]],1
jackknife_plus_ab,sinex_het,0.846666667,5.703890179,0.703303867,6003.666675,156.4698539,10,1000,student,"(200, 1000)",[[0.73333333 0.78333333 0.91666667 0.88333333 0.91666667]],1
jackknife_plus_ab,sinex_het,0.92,5.824762944,0.602076684,4798.795868,146.4904687,1000,1000,student,"(200, 1000)",[[0.93333333 0.96666667 0.91666667 0.9        0.88333333]],1
cqr,sinex_het,0.923333333,6.691019972,0.521938657,3997.744931,0.128997564,4,1000,student,"(200, 1000)",[[0.91666667 0.91666667 0.93333333 0.9        0.95      ]],1
cqr,sinex_het,0.896666667,6.614052661,0.646013908,4821.026713,0.138792992,5,1000,student,"(200, 1000)",[[0.85       0.95       0.93333333 0.91666667 0.83333333]],1
cqr,sinex_het,0.856666667,6.02854687,0.686417203,5487.150029,0.130997658,10,1000,student,"(200, 1000)",[[0.78333333 0.9        0.81666667 0.91666667 0.86666667]],1
cqr,sinex_het,0.906666667,5.853252087,0.600130641,4415.059513,0.129319906,1000,1000,student,"(200, 1000)",[[0.9        0.9        0.85       0.95       0.93333333]],1
split,linear,0.63,0.579123805,0.942018944,17441.87072,0.559867144,0,100,normal,"(200, 1000)",999,1
split,linear,0.99,1.003591747,0.903868363,17191.22768,0.751001358,0.2,100,normal,"(200, 1000)",999,1
split,linear,0.983333333,2.95497583,0.736206635,11547.74034,0.380000591,0.5,100,normal,"(200, 1000)",999,1
split,linear,0.866666667,3.397442667,0.741244029,12433.39136,0.500001192,1,100,normal,"(200, 1000)",999,1
jackknife_plus,linear,0.936666667,0.604917312,0.939507006,17711.97196,1.787608862,0,100,normal,"(200, 1000)",[[1.         1.         1.         0.93333333 0.75      ]],1
jackknife_plus,linear,0.94,0.919094134,0.911967432,17038.82985,1.882005692,0.2,100,normal,"(200, 1000)",[[0.86666667 0.96666667 0.95       0.96666667 0.95      ]],1
jackknife_plus,linear,0.953333333,2.097578158,0.812748618,14027.59865,1.520454407,0.5,100,normal,"(200, 1000)",[[0.9        0.96666667 0.98333333 0.93333333 0.98333333]],1
jackknife_plus,linear,0.85,3.009560377,0.770784716,12340.42715,1.709624052,1,100,normal,"(200, 1000)",[[0.78333333 0.83333333 0.9        0.8        0.93333333]],1
jackknife_plus_ab,linear,0.923333333,0.375571585,0.962442317,18588.94797,15.43738055,0,100,normal,"(200, 1000)",[[0.83333333 1.         1.         1.         0.78333333]],1
jackknife_plus_ab,linear,0.876666667,0.686714071,0.934225814,17880.22367,17.3525455,0.2,100,normal,"(200, 1000)",[[0.93333333 0.86666667 0.88333333 0.9        0.8       ]],1
jackknife_plus_ab,linear,0.936666667,1.953200765,0.825638271,14147.54813,13.38384318,0.5,100,normal,"(200, 1000)",[[0.91666667 0.93333333 0.91666667 0.93333333 0.98333333]],1
jackknife_plus_ab,linear,0.846666667,3.013642234,0.77047357,12316.07789,13.22074032,1,100,normal,"(200, 1000)",[[0.81666667 0.86666667 0.9        0.81666667 0.83333333]],1
cqr,linear,0.903333333,2.035593241,0.796440667,13179.40624,0.040205002,0,100,normal,"(200, 1000)",[[0.83333333 0.93333333 0.88333333 0.91666667 0.95      ]],1
cqr,linear,0.853333333,1.859207361,0.821922777,14088.36084,0.042001247,0.2,100,normal,"(200, 1000)",[[0.61666667 0.93333333 0.91666667 0.9        0.9       ]],1
cqr,linear,0.88,2.53533645,0.773672299,12538.18788,0.042969465,0.5,100,normal,"(200, 1000)",[[0.75       0.86666667 0.91666667 0.88333333 0.98333333]],1
cqr,linear,0.903333333,3.94108746,0.699839911,10921.63392,0.047002554,1,100,normal,"(200, 1000)",[[0.78333333 0.83333333 0.95       0.96666667 0.98333333]],1
split,linear,0.943333333,0.08232592,0.991765546,19783.71653,2.012825012,0,300,normal,"(200, 1000)",999,1
split,linear,0.886666667,0.734114712,0.929331989,17813.55434,1.452118158,0.2,300,normal,"(200, 1000)",999,1
split,linear,0.956666667,2.033936261,0.807391895,14390.97545,1.461736679,0.5,300,normal,"(200, 1000)",999,1
split,linear,0.93,3.726770456,0.737788267,11736.15723,1.083793163,1,300,normal,"(200, 1000)",999,1
jackknife_plus,linear,0.94,0.371201198,0.96287834,18631.58293,3.323424816,0,300,normal,"(200, 1000)",[[1.   1.   0.95 1.   0.75]],1
jackknife_plus,linear,0.913333333,0.71526927,0.931146102,17805.35319,4.246273756,0.2,300,normal,"(200, 1000)",[[0.93333333 0.96666667 0.85       0.96666667 0.85      ]],1
jackknife_plus,linear,0.93,1.833164987,0.826405969,14925.08587,4.883777142,0.5,300,normal,"(200, 1000)",[[0.93333333 0.93333333 0.93333333 0.93333333 0.91666667]],1
jackknife_plus,linear,0.886666667,3.299762444,0.767832562,12222.22087,3.888981342,1,300,normal,"(200, 1000)",[[0.81666667 0.91666667 0.9        0.96666667 0.83333333]],1
jackknife_plus_ab,linear,0.9,0.163478289,0.983652171,19464.5438,40.82331562,0,300,normal,"(200, 1000)",[[1.  1.  1.  0.9 0.6]],1
jackknife_plus_ab,linear,0.89,0.659341807,0.936529901,17990.13087,37.23704076,0.2,300,normal,"(200, 1000)",[[0.9        0.88333333 0.91666667 0.9        0.85      ]],1
jackknife_plus_ab,linear,0.926666667,1.805604379,0.829016001,14965.18009,38.44178319,0.5,300,normal,"(200, 1000)",[[0.95       0.95       0.83333333 0.95       0.95      ]],1
jackknife_plus_ab,linear,0.876666667,3.171419592,0.776862324,12497.21946,31.45575428,1,300,normal,"(200, 1000)",[[0.85       0.88333333 0.93333333 0.86666667 0.85      ]],1
cqr,linear,0.903333333,2.166464349,0.783353556,12073.12148,0.053694725,0,300,normal,"(200, 1000)",[[0.93333333 0.78333333 0.96666667 0.91666667 0.91666667]],1
cqr,linear,0.903333333,1.635135715,0.842597454,14111.07223,0.050999403,0.2,300,normal,"(200, 1000)",[[0.85       0.9        0.9        0.9        0.96666667]],1
cqr,linear,0.876666667,1.796883671,0.829841954,14983.5179,0.05300045,0.5,300,normal,"(200, 1000)",[[0.76666667 0.81666667 0.88333333 0.93333333 0.98333333]],1
cqr,linear,0.906666667,3.699495577,0.739707925,11450.56076,0.053999901,1,300,normal,"(200, 1000)",[[0.83333333 0.81666667 0.96666667 0.93333333 0.98333333]],1
split,linear,0.9,0.018099283,0.998190072,20011.58301,2.838418961,0,500,normal,"(200, 1000)",999,1
split,linear,0.866666667,0.740035504,0.92965467,17505.83893,1.72619462,0.2,500,normal,"(200, 1000)",999,1
split,linear,0.886666667,1.598151624,0.850336755,15525.59228,2.402932882,0.5,500,normal,"(200, 1000)",999,1
split,linear,0.92,3.499134142,0.745822815,11414.20992,3.2796278,1,500,normal,"(200, 1000)",999,1
jackknife_plus,linear,0.926666667,0.087501144,0.991249181,19772.07664,9.916466713,0,500,normal,"(200, 1000)",[[1.         1.         0.98333333 0.93333333 0.71666667]],1
jackknife_plus,linear,0.92,0.742669267,0.929404978,17770.27791,6.152946711,0.2,500,normal,"(200, 1000)",[[0.91666667 0.93333333 0.95       0.91666667 0.88333333]],1
jackknife_plus,linear,0.91,1.686048344,0.842105503,15128.35585,5.377732277,0.5,500,normal,"(200, 1000)",[[0.91666667 0.9        0.95       0.95       0.83333333]],1
jackknife_plus,linear,0.92,3.477365769,0.747404067,11443.203,6.129070997,1,500,normal,"(200, 1000)",[[0.93333333 0.9        0.93333333 0.96666667 0.86666667]],1
jackknife_plus_ab,linear,0.963333333,0.03509468,0.996486535,19935.1963,64.82279634,0,500,normal,"(200, 1000)",[[1.         1.         1.         0.95       0.86666667]],1
jackknife_plus_ab,linear,0.88,0.667074601,0.936590649,18097.51899,60.78703618,0.2,500,normal,"(200, 1000)",[[0.9        0.91666667 0.86666667 0.86666667 0.85      ]],1
jackknife_plus_ab,linear,0.893333333,1.641641501,0.846264145,15291.87575,55.00286937,0.5,500,normal,"(200, 1000)",[[0.86666667 0.93333333 0.86666667 0.95       0.85      ]],1
jackknife_plus_ab,linear,0.91,3.357937927,0.756079522,11757.98423,58.25040555,1,500,normal,"(200, 1000)",[[0.9        0.88333333 0.93333333 0.95       0.88333333]],1
cqr,linear,0.903333333,2.633005612,0.736699431,10338.84348,0.08176589,0,500,normal,"(200, 1000)",[[0.88333333 0.8        0.95       0.93333333 0.95      ]],1
cqr,linear,0.866666667,1.573753318,0.850405461,14218.36277,0.06199789,0.2,500,normal,"(200, 1000)",[[0.68333333 0.86666667 0.9        0.95       0.93333333]],1
cqr,linear,0.9,1.771888138,0.834066895,14851.89866,0.075965166,0.5,500,normal,"(200, 1000)",[[0.81666667 0.88333333 0.91666667 0.96666667 0.91666667]],1
cqr,linear,0.93,3.707259096,0.730704272,11460.2133,0.07577014,1,500,normal,"(200, 1000)",[[0.88333333 0.9        0.96666667 1.         0.9       ]],1
split,linear,0.84,0.00604191,0.999392211,20046.62259,3.250032425,0,1000,normal,"(200, 1000)",999,1
split,linear,0.906666667,0.675182945,0.934384458,18249.68008,3.274870634,0.2,1000,normal,"(200, 1000)",999,1
split,linear,0.896666667,1.514703194,0.864315883,15795.04371,3.960169554,0.5,1000,normal,"(200, 1000)",999,1
split,linear,0.923333333,3.374634823,0.725418837,12083.89558,4.951449633,1,1000,normal,"(200, 1000)",999,1
jackknife_plus,linear,0.95,0.01555492,0.998442012,20022.19808,9.853336334,0,1000,normal,"(200, 1000)",[[0.78333333 1.         1.         0.98333333 0.98333333]],1
jackknife_plus,linear,0.903333333,0.678621366,0.934050337,18131.47629,8.907141447,0.2,1000,normal,"(200, 1000)",[[0.91666667 0.91666667 0.88333333 0.91666667 0.88333333]],1
jackknife_plus,linear,0.923333333,1.689298919,0.848675492,15417.15013,8.112853289,0.5,1000,normal,"(200, 1000)",[[0.93333333 0.9        0.9        0.95       0.93333333]],1
jackknife_plus,linear,0.923333333,3.398391446,0.723485856,11813.08934,9.557193279,1,1000,normal,"(200, 1000)",[[0.91666667 0.9        0.93333333 0.93333333 0.93333333]],1
jackknife_plus_ab,linear,0.91,0.004802822,0.999519618,20052.72924,88.18816113,0,1000,normal,"(200, 1000)",[[1.         0.98333333 0.93333333 0.85       0.78333333]],1
jackknife_plus_ab,linear,0.893333333,0.653347593,0.936506457,18253.06864,87.49474931,0.2,1000,normal,"(200, 1000)",[[0.88333333 0.91666667 0.9        0.88333333 0.88333333]],1
jackknife_plus_ab,linear,0.923333333,1.659356114,0.851357707,15432.48569,84.67080855,0.5,1000,normal,"(200, 1000)",[[0.9        0.93333333 0.95       0.93333333 0.9       ]],1
jackknife_plus_ab,linear,0.92,3.293016701,0.732059885,12137.13987,94.21516943,1,1000,normal,"(200, 1000)",[[0.91666667 0.95       0.88333333 0.96666667 0.88333333]],1
cqr,linear,0.903333333,1.808866811,0.81911331,13169.38636,0.08899951,0,1000,normal,"(200, 1000)",[[0.85       0.9        0.91666667 0.93333333 0.91666667]],1
cqr,linear,0.853333333,1.032611329,0.899647004,16438.88396,0.092276335,0.2,1000,normal,"(200, 1000)",[[0.63333333 0.86666667 0.88333333 0.9        0.98333333]],1
cqr,linear,0.94,1.958505174,0.824559672,14594.37234,0.107000113,0.5,1000,normal,"(200, 1000)",[[0.88333333 0.93333333 0.95       0.93333333 1.        ]],1
cqr,linear,0.92,3.695064473,0.699346852,11375.99478,0.110998631,1,1000,normal,"(200, 1000)",[[0.83333333 0.88333333 0.93333333 0.98333333 0.96666667]],1
split,linear,0.81,3.885178853,0.761245134,9303.623047,0.555007458,4,100,student,"(200, 1000)",999,1
split,linear,0.886666667,3.442326773,0.798255001,11259.63189,0.419979095,5,100,student,"(200, 1000)",999,1
split,linear,0.983333333,6.332611206,0.474675824,7518.146194,0.54580164,10,100,student,"(200, 1000)",999,1
split,linear,0.93,3.683636079,0.688816347,11627.23427,0.548747301,1000,100,student,"(200, 1000)",999,1
jackknife_plus,linear,0.933333333,5.796782645,0.643780338,8523.83629,1.789509535,4,100,student,"(200, 1000)",[[0.96666667 0.93333333 0.93333333 0.95       0.88333333]],1
jackknife_plus,linear,0.923333333,4.352224996,0.744928224,10225.81353,1.46710372,5,100,student,"(200, 1000)",[[0.85       0.93333333 0.93333333 0.95       0.95      ]],1
jackknife_plus,linear,0.95,4.343428454,0.639689899,10365.24764,1.835765362,10,100,student,"(200, 1000)",[[0.96666667 0.88333333 0.96666667 0.96666667 0.96666667]],1
jackknife_plus,linear,0.94,3.823028435,0.677040416,11141.66572,1.755503893,1000,100,student,"(200, 1000)",[[0.93333333 0.93333333 0.98333333 0.9        0.95      ]],1
jackknife_plus_ab,linear,0.926666667,4.352084647,0.732558882,9498.849935,14.12772107,4,100,student,"(200, 1000)",[[0.86666667 0.95       0.93333333 0.93333333 0.95      ]],1
jackknife_plus_ab,linear,0.923333333,3.983163338,0.766557853,10554.5776,13.5722878,5,100,student,"(200, 1000)",[[0.86666667 0.91666667 0.96666667 0.9        0.96666667]],1
jackknife_plus_ab,linear,0.95,4.245253291,0.647833986,10289.62219,14.65900421,10,100,student,"(200, 1000)",[[0.96666667 0.96666667 0.96666667 0.9        0.95      ]],1
jackknife_plus_ab,linear,0.916666667,3.478067561,0.706182611,11651.29705,15.06892991,1000,100,student,"(200, 1000)",[[0.88333333 0.95       0.91666667 0.9        0.93333333]],1
cqr,linear,0.903333333,5.056007125,0.689302551,9968.935096,0.584800959,4,100,student,"(200, 1000)",[[0.81666667 0.85       0.96666667 0.95       0.93333333]],1
cqr,linear,0.94,5.174846207,0.696716055,8755.176702,0.044999599,5,100,student,"(200, 1000)",[[0.9        0.91666667 0.95       0.95       0.98333333]],1
cqr,linear,0.933333333,4.71515081,0.608854646,10243.71549,0.047002554,10,100,student,"(200, 1000)",[[0.78333333 0.98333333 0.96666667 0.96666667 0.96666667]],1
cqr,linear,0.91,3.962174439,0.665286777,10505.73463,0.047001362,1000,100,student,"(200, 1000)",[[0.76666667 0.93333333 0.96666667 0.93333333 0.95      ]],1
split,linear,0.946666667,5.847091794,0.700283178,7953.25014,1.735022306,4,300,student,"(200, 1000)",999,1
split,linear,0.926666667,4.127801032,0.747113496,11128.33115,1.664021969,5,300,student,"(200, 1000)",999,1
split,linear,0.806666667,3.225657336,0.752080188,11862.39654,1.329017878,10,300,student,"(200, 1000)",999,1
split,linear,0.96,4.066706225,0.697189294,10334.45623,1.767024994,1000,300,student,"(200, 1000)",999,1
jackknife_plus,linear,0.91,4.799278067,0.753994371,9341.530524,5.738071203,4,300,student,"(200, 1000)",[[0.95       0.91666667 0.85       0.95       0.88333333]],1
jackknife_plus,linear,0.923333333,4.006373955,0.754552736,10891.72469,4.399088621,5,300,student,"(200, 1000)",[[0.91666667 0.93333333 0.91666667 0.93333333 0.91666667]],1
jackknife_plus,linear,0.91,3.832478946,0.705448385,11372.48258,5.998293877,10,300,student,"(200, 1000)",[[0.93333333 0.83333333 0.86666667 0.95       0.96666667]],1
jackknife_plus,linear,0.916666667,3.616254862,0.730732347,11464.67281,4.823060036,1000,300,student,"(200, 1000)",[[0.96666667 0.9        0.95       0.86666667 0.9       ]],1
jackknife_plus_ab,linear,0.85,3.963311133,0.796843172,11269.91328,34.17552567,4,300,student,"(200, 1000)",[[0.88333333 0.9        0.8        0.8        0.86666667]],1
jackknife_plus_ab,linear,0.913333333,3.769829885,0.769044667,11646.76783,36.59969425,5,300,student,"(200, 1000)",[[0.9        0.86666667 0.9        0.95       0.95      ]],1
jackknife_plus_ab,linear,0.9,3.803084745,0.707707596,11422.37884,39.27529693,10,300,student,"(200, 1000)",[[0.98333333 0.9        0.8        0.95       0.86666667]],1
jackknife_plus_ab,linear,0.906666667,3.293263341,0.754782565,12071.45216,39.17101598,1000,300,student,"(200, 1000)",[[0.95       0.95       0.85       0.88333333 0.9       ]],1
cqr,linear,0.86,4.47957576,0.770380792,10800.44501,0.080999374,4,300,student,"(200, 1000)",[[0.83333333 0.76666667 0.85       0.91666667 0.93333333]],1
cqr,linear,0.933333333,4.287793429,0.73731142,10648.09759,0.077000141,5,300,student,"(200, 1000)",[[0.85       0.93333333 0.95       0.96666667 0.96666667]],1
cqr,linear,0.88,4.007916596,0.691964626,10970.8084,0.075001478,10,300,student,"(200, 1000)",[[0.83333333 0.76666667 0.9        0.93333333 0.96666667]],1
cqr,linear,0.873333333,3.196446822,0.761991044,12434.51935,0.072000742,1000,300,student,"(200, 1000)",[[0.8        0.76666667 0.91666667 0.9        0.98333333]],1
split,linear,0.903333333,4.129963288,0.756239652,9969.263328,0.99201107,4,500,student,"(200, 1000)",999,1
split,linear,0.846666667,3.435327402,0.789584971,12797.56728,2.709648609,5,500,student,"(200, 1000)",999,1
split,linear,0.96,4.816304758,0.676917313,9260.733104,2.113647938,10,500,student,"(200, 1000)",999,1
split,linear,0.943333333,3.853297998,0.691850225,10978.00285,2.169635773,1000,500,student,"(200, 1000)",999,1
jackknife_plus,linear,0.923333333,4.200892724,0.752052825,10550.7648,5.471078634,4,500,student,"(200, 1000)",[[0.91666667 0.95       0.91666667 0.9        0.93333333]],1
jackknife_plus,linear,0.876666667,3.920716783,0.759856848,11736.82473,6.897083759,5,500,student,"(200, 1000)",[[0.91666667 0.85       0.85       0.9        0.86666667]],1
jackknife_plus,linear,0.916666667,3.745375829,0.748758016,11194.25858,7.347090244,10,500,student,"(200, 1000)",[[0.91666667 0.91666667 0.95       0.91666667 0.88333333]],1
jackknife_plus,linear,0.88,3.307388315,0.735507661,11647.10388,3.533042908,1000,500,student,"(200, 1000)",[[0.86666667 0.88333333 0.88333333 0.83333333 0.93333333]],1
jackknife_plus_ab,linear,0.903333333,4.028911343,0.76220398,10802.61687,67.40226316,4,500,student,"(200, 1000)",[[0.96666667 0.91666667 0.85       0.93333333 0.85      ]],1
jackknife_plus_ab,linear,0.873333333,3.879056724,0.762408386,11700.27332,62.84266591,5,500,student,"(200, 1000)",[[0.83333333 0.88333333 0.88333333 0.86666667 0.9       ]],1
jackknife_plus_ab,linear,0.916666667,3.768950419,0.747176621,11094.8475,60.09179544,10,500,student,"(200, 1000)",[[0.98333333 0.86666667 0.96666667 0.91666667 0.85      ]],1
jackknife_plus_ab,linear,0.876666667,3.17382364,0.746188724,12395.98569,62.34935713,1000,500,student,"(200, 1000)",[[0.85       0.93333333 0.81666667 0.91666667 0.86666667]],1
cqr,linear,0.916666667,4.896715359,0.710983916,9417.847968,0.119835377,4,500,student,"(200, 1000)",[[0.8        0.93333333 0.95       0.93333333 0.96666667]],1
cqr,linear,0.853333333,4.004610393,0.754717159,12064.26775,0.115968704,5,500,student,"(200, 1000)",[[0.8        0.8        0.9        0.88333333 0.88333333]],1
cqr,linear,0.906666667,4.452061279,0.701353362,9933.34765,0.106102467,10,500,student,"(200, 1000)",[[0.78333333 0.93333333 0.91666667 0.93333333 0.96666667]],1
cqr,linear,0.896666667,3.513218196,0.719047719,11829.60699,0.121001244,1000,500,student,"(200, 1000)",[[0.78333333 0.83333333 0.95       0.95       0.96666667]],1
split,linear,0.906666667,4.67203129,0.697256708,9987.85707,4.926084042,4,1000,student,"(200, 1000)",999,1
split,linear,0.903333333,4.603356634,0.772353881,10359.42144,4.721964359,5,1000,student,"(200, 1000)",999,1
split,linear,0.91,3.548424708,0.72797474,11746.06932,3.600084305,10,1000,student,"(200, 1000)",999,1
split,linear,0.9,3.222196357,0.775935229,12295.25117,3.121094465,1000,1000,student,"(200, 1000)",999,1
jackknife_plus,linear,0.896666667,4.395359287,0.715184818,10339.05342,9.757622957,4,1000,student,"(200, 1000)",[[0.9        0.85       0.9        0.96666667 0.86666667]],1
jackknife_plus,linear,0.89,4.183507388,0.793116279,11321.3477,10.14735866,5,1000,student,"(200, 1000)",[[0.86666667 0.86666667 0.88333333 0.86666667 0.96666667]],1
jackknife_plus,linear,0.916666667,3.618648511,0.722591196,11808.63202,11.56729317,10,1000,student,"(200, 1000)",[[0.93333333 0.9        0.96666667 0.88333333 0.9       ]],1
jackknife_plus,linear,0.906666667,3.321877038,0.769003609,12088.77372,11.19935679,1000,1000,student,"(200, 1000)",[[0.91666667 0.91666667 0.96666667 0.86666667 0.86666667]],1
jackknife_plus_ab,linear,0.886666667,4.290488282,0.721980241,10493.00071,101.7244425,4,1000,student,"(200, 1000)",[[0.88333333 0.86666667 0.86666667 0.91666667 0.9       ]],1
jackknife_plus_ab,linear,0.886666667,4.146838263,0.794929586,11346.15861,109.6837969,5,1000,student,"(200, 1000)",[[0.9        0.85       0.86666667 0.85       0.96666667]],1
jackknife_plus_ab,linear,0.903333333,3.562719812,0.72687893,11964.7181,113.686554,10,1000,student,"(200, 1000)",[[0.9        0.9        0.86666667 0.91666667 0.93333333]],1
jackknife_plus_ab,linear,0.903333333,3.286055334,0.771494601,12132.21866,97.01810336,1000,1000,student,"(200, 1000)",[[0.88333333 0.88333333 0.93333333 0.9        0.91666667]],1
cqr,linear,0.876666667,4.57060388,0.703828757,10440.592,0.178514242,4,1000,student,"(200, 1000)",[[0.73333333 0.88333333 0.88333333 0.95       0.93333333]],1
cqr,linear,0.91,4.913220061,0.757030386,10008.27688,0.165001869,5,1000,student,"(200, 1000)",[[0.85       0.93333333 0.9        0.88333333 0.98333333]],1
cqr,linear,0.87,3.539883428,0.728628938,12201.15138,0.165002584,10,1000,student,"(200, 1000)",[[0.8        0.8        0.9        0.91666667 0.93333333]],1
cqr,linear,0.886666667,3.483018428,0.757798074,11897.42853,0.165002823,1000,1000,student,"(200, 1000)",[[0.71666667 0.88333333 0.9        0.96666667 0.96666667]],1
split_resid_norm,nmm,0.946666667,7.146981398,0.412563836,8625.83577,5.816344976,0,300,normal,"(200, 1000)",[[1.         0.73333333 1.         1.         1.        ]],1
split_resid_norm,nmm,0.906666667,8.693457011,0.299458138,15315.28654,9.27986598,0.2,300,normal,"(200, 1000)",[[0.61666667 0.91666667 1.         1.         1.        ]],1
split_resid_norm,nmm,0.98,3.294363301,0.759506791,16874.21931,9.416040659,0.5,300,normal,"(200, 1000)",[[0.98333333 0.96666667 0.96666667 0.98333333 1.        ]],1
split_resid_norm,nmm,0.913333333,5.382807827,0.666944465,13138.90134,9.394977093,1,300,normal,"(200, 1000)",[[0.73333333 0.86666667 0.96666667 1.         1.        ]],1
split_resid_norm,cube,0.946666667,1.852812449,0.718774816,2286.411237,3.86171484,0,300,normal,"(200, 1000)",[[0.73333333 1.         1.         1.         1.        ]],1
split_resid_norm,cube,0.903333333,1.069977305,0.875857378,2310.937079,2.331390858,0.2,300,normal,"(200, 1000)",[[0.91666667 0.86666667 1.         0.98333333 0.75      ]],1
split_resid_norm,cube,0.92,2.15435002,0.864025453,3101.103842,2.277505875,0.5,300,normal,"(200, 1000)",[[0.88333333 0.88333333 0.93333333 0.96666667 0.93333333]],1
split_resid_norm,cube,0.92,15.39847912,-0.51522174,1037.705599,2.791857481,1,300,normal,"(200, 1000)",[[0.66666667 0.93333333 1.         1.         1.        ]],1
split_resid_norm,nmm,0.973333333,1.553648256,0.872295554,20909.21709,32.4236033,0,300,normal,"(200, 1000, 1000, 1000)",[[1.         1.         1.         0.91666667 0.95      ]],1
split_resid_norm,nmm,0.88,1.014235623,0.919186756,20943.75524,26.50217485,0.2,300,normal,"(200, 1000, 1000, 1000)",[[1.         0.95       1.         0.73333333 0.71666667]],1
split_resid_norm,nmm,0.963333333,4.097589886,0.723278427,16810.55724,15.51220036,0.5,300,normal,"(200, 1000, 1000, 1000)",[[0.93333333 0.88333333 1.         1.         1.        ]],1
split_resid_norm,nmm,0.933333333,5.902335329,0.662251318,12597.44401,20.60737562,1,300,normal,"(200, 1000, 1000, 1000)",[[0.85       0.83333333 0.98333333 1.         1.        ]],1
split_resid_norm,cube,0.983333333,0.308701682,0.966601738,5098.642085,22.17650867,0,300,normal,"(200, 1000, 1000, 1000)",[[0.91666667 1.         1.         1.         1.        ]],1
split_resid_norm,cube,0.963333333,0.946609061,0.900529962,2622.290274,13.85480261,0.2,300,normal,"(200, 1000, 1000, 1000)",[[0.86666667 0.98333333 0.98333333 0.98333333 1.        ]],1
split_resid_norm,cube,0.97,11.93983757,-0.435491988,494.1285822,12.88258219,0.5,300,normal,"(200, 1000, 1000, 1000)",[[0.86666667 0.98333333 1.         1.         1.        ]],1
split_resid_norm,cube,0.696666667,4.770568123,0.692224663,2306.198218,8.974502087,1,300,normal,"(200, 1000, 1000, 1000)",[[0.15       0.48333333 0.86666667 0.98333333 1.        ]],1
split_resid_norm,nmm,0.94,3.857695747,0.682921473,18268.47898,22.97242808,0,300,normal,"(400, 2000)",[[0.91666667 0.78333333 1.         1.         1.        ]],1
split_resid_norm,nmm,0.846666667,1.187563256,0.90716428,20656.6608,25.87318158,0.2,300,normal,"(400, 2000)",[[0.8        0.76666667 1.         0.81666667 0.85      ]],1
split_resid_norm,nmm,0.813333333,1.714594001,0.871323739,19364.79337,24.79463673,0.5,300,normal,"(400, 2000)",[[0.8        0.6        0.88333333 0.88333333 0.9       ]],1
split_resid_norm,nmm,0.816666667,3.367227481,0.794511983,16441.53742,23.81495285,1,300,normal,"(400, 2000)",[[0.51666667 0.71666667 0.93333333 0.91666667 1.        ]],1
split_resid_norm,cube,0.893333333,0.082331998,0.985811121,4084.214603,9.64797163,0,300,normal,"(400, 2000)",[[0.51666667 1.         1.         1.         0.95      ]],1
split_resid_norm,cube,0.916666667,0.853039309,0.894650891,3138.228063,5.604534149,0.2,300,normal,"(400, 2000)",[[0.86666667 0.93333333 0.9        0.93333333 0.95      ]],1
split_resid_norm,cube,0.883333333,1.923243862,0.797151244,2844.963625,5.331284046,0.5,300,normal,"(400, 2000)",[[0.68333333 0.9        0.96666667 0.91666667 0.95      ]],1
split_resid_norm,cube,0.84,4.740561699,0.458288002,2266.735924,7.681510687,1,300,normal,"(400, 2000)",[[0.45 0.8  0.95 1.   1.  ]],1
split_resid_norm,nmm,0.896666667,1.362772967,0.887988939,19833.02924,94.30404902,0,300,normal,"(400, 2000, 2000, 2000)",[[0.8        0.98333333 1.         0.85       0.85      ]],1
split_resid_norm,nmm,0.873333333,9.811277716,0.223200052,16200.88856,84.25647235,0.2,300,normal,"(400, 2000, 2000, 2000)",[[0.46666667 0.9        1.         1.         1.        ]],1
split_resid_norm,nmm,0.923333333,5.514485163,0.60355548,15427.18887,57.30051756,0.5,300,normal,"(400, 2000, 2000, 2000)",[[0.75       0.86666667 1.         1.         1.        ]],1
split_resid_norm,nmm,0.916666667,5.115273953,0.665358534,14293.37202,63.25839996,1,300,normal,"(400, 2000, 2000, 2000)",[[0.78333333 0.85       0.95       1.         1.        ]],1
split_resid_norm,cube,0.903333333,0.126047866,0.985061579,4545.492455,76.15235639,0,300,normal,"(400, 2000, 2000, 2000)",[[0.53333333 1.         1.         1.         0.98333333]],1
split_resid_norm,cube,0.92,0.915517724,0.912403456,3677.363505,51.35568976,0.2,300,normal,"(400, 2000, 2000, 2000)",[[0.76666667 0.9        0.93333333 1.         1.        ]],1
split_resid_norm,cube,0.94,3.037306139,0.657379151,1281.068322,23.11406136,0.5,300,normal,"(400, 2000, 2000, 2000)",[[0.73333333 0.96666667 1.         1.         1.        ]],1
split_resid_norm,cube,0.923333333,3.690341012,0.668287451,797.8285651,41.04720879,1,300,normal,"(400, 2000, 2000, 2000)",[[0.95       0.96666667 0.9        0.9        0.9       ]],1
split_resid_norm,nmm,0.873333333,2.231106397,0.816617022,18870.19646,13.47005057,0,500,normal,"(200, 1000)",[[0.96666667 0.73333333 0.78333333 0.88333333 1.        ]],1
split_resid_norm,nmm,0.946666667,2.034187446,0.839029252,19022.39779,14.78665686,0.2,500,normal,"(200, 1000)",[[1.         1.         0.95       0.85       0.93333333]],1
split_resid_norm,nmm,0.956666667,3.043377985,0.780196308,17051.50987,13.68638039,0.5,500,normal,"(200, 1000)",[[0.9        1.         0.98333333 0.93333333 0.96666667]],1
split_resid_norm,nmm,0.913333333,6.530393537,0.611425204,11864.53096,14.85461426,1,500,normal,"(200, 1000)",[[0.73333333 0.86666667 0.96666667 1.         1.        ]],1
split_resid_norm,cube,0.92,0.154526061,0.982972329,4490.954866,4.983086109,0,500,normal,"(200, 1000)",[[0.85       0.78333333 1.         1.         0.96666667]],1
split_resid_norm,cube,0.94,0.841511316,0.911568303,3930.408275,3.037950277,0.2,500,normal,"(200, 1000)",[[0.83333333 0.95       0.96666667 0.96666667 0.98333333]],1
split_resid_norm,cube,0.96,2.389822456,0.725608502,1416.023039,2.889513493,0.5,500,normal,"(200, 1000)",[[0.9        0.98333333 0.95       1.         0.96666667]],1
split_resid_norm,cube,0.966666667,4.863977299,0.648801017,638.2026047,1.836522579,1,500,normal,"(200, 1000)",[[0.91666667 0.96666667 0.98333333 0.96666667 1.        ]],1
split_resid_norm,nmm,0.893333333,1.167033123,0.904077447,20651.14031,41.41937375,0,500,normal,"(200, 1000, 1000, 1000)",[[1.         0.81666667 1.         0.81666667 0.83333333]],1
split_resid_norm,nmm,0.896666667,1.567904206,0.876816592,20107.0278,29.11294937,0.2,500,normal,"(200, 1000, 1000, 1000)",[[0.91666667 0.83333333 1.         0.86666667 0.86666667]],1
split_resid_norm,nmm,0.9,2.293398362,0.830619648,18111.95677,22.36481285,0.5,500,normal,"(200, 1000, 1000, 1000)",[[0.88333333 0.8        0.95       0.96666667 0.9       ]],1
split_resid_norm,nmm,0.973333333,6.374330507,0.608586237,12197.47966,21.27731967,1,500,normal,"(200, 1000, 1000, 1000)",[[0.93333333 0.96666667 0.98333333 0.98333333 1.        ]],1
split_resid_norm,cube,0.946666667,0.07766278,0.990710365,4670.111622,31.58663249,0,500,normal,"(200, 1000, 1000, 1000)",[[0.73333333 1.         1.         1.         1.        ]],1
split_resid_norm,cube,0.956666667,2.016058597,0.827551016,2216.493791,17.01244569,0.2,500,normal,"(200, 1000, 1000, 1000)",[[0.78333333 1.         1.         1.         1.        ]],1
split_resid_norm,cube,0.856666667,1.869488852,0.845179358,3388.879607,21.5298059,0.5,500,normal,"(200, 1000, 1000, 1000)",[[0.65       0.78333333 0.91666667 0.95       0.98333333]],1
split_resid_norm,cube,0.853333333,2.894122981,0.726918923,2038.585412,16.48011565,1,500,normal,"(200, 1000, 1000, 1000)",[[0.88333333 0.78333333 0.85       0.88333333 0.86666667]],1
split_resid_norm,nmm,0.883333333,0.895301107,0.92641183,21412.31783,29.19255924,0,500,normal,"(400, 2000)",[[1.         0.85       1.         0.78333333 0.78333333]],1
split_resid_norm,nmm,0.973333333,2.422147287,0.810368833,18494.71257,30.83621168,0.2,500,normal,"(400, 2000)",[[1.         1.         1.         0.93333333 0.93333333]],1
split_resid_norm,nmm,0.943333333,3.217164137,0.770166273,16338.45177,28.10544991,0.5,500,normal,"(400, 2000)",[[0.96666667 0.86666667 0.88333333 1.         1.        ]],1
split_resid_norm,nmm,0.836666667,3.440314053,0.770299919,16781.16784,31.48169208,1,500,normal,"(400, 2000)",[[0.9        0.86666667 0.86666667 0.76666667 0.78333333]],1
split_resid_norm,cube,0.936666667,0.254078555,0.967110147,3576.155611,13.82775354,0,500,normal,"(400, 2000)",[[0.73333333 1.         1.         1.         0.95      ]],1
split_resid_norm,cube,0.853333333,0.706491391,0.925057916,3908.368238,15.67672658,0.2,500,normal,"(400, 2000)",[[0.75       0.75       0.93333333 0.86666667 0.96666667]],1
split_resid_norm,cube,0.883333333,1.665993883,0.833034321,2676.710425,11.30495,0.5,500,normal,"(400, 2000)",[[0.81666667 0.88333333 0.95       0.86666667 0.9       ]],1
split_resid_norm,cube,0.906666667,3.592606018,0.583116288,1393.223963,6.438699961,1,500,normal,"(400, 2000)",[[0.88333333 0.9        0.91666667 0.91666667 0.91666667]],1
split_resid_norm,nmm,0.846666667,0.45835585,0.962323401,22515.45809,188.7937076,0,500,normal,"(400, 2000, 2000, 2000)",[[1.         0.95       0.95       0.53333333 0.8       ]],1
split_resid_norm,nmm,0.81,0.93352474,0.927724233,21376.74681,102.7808788,0.2,500,normal,"(400, 2000, 2000, 2000)",[[0.96666667 0.75       0.9        0.66666667 0.76666667]],1
split_resid_norm,nmm,0.896666667,2.282844625,0.82751905,17756.08831,122.4095533,0.5,500,normal,"(400, 2000, 2000, 2000)",[[0.75       0.8        1.         0.93333333 1.        ]],1
split_resid_norm,nmm,0.983333333,6.239937375,0.608224601,12581.08896,75.00858879,1,500,normal,"(400, 2000, 2000, 2000)",[[0.95       0.98333333 0.98333333 1.         1.        ]],1
split_resid_norm,cube,0.813333333,0.042738609,0.993783583,5227.211049,99.60918641,0,500,normal,"(400, 2000, 2000, 2000)",[[0.58333333 1.         1.         0.95       0.53333333]],1
split_resid_norm,cube,0.923333333,0.92538473,0.912409296,2712.926206,71.00873971,0.2,500,normal,"(400, 2000, 2000, 2000)",[[0.86666667 0.95       0.91666667 0.95       0.93333333]],1
split_resid_norm,cube,0.896666667,1.970206631,0.812698786,2913.11811,46.21131396,0.5,500,normal,"(400, 2000, 2000, 2000)",[[0.66666667 0.9        0.98333333 0.95       0.98333333]],1
split_resid_norm,cube,0.9,3.604105815,0.700597482,1471.594119,62.67833114,1,500,normal,"(400, 2000, 2000, 2000)",[[0.75       0.86666667 0.93333333 0.95       1.        ]],1
split_resid_norm,nmm,0.9,0.892023199,0.92668151,21406.90099,16.8173871,0,1000,normal,"(200, 1000)",[[0.95       1.         0.86666667 0.83333333 0.85      ]],1
split_resid_norm,nmm,0.84,1.172792368,0.907101346,20558.45774,15.29908466,0.2,1000,normal,"(200, 1000)",[[0.95       0.86666667 0.93333333 0.63333333 0.81666667]],1
split_resid_norm,nmm,0.906666667,2.304011023,0.834706202,18735.78633,15.38254452,0.5,1000,normal,"(200, 1000)",[[0.93333333 0.88333333 0.93333333 0.86666667 0.91666667]],1
split_resid_norm,nmm,0.883333333,3.453704692,0.7751485,16262.43707,12.40926385,1,1000,normal,"(200, 1000)",[[0.96666667 0.78333333 0.83333333 0.95       0.88333333]],1
split_resid_norm,cube,0.97,0.061948616,0.99232117,5124.076375,13.86670351,0,1000,normal,"(200, 1000)",[[0.96666667 1.         1.         1.         0.88333333]],1
split_resid_norm,cube,0.926666667,0.757413014,0.920742358,3725.092869,14.85043406,0.2,1000,normal,"(200, 1000)",[[0.88333333 0.91666667 0.91666667 0.95       0.96666667]],1
split_resid_norm,cube,0.923333333,1.705770828,0.874404582,2676.844073,7.332310438,0.5,1000,normal,"(200, 1000)",[[0.83333333 0.9        0.96666667 0.95       0.96666667]],1
split_resid_norm,cube,0.94,3.670569543,0.607087749,1559.224913,4.964999437,1,1000,normal,"(200, 1000)",[[0.93333333 0.9        0.96666667 0.95       0.95      ]],1
split_resid_norm,nmm,0.893333333,0.661313077,0.945644335,22021.86214,94.61106253,0,1000,normal,"(200, 1000, 1000, 1000)",[[0.83333333 0.91666667 1.         0.85       0.86666667]],1
split_resid_norm,nmm,0.843333333,0.941861518,0.924617177,21112.34684,73.69622731,0.2,1000,normal,"(200, 1000, 1000, 1000)",[[0.91666667 0.96666667 0.98333333 0.73333333 0.61666667]],1
split_resid_norm,nmm,0.87,2.124715009,0.84671117,18539.60426,30.10181093,0.5,1000,normal,"(200, 1000, 1000, 1000)",[[0.76666667 0.85       0.9        0.9        0.93333333]],1
split_resid_norm,nmm,0.816666667,2.913435509,0.814684708,17569.41297,35.9215641,1,1000,normal,"(200, 1000, 1000, 1000)",[[0.7        0.76666667 0.86666667 0.86666667 0.88333333]],1
split_resid_norm,cube,0.906666667,0.088055461,0.988121092,4718.678563,29.42920876,0,1000,normal,"(200, 1000, 1000, 1000)",[[0.8        1.         0.8        1.         0.93333333]],1
split_resid_norm,cube,0.923333333,0.749085854,0.890849415,2794.136216,25.54698873,0.2,1000,normal,"(200, 1000, 1000, 1000)",[[0.83333333 0.93333333 0.98333333 0.95       0.91666667]],1
split_resid_norm,cube,0.906666667,1.890079448,0.868134458,3057.422484,24.27246666,0.5,1000,normal,"(200, 1000, 1000, 1000)",[[0.78333333 0.9        0.9        0.96666667 0.98333333]],1
split_resid_norm,cube,0.863333333,3.10882118,0.691692015,2066.490066,22.71613979,1,1000,normal,"(200, 1000, 1000, 1000)",[[0.71666667 0.86666667 0.81666667 0.93333333 0.98333333]],1
split_resid_norm,nmm,0.926666667,1.200255972,0.901346145,21038.03081,34.55665755,0,1000,normal,"(400, 2000)",[[1.         0.88333333 1.         0.86666667 0.88333333]],1
split_resid_norm,nmm,0.886666667,1.650311735,0.870430094,20251.08803,34.71895909,0.2,1000,normal,"(400, 2000)",[[0.7        0.98333333 0.95       0.86666667 0.93333333]],1
split_resid_norm,nmm,0.96,2.811162318,0.802084668,17332.45086,30.84012794,0.5,1000,normal,"(400, 2000)",[[0.95       0.88333333 0.98333333 1.         0.98333333]],1
split_resid_norm,nmm,0.936666667,4.364188323,0.718321608,14775.68724,33.07865763,1,1000,normal,"(400, 2000)",[[0.93333333 0.81666667 0.93333333 1.         1.        ]],1
split_resid_norm,cube,0.86,0.033838901,0.995381686,4719.229438,20.25592828,0,1000,normal,"(400, 2000)",[[0.68333333 0.71666667 1.         1.         0.9       ]],1
split_resid_norm,cube,0.766666667,0.521414687,0.943480849,4699.494364,30.05578375,0.2,1000,normal,"(400, 2000)",[[0.6        0.8        0.76666667 0.8        0.86666667]],1
split_resid_norm,cube,0.88,1.6592328,0.815990163,2257.781809,8.837590933,0.5,1000,normal,"(400, 2000)",[[0.83333333 0.81666667 0.88333333 0.91666667 0.95      ]],1
split_resid_norm,cube,0.94,4.336063502,0.489986899,1009.925255,11.79943538,1,1000,normal,"(400, 2000)",[[0.8        0.91666667 1.         0.98333333 1.        ]],1
split_resid_norm,nmm,0.926666667,0.718031878,0.940981793,21953.11155,185.3035777,0,1000,normal,"(400, 2000, 2000, 2000)",[[0.96666667 1.         1.         0.81666667 0.85      ]],1
split_resid_norm,nmm,0.91,1.58278032,0.874705243,20420.2822,208.3168631,0.2,1000,normal,"(400, 2000, 2000, 2000)",[[0.81666667 0.9        0.98333333 0.91666667 0.93333333]],1
split_resid_norm,nmm,0.91,2.221197818,0.833628243,18390.40835,127.1636684,0.5,1000,normal,"(400, 2000, 2000, 2000)",[[0.95       0.95       0.98333333 0.86666667 0.8       ]],1
split_resid_norm,nmm,0.87,4.557445943,0.716883059,14525.35243,124.8995624,1,1000,normal,"(400, 2000, 2000, 2000)",[[0.61666667 0.83333333 0.9        1.         1.        ]],1
split_resid_norm,cube,0.933333333,0.028086328,0.996286364,4425.033951,123.2331188,0,1000,normal,"(400, 2000, 2000, 2000)",[[0.9        0.78333333 1.         1.         0.98333333]],1
split_resid_norm,cube,0.93,0.892050041,0.836125644,2684.320122,111.1185851,0.2,1000,normal,"(400, 2000, 2000, 2000)",[[0.78333333 0.91666667 0.95       1.         1.        ]],1
split_resid_norm,cube,0.876666667,1.691794916,0.800169521,2605.946335,73.15035486,0.5,1000,normal,"(400, 2000, 2000, 2000)",[[0.71666667 0.85       0.91666667 0.95       0.95      ]],1
split_resid_norm,cube,0.883333333,3.533347023,0.60108469,1306.850713,61.84491038,1,1000,normal,"(400, 2000, 2000, 2000)",[[0.8        0.88333333 0.93333333 0.9        0.9       ]],1
split_resid_norm,linear,0.936666667,0.049856961,0.995012966,19899.71192,2.050980568,0,300,normal,"(200, 1000)",[[0.7        1.         1.         1.         0.98333333]],1
split_resid_norm,linear,0.906666667,0.784239422,0.923700994,17792.05888,1.678984404,0.2,300,normal,"(200, 1000)",[[0.8        0.81666667 0.95       0.98333333 0.98333333]],1
split_resid_norm,linear,0.98,5.95877196,0.466856364,8050.940594,1.901945829,0.5,300,normal,"(200, 1000)",[[0.93333333 0.96666667 1.         1.         1.        ]],1
split_resid_norm,linear,0.983333333,6.760859513,0.466011211,6356.046375,1.836453915,1,300,normal,"(200, 1000)",[[0.93333333 0.98333333 1.         1.         1.        ]],1
split_resid_norm,sinex_het,0.963333333,8.385793576,0.388906216,2492.481333,3.176401854,0,300,normal,"(200, 1000)",[[0.81666667 1.         1.         1.         1.        ]],1
split_resid_norm,sinex_het,0.876666667,4.836955749,0.683453502,5141.850919,2.88873601,0.2,300,normal,"(200, 1000)",[[0.76666667 0.86666667 1.         0.95       0.8       ]],1
split_resid_norm,sinex_het,0.88,5.323366112,0.61325404,5040.627119,3.50006938,0.5,300,normal,"(200, 1000)",[[0.63333333 0.93333333 0.98333333 1.         0.85      ]],1
split_resid_norm,sinex_het,0.973333333,16.52792895,-0.183060303,1248.75638,2.956137419,1,300,normal,"(200, 1000)",[[0.86666667 1.         1.         1.         1.        ]],1
split_resid_norm,linear,0.98,0.051149579,0.994878675,19899.19139,16.17523694,0,300,normal,"(200, 1000, 1000, 1000)",[[1.  1.  1.  1.  0.9]],1
split_resid_norm,linear,0.956666667,0.957344322,0.908939075,17492.70396,11.85245109,0.2,300,normal,"(200, 1000, 1000, 1000)",[[0.88333333 0.98333333 0.96666667 1.         0.95      ]],1
split_resid_norm,linear,0.97,2.198275854,0.816556829,14379.83982,14.19765449,0.5,300,normal,"(200, 1000, 1000, 1000)",[[0.95       0.98333333 0.98333333 1.         0.93333333]],1
split_resid_norm,linear,0.95,5.133999147,0.594616535,8485.234339,14.55130863,1,300,normal,"(200, 1000, 1000, 1000)",[[0.9        0.88333333 0.96666667 1.         1.        ]],1
split_resid_norm,sinex_het,0.966666667,7.247187168,0.455857343,3819.986114,15.90601897,0,300,normal,"(200, 1000, 1000, 1000)",[[0.86666667 1.         1.         1.         0.96666667]],1
split_resid_norm,sinex_het,0.976666667,7.532658255,0.576946921,3005.6327,10.02878189,0.2,300,normal,"(200, 1000, 1000, 1000)",[[0.95       1.         1.         1.         0.93333333]],1
split_resid_norm,sinex_het,0.83,6.392698081,0.560568785,5436.574272,9.352956533,0.5,300,normal,"(200, 1000, 1000, 1000)",[[0.38333333 0.78333333 1.         1.         0.98333333]],1
split_resid_norm,sinex_het,0.94,12.55292145,0.179529201,2539.132439,19.72811031,1,300,normal,"(200, 1000, 1000, 1000)",[[0.76666667 0.93333333 1.         1.         1.        ]],1
split_resid_norm,linear,0.87,0.022044239,0.997794678,19999.81935,6.228208542,0,300,normal,"(400, 2000)",[[0.83333333 1.         1.         0.53333333 0.98333333]],1
split_resid_norm,linear,0.936666667,0.974217556,0.908253943,17264.00015,5.37181139,0.2,300,normal,"(400, 2000)",[[0.85       0.86666667 1.         0.96666667 1.        ]],1
split_resid_norm,linear,0.983333333,2.875795189,0.738287739,12665.59767,5.199884892,0.5,300,normal,"(400, 2000)",[[0.95       0.96666667 1.         1.         1.        ]],1
split_resid_norm,linear,0.95,4.558647716,0.650012399,9164.313565,4.248735428,1,300,normal,"(400, 2000)",[[0.9        0.91666667 0.95       1.         0.98333333]],1
split_resid_norm,sinex_het,0.89,4.517368675,0.686453245,7300.393747,8.231477737,0,300,normal,"(400, 2000)",[[0.56666667 0.93333333 1.         1.         0.95      ]],1
split_resid_norm,sinex_het,0.916666667,7.117205053,0.511366565,4453.35819,8.310403824,0.2,300,normal,"(400, 2000)",[[0.65       0.93333333 1.         1.         1.        ]],1
split_resid_norm,sinex_het,0.966666667,7.223298548,0.495292491,4067.578192,9.005038977,0.5,300,normal,"(400, 2000)",[[0.96666667 1.         1.         1.         0.86666667]],1
split_resid_norm,sinex_het,0.94,16.61619114,0.065527225,2266.958095,8.955688715,1,300,normal,"(400, 2000)",[[0.7 1.  1.  1.  1. ]],1
split_resid_norm,linear,0.98,0.815611674,0.918432955,17811.47478,67.83948088,0,300,normal,"(400, 2000, 2000, 2000)",[[0.9 1.  1.  1.  1. ]],1
split_resid_norm,linear,0.93,2.233688033,0.789731853,14492.63835,71.88535619,0.2,300,normal,"(400, 2000, 2000, 2000)",[[0.71666667 0.93333333 1.         1.         1.        ]],1
split_resid_norm,linear,0.95,2.191133722,0.809764617,14238.58251,63.21093273,0.5,300,normal,"(400, 2000, 2000, 2000)",[[0.93333333 0.95       0.96666667 0.96666667 0.93333333]],1
split_resid_norm,linear,0.813333333,2.936337387,0.778220554,13072.76553,58.76845956,1,300,normal,"(400, 2000, 2000, 2000)",[[0.73333333 0.8        0.78333333 0.88333333 0.86666667]],1
split_resid_norm,sinex_het,0.82,5.223049823,0.606616404,6311.952435,48.45508575,0,300,normal,"(400, 2000, 2000, 2000)",[[0.38333333 0.75       1.         1.         0.96666667]],1
split_resid_norm,sinex_het,0.903333333,6.309826268,0.593679629,4915.98433,41.34254909,0.2,300,normal,"(400, 2000, 2000, 2000)",[[0.66666667 0.86666667 1.         1.         0.98333333]],1
split_resid_norm,sinex_het,0.96,10.7286273,0.278605906,2435.051901,31.34909821,0.5,300,normal,"(400, 2000, 2000, 2000)",[[0.8 1.  1.  1.  1. ]],1
split_resid_norm,sinex_het,0.97,9.355297284,0.273936531,1845.25838,41.0024519,1,300,normal,"(400, 2000, 2000, 2000)",[[0.86666667 1.         1.         1.         0.98333333]],1
split_resid_norm,linear,0.94,0.061141615,0.993884248,19856.56512,2.57804966,0,500,normal,"(200, 1000)",[[0.7 1.  1.  1.  1. ]],1
split_resid_norm,linear,0.923333333,1.320836176,0.872223709,16317.60121,2.176031351,0.2,500,normal,"(200, 1000)",[[0.73333333 0.88333333 1.         1.         1.        ]],1
split_resid_norm,linear,0.91,2.025359901,0.825701688,14434.9456,4.173215866,0.5,500,normal,"(200, 1000)",[[0.76666667 0.85       0.95       0.98333333 1.        ]],1
split_resid_norm,linear,0.933333333,4.210438556,0.66550221,10430.04827,2.33333087,1,500,normal,"(200, 1000)",[[0.91666667 0.91666667 0.88333333 0.96666667 0.98333333]],1
split_resid_norm,sinex_het,0.913333333,14.15282019,0.054636949,2732.07973,3.873150587,0,500,normal,"(200, 1000)",[[0.58333333 0.98333333 1.         1.         1.        ]],1
split_resid_norm,sinex_het,0.98,8.675506812,0.374714907,2383.398789,4.195029259,0.2,500,normal,"(200, 1000)",[[0.91666667 0.98333333 1.         1.         1.        ]],1
split_resid_norm,sinex_het,0.93,7.100216094,0.582209406,4297.617352,4.307515383,0.5,500,normal,"(200, 1000)",[[0.71666667 0.96666667 1.         1.         0.96666667]],1
split_resid_norm,sinex_het,0.953333333,9.321347708,0.439698284,2016.856236,3.484038591,1,500,normal,"(200, 1000)",[[0.78333333 1.         1.         1.         0.98333333]],1
split_resid_norm,linear,0.866666667,0.017916052,0.998207286,20000.59209,20.58337212,0,500,normal,"(200, 1000, 1000, 1000)",[[0.68333333 1.         1.         0.76666667 0.88333333]],1
split_resid_norm,linear,0.953333333,0.88810638,0.916564691,17578.49622,19.04800987,0.2,500,normal,"(200, 1000, 1000, 1000)",[[0.9        0.95       0.96666667 0.96666667 0.98333333]],1
split_resid_norm,linear,0.92,2.643674437,0.765882425,13246.75461,15.74489999,0.5,500,normal,"(200, 1000, 1000, 1000)",[[0.81666667 0.8        0.98333333 1.         1.        ]],1
split_resid_norm,linear,0.87,3.19324094,0.764184627,12673.1103,17.64308691,1,500,normal,"(200, 1000, 1000, 1000)",[[0.8        0.81666667 0.83333333 0.95       0.95      ]],1
split_resid_norm,sinex_het,0.913333333,8.563921488,0.382610537,3746.866573,16.28526783,0,500,normal,"(200, 1000, 1000, 1000)",[[0.58333333 0.98333333 1.         1.         1.        ]],1
split_resid_norm,sinex_het,0.953333333,7.685850717,0.433404016,2478.686082,21.65470123,0.2,500,normal,"(200, 1000, 1000, 1000)",[[0.76666667 1.         1.         1.         1.        ]],1
split_resid_norm,sinex_het,0.973333333,13.2551281,-0.038995922,1172.036475,19.38514757,0.5,500,normal,"(200, 1000, 1000, 1000)",[[0.86666667 1.         1.         1.         1.        ]],1
split_resid_norm,sinex_het,0.963333333,9.490377714,0.305424981,2977.852231,18.34352255,1,500,normal,"(200, 1000, 1000, 1000)",[[0.86666667 1.         1.         1.         0.95      ]],1
split_resid_norm,linear,0.916666667,0.035000118,0.996499711,19947.16309,7.41098237,0,500,normal,"(400, 2000)",[[0.61666667 1.         1.         1.         0.96666667]],1
split_resid_norm,linear,0.94,2.615768929,0.747336402,13589.85284,8.326094151,0.2,500,normal,"(400, 2000)",[[0.7 1.  1.  1.  1. ]],1
split_resid_norm,linear,0.976666667,2.368873109,0.782711514,13776.91327,6.609738111,0.5,500,normal,"(400, 2000)",[[0.95       0.96666667 0.98333333 1.         0.98333333]],1
split_resid_norm,linear,0.93,3.843619046,0.747668668,11469.41845,8.759614944,1,500,normal,"(400, 2000)",[[0.85       0.91666667 0.93333333 0.98333333 0.96666667]],1
split_resid_norm,sinex_het,0.956666667,7.182767905,0.504936289,3353.643323,13.42271733,0,500,normal,"(400, 2000)",[[0.8        0.98333333 1.         1.         1.        ]],1
split_resid_norm,sinex_het,0.883333333,4.891488323,0.674078872,4589.912623,13.31590104,0.2,500,normal,"(400, 2000)",[[0.68333333 0.95       1.         0.95       0.83333333]],1
split_resid_norm,sinex_het,0.996666667,33.64170209,-1.354294787,656.1028153,14.91602898,0.5,500,normal,"(400, 2000)",[[0.98333333 1.         1.         1.         1.        ]],1
split_resid_norm,sinex_het,0.896666667,14.80650942,0.116137959,3864.695023,15.10250497,1,500,normal,"(400, 2000)",[[0.55       0.93333333 1.         1.         1.        ]],1
split_resid_norm,linear,0.916666667,0.40315893,0.95968384,19099.63333,56.69418669,0,500,normal,"(400, 2000, 2000, 2000)",[[1.         1.         0.8        1.         0.78333333]],1
split_resid_norm,linear,0.936666667,0.837500157,0.919316081,17578.27159,74.64236283,0.2,500,normal,"(400, 2000, 2000, 2000)",[[0.83333333 0.95       0.95       0.96666667 0.98333333]],1
split_resid_norm,linear,0.966666667,2.129255649,0.807179323,14367.05136,65.11003566,0.5,500,normal,"(400, 2000, 2000, 2000)",[[0.95       0.95       0.96666667 0.98333333 0.98333333]],1
split_resid_norm,linear,0.88,3.219714937,0.768744032,11758.85435,59.1304698,1,500,normal,"(400, 2000, 2000, 2000)",[[0.86666667 0.9        0.88333333 0.9        0.85      ]],1
split_resid_norm,sinex_het,0.893333333,5.456453477,0.643538401,5644.255212,70.77717829,0,500,normal,"(400, 2000, 2000, 2000)",[[0.58333333 0.95       1.         1.         0.93333333]],1
split_resid_norm,sinex_het,0.846666667,4.391664475,0.718108592,6800.373184,66.50525308,0.2,500,normal,"(400, 2000, 2000, 2000)",[[0.63333333 0.96666667 1.         0.9        0.73333333]],1
split_resid_norm,sinex_het,0.926666667,5.598150755,0.602314804,4079.788051,72.89144444,0.5,500,normal,"(400, 2000, 2000, 2000)",[[0.83333333 0.95       1.         0.98333333 0.86666667]],1
split_resid_norm,sinex_het,0.943333333,7.915511585,0.48854954,2896.872959,94.65442252,1,500,normal,"(400, 2000, 2000, 2000)",[[0.8        0.98333333 1.         1.         0.93333333]],1
split_resid_norm,linear,0.886666667,0.009812745,0.999018548,20036.36923,3.654311419,0,1000,normal,"(200, 1000)",[[0.76666667 1.         1.         0.68333333 0.98333333]],1
split_resid_norm,linear,0.876666667,0.613333693,0.940317437,18330.92628,3.910059929,0.2,1000,normal,"(200, 1000)",[[0.9        0.86666667 0.86666667 0.86666667 0.88333333]],1
split_resid_norm,linear,0.936666667,1.767230357,0.844932107,15272.75375,4.140842199,0.5,1000,normal,"(200, 1000)",[[0.96666667 0.9        0.93333333 0.93333333 0.95      ]],1
split_resid_norm,linear,0.956666667,5.833620947,0.593633731,8116.122814,3.683327913,1,1000,normal,"(200, 1000)",[[0.8        0.98333333 1.         1.         1.        ]],1
split_resid_norm,sinex_het,0.92,6.253390067,0.579526092,5194.600195,7.374643087,0,1000,normal,"(200, 1000)",[[0.7        0.96666667 1.         1.         0.93333333]],1
split_resid_norm,sinex_het,0.916666667,6.949726745,0.536953755,4392.704793,6.939607143,0.2,1000,normal,"(200, 1000)",[[0.6        0.98333333 1.         1.         1.        ]],1
split_resid_norm,sinex_het,0.863333333,4.649964238,0.664648583,6035.816702,7.611485481,0.5,1000,normal,"(200, 1000)",[[0.61666667 0.93333333 1.         0.96666667 0.8       ]],1
split_resid_norm,sinex_het,0.9,8.974091185,0.454960167,4500.127644,6.595691919,1,1000,normal,"(200, 1000)",[[0.65 0.85 1.   1.   1.  ]],1
split_resid_norm,linear,0.903333333,0.011100575,0.998889931,20037.8004,24.00599575,0,1000,normal,"(200, 1000, 1000, 1000)",[[0.51666667 1.         1.         1.         1.        ]],1
split_resid_norm,linear,0.826666667,0.731269323,0.929911196,17958.4776,25.8023262,0.2,1000,normal,"(200, 1000, 1000, 1000)",[[0.55       0.81666667 0.81666667 0.96666667 0.98333333]],1
split_resid_norm,linear,0.953333333,2.255319604,0.80222511,14091.4761,31.70892835,0.5,1000,normal,"(200, 1000, 1000, 1000)",[[0.83333333 0.93333333 1.         1.         1.        ]],1
split_resid_norm,linear,0.826666667,2.799291282,0.787461091,13036.48672,39.13230705,1,1000,normal,"(200, 1000, 1000, 1000)",[[0.75       0.78333333 0.81666667 0.88333333 0.9       ]],1
split_resid_norm,sinex_het,0.923333333,6.793926581,0.529897191,3329.23104,27.08488512,0,1000,normal,"(200, 1000, 1000, 1000)",[[0.7        1.         1.         0.98333333 0.93333333]],1
split_resid_norm,sinex_het,0.753333333,3.322158864,0.754737207,7063.672508,31.80105305,0.2,1000,normal,"(200, 1000, 1000, 1000)",[[0.43333333 0.8        1.         0.9        0.63333333]],1
split_resid_norm,sinex_het,0.9,5.209101762,0.622611319,6159.196765,33.3991003,0.5,1000,normal,"(200, 1000, 1000, 1000)",[[0.81666667 0.98333333 1.         0.98333333 0.71666667]],1
split_resid_norm,sinex_het,0.936666667,6.980068299,0.531049025,3590.18988,30.94793916,1,1000,normal,"(200, 1000, 1000, 1000)",[[0.76666667 0.95       1.         0.98333333 0.98333333]],1
split_resid_norm,linear,0.936666667,0.009046058,0.999094051,20038.83162,10.76355267,0,1000,normal,"(400, 2000)",[[0.7        1.         1.         1.         0.98333333]],1
split_resid_norm,linear,0.926666667,0.926217826,0.908974439,17319.21614,11.00991893,0.2,1000,normal,"(400, 2000)",[[0.83333333 0.85       0.96666667 0.98333333 1.        ]],1
split_resid_norm,linear,0.83,1.525737341,0.864693862,16067.30095,10.42346048,0.5,1000,normal,"(400, 2000)",[[0.8        0.88333333 0.81666667 0.83333333 0.81666667]],1
split_resid_norm,linear,0.823333333,2.807103048,0.788733858,12993.89132,8.788545609,1,1000,normal,"(400, 2000)",[[0.86666667 0.7        0.78333333 0.88333333 0.88333333]],1
split_resid_norm,sinex_het,0.87,4.30641047,0.708403107,6271.404842,18.90205002,0,1000,normal,"(400, 2000)",[[0.58333333 0.9        1.         0.96666667 0.9       ]],1
split_resid_norm,sinex_het,0.95,7.490203706,0.427202346,3615.52146,17.8301816,0.2,1000,normal,"(400, 2000)",[[0.76666667 0.98333333 1.         1.         1.        ]],1
split_resid_norm,sinex_het,0.943333333,9.841357663,0.350034037,2736.886307,23.63068104,0.5,1000,normal,"(400, 2000)",[[0.71666667 1.         1.         1.         1.        ]],1
split_resid_norm,sinex_het,0.87,5.612601527,0.627627611,5715.818845,17.88399482,1,1000,normal,"(400, 2000)",[[0.75       0.93333333 0.98333333 0.88333333 0.8       ]],1
split_resid_norm,linear,0.88,0.006777919,0.999321808,20047.51221,105.1854582,0,1000,normal,"(400, 2000, 2000, 2000)",[[0.81666667 1.         1.         0.8        0.78333333]],1
split_resid_norm,linear,0.91,0.7242932,0.929054938,17921.93532,112.8934894,0.2,1000,normal,"(400, 2000, 2000, 2000)",[[0.88333333 0.93333333 0.9        0.9        0.93333333]],1
split_resid_norm,linear,0.943333333,1.843024645,0.834386087,15304.22172,107.7996728,0.5,1000,normal,"(400, 2000, 2000, 2000)",[[0.93333333 0.93333333 0.95       0.96666667 0.93333333]],1
split_resid_norm,linear,0.953333333,3.869934684,0.730138855,10990.89709,124.9082656,1,1000,normal,"(400, 2000, 2000, 2000)",[[0.88333333 0.95       0.96666667 0.98333333 0.98333333]],1
split_resid_norm,sinex_het,0.95,6.773321081,0.586562096,3704.325671,179.6602256,0,1000,normal,"(400, 2000, 2000, 2000)",[[0.86666667 0.96666667 1.         0.98333333 0.93333333]],1
split_resid_norm,sinex_het,0.916666667,6.036300005,0.53317413,4027.780057,113.0816774,0.2,1000,normal,"(400, 2000, 2000, 2000)",[[0.68333333 0.91666667 1.         1.         0.98333333]],1
split_resid_norm,sinex_het,0.936666667,7.059029618,0.50055214,3367.875889,103.2971432,0.5,1000,normal,"(400, 2000, 2000, 2000)",[[0.86666667 0.95       1.         0.96666667 0.9       ]],1
split_resid_norm,sinex_het,0.89,5.659338817,0.600208606,5280.251685,123.2923706,1,1000,normal,"(400, 2000, 2000, 2000)",[[0.81666667 0.96666667 0.95       0.85       0.86666667]],1
split_resid_norm,linear,0.976666667,6.935441128,0.550433299,6206.759827,1.643034697,4,300,student,"(200, 1000)",[[0.95       0.96666667 1.         0.96666667 1.        ]],1
split_resid_norm,linear,0.826666667,4.24193337,0.7316344,11451.59057,1.622684002,5,300,student,"(200, 1000)",[[0.55       0.85       0.83333333 0.93333333 0.96666667]],1
split_resid_norm,linear,0.923333333,4.742176037,0.714853237,9697.724965,1.981843948,10,300,student,"(200, 1000)",[[0.81666667 0.9        0.93333333 0.98333333 0.98333333]],1
split_resid_norm,linear,0.9,17.37140684,-0.1987328,6483.994007,1.066530943,1000,300,student,"(200, 1000)",[[0.6 0.9 1.  1.  1. ]],1
split_resid_norm,sinex_het,0.853333333,10.04355142,0.469700766,4116.463279,2.110790253,4,300,student,"(200, 1000)",[[0.5        0.8        0.98333333 0.98333333 1.        ]],1
split_resid_norm,sinex_het,0.916666667,7.514536183,0.495938087,3715.218019,2.432593584,5,300,student,"(200, 1000)",[[0.76666667 0.86666667 0.96666667 1.         0.98333333]],1
split_resid_norm,sinex_het,0.966666667,7.94565127,0.458060619,3489.291475,4.325763464,10,300,student,"(200, 1000)",[[0.9        1.         1.         1.         0.93333333]],1
split_resid_norm,sinex_het,0.806666667,16.18357156,-0.141751942,4426.625731,2.872006178,1000,300,student,"(200, 1000)",[[0.21666667 0.81666667 1.         1.         1.        ]],1
split_resid_norm,nmm,0.933333333,6.437237349,0.634415561,13256.92207,9.35965991,4,300,student,"(200, 1000)",[[0.88333333 0.95       0.88333333 0.98333333 0.96666667]],1
split_resid_norm,nmm,0.973333333,11.98916131,0.487724183,8480.518778,9.683796883,5,300,student,"(200, 1000)",[[0.91666667 0.96666667 0.98333333 1.         1.        ]],1
split_resid_norm,nmm,0.97,7.179633748,0.568100871,12322.26518,9.495496035,10,300,student,"(200, 1000)",[[0.88333333 0.96666667 1.         1.         1.        ]],1
split_resid_norm,nmm,0.943333333,5.314306821,0.674851546,14508.14857,10.01793194,1000,300,student,"(200, 1000)",[[0.83333333 0.95       0.93333333 1.         1.        ]],1
split_resid_norm,cube,0.893333333,5.950648971,0.800830931,1600.186879,2.524287462,4,300,student,"(200, 1000)",[[0.71666667 0.86666667 0.93333333 0.98333333 0.96666667]],1
split_resid_norm,cube,0.88,4.236554106,0.715512289,1947.866666,1.419785023,5,300,student,"(200, 1000)",[[0.8        0.81666667 0.88333333 0.91666667 0.98333333]],1
split_resid_norm,cube,0.893333333,3.334987799,0.683421652,1810.267477,1.927053452,10,300,student,"(200, 1000)",[[0.88333333 0.93333333 0.91666667 0.85       0.88333333]],1
split_resid_norm,cube,0.973333333,5.548432976,0.499304595,704.2319908,1.781383991,1000,300,student,"(200, 1000)",[[0.96666667 0.93333333 0.98333333 1.         0.98333333]],1
split_resid_norm,linear,0.643333333,2.790687699,0.857707728,12307.0242,8.542685509,4,300,student,"(200, 1000, 1000, 1000)",[[0.43333333 0.7        0.66666667 0.76666667 0.65      ]],1
split_resid_norm,linear,0.926666667,7.95449337,0.505539418,6576.745523,12.81972671,5,300,student,"(200, 1000, 1000, 1000)",[[0.8        0.88333333 0.98333333 0.96666667 1.        ]],1
split_resid_norm,linear,0.886666667,6.065969846,0.580655085,7746.395923,10.98354435,10,300,student,"(200, 1000, 1000, 1000)",[[0.61666667 0.86666667 0.95       1.         1.        ]],1
split_resid_norm,linear,0.94,4.658790255,0.629350486,9559.823935,10.8898263,1000,300,student,"(200, 1000, 1000, 1000)",[[0.9        0.88333333 0.93333333 0.98333333 1.        ]],1
split_resid_norm,sinex_het,0.983333333,11.49555089,0.408629407,1731.990561,12.79294181,4,300,student,"(200, 1000, 1000, 1000)",[[0.95       1.         0.98333333 1.         0.98333333]],1
split_resid_norm,sinex_het,0.83,6.276808226,0.654954917,5429.460344,7.592762947,5,300,student,"(200, 1000, 1000, 1000)",[[0.46666667 0.78333333 0.93333333 1.         0.96666667]],1
split_resid_norm,sinex_het,0.92,6.97806403,0.536014157,4329.703348,9.128104687,10,300,student,"(200, 1000, 1000, 1000)",[[0.8        0.9        0.98333333 0.98333333 0.93333333]],1
split_resid_norm,sinex_het,0.89,5.718928828,0.664700787,6256.765561,10.30257177,1000,300,student,"(200, 1000, 1000, 1000)",[[0.7        0.96666667 1.         0.98333333 0.8       ]],1
split_resid_norm,nmm,0.973333333,6.727813019,0.657608176,12131.52422,12.96073532,4,300,student,"(200, 1000, 1000, 1000)",[[0.93333333 0.96666667 0.98333333 0.98333333 1.        ]],1
split_resid_norm,nmm,0.92,4.748338733,0.740839157,14587.85811,15.33807063,5,300,student,"(200, 1000, 1000, 1000)",[[0.91666667 0.88333333 0.93333333 0.93333333 0.93333333]],1
split_resid_norm,nmm,0.92,4.249662145,0.749969745,15429.49146,21.82098556,10,300,student,"(200, 1000, 1000, 1000)",[[0.9        0.88333333 0.93333333 0.95       0.93333333]],1
split_resid_norm,nmm,0.886666667,5.623169103,0.670656837,14389.81893,15.34702969,1000,300,student,"(200, 1000, 1000, 1000)",[[0.61666667 0.85       0.98333333 0.98333333 1.        ]],1
split_resid_norm,cube,0.986666667,15.38020881,-0.039610533,867.2854879,7.981678247,4,300,student,"(200, 1000, 1000, 1000)",[[0.95       0.98333333 1.         1.         1.        ]],1
split_resid_norm,cube,0.956666667,5.181150485,0.618420406,732.0274394,7.487333775,5,300,student,"(200, 1000, 1000, 1000)",[[0.93333333 0.95       0.98333333 0.98333333 0.93333333]],1
split_resid_norm,cube,0.953333333,5.039539766,0.572639633,1322.150882,8.647122622,10,300,student,"(200, 1000, 1000, 1000)",[[0.81666667 1.         0.95       1.         1.        ]],1
split_resid_norm,cube,0.97,4.419284966,0.725612621,2475.190065,9.742601633,1000,300,student,"(200, 1000, 1000, 1000)",[[0.91666667 0.98333333 0.98333333 0.98333333 0.98333333]],1
split_resid_norm,linear,0.87,4.19818156,0.777016784,11463.81888,4.393429279,4,300,student,"(400, 2000)",[[0.71666667 0.91666667 0.9        0.91666667 0.9       ]],1
split_resid_norm,linear,0.876666667,3.972266253,0.736932855,11143.79604,5.37039113,5,300,student,"(400, 2000)",[[0.7        0.83333333 0.91666667 0.96666667 0.96666667]],1
split_resid_norm,linear,0.99,7.713705706,0.439785294,5278.569672,5.426196575,10,300,student,"(400, 2000)",[[0.98333333 0.98333333 0.98333333 1.         1.        ]],1
split_resid_norm,linear,0.936666667,4.643289152,0.656310246,9979.502296,4.757651091,1000,300,student,"(400, 2000)",[[0.86666667 0.91666667 0.9        1.         1.        ]],1
split_resid_norm,sinex_het,0.78,5.260192649,0.716354219,5252.013353,4.160201788,4,300,student,"(400, 2000)",[[0.73333333 0.81666667 0.86666667 0.85       0.63333333]],1
split_resid_norm,sinex_het,0.876666667,5.986433085,0.731573164,5457.681008,6.706883907,5,300,student,"(400, 2000)",[[0.6        0.91666667 0.98333333 0.93333333 0.95      ]],1
split_resid_norm,sinex_het,0.926666667,7.286586396,0.520784801,3448.901656,7.015256405,10,300,student,"(400, 2000)",[[0.85       0.98333333 0.98333333 0.98333333 0.83333333]],1
split_resid_norm,sinex_het,0.843333333,5.655066159,0.673891201,5960.720438,7.254327774,1000,300,student,"(400, 2000)",[[0.51666667 0.86666667 1.         0.96666667 0.86666667]],1
split_resid_norm,nmm,0.953333333,9.01651324,0.49874351,10992.63466,20.67991257,4,300,student,"(400, 2000)",[[0.83333333 0.95       0.98333333 1.         1.        ]],1
split_resid_norm,nmm,0.95,5.673937966,0.678209456,12812.59789,17.99126792,5,300,student,"(400, 2000)",[[0.91666667 0.91666667 0.95       1.         0.96666667]],1
split_resid_norm,nmm,0.963333333,12.34586723,0.305866357,9179.725592,20.5779953,10,300,student,"(400, 2000)",[[0.86666667 0.95       1.         1.         1.        ]],1
split_resid_norm,nmm,0.953333333,4.673266675,0.721747766,15178.27735,23.27681708,1000,300,student,"(400, 2000)",[[0.88333333 0.91666667 1.         0.98333333 0.98333333]],1
split_resid_norm,cube,0.923333333,6.163916186,0.623160543,1505.995755,5.342939854,4,300,student,"(400, 2000)",[[0.86666667 0.88333333 0.9        0.98333333 0.98333333]],1
split_resid_norm,cube,0.9,4.39824681,0.687038225,1200.020361,2.746159315,5,300,student,"(400, 2000)",[[0.71666667 0.86666667 0.98333333 0.96666667 0.96666667]],1
split_resid_norm,cube,0.996666667,15.46022462,-0.414380145,179.918652,2.582752705,10,300,student,"(400, 2000)",[[0.98333333 1.         1.         1.         1.        ]],1
split_resid_norm,cube,0.916666667,3.856929884,0.620988566,1549.196021,7.407554388,1000,300,student,"(400, 2000)",[[0.75       0.9        0.96666667 1.         0.96666667]],1
split_resid_norm,linear,0.973333333,7.318496825,0.475585836,5974.236186,57.735883,4,300,student,"(400, 2000, 2000, 2000)",[[0.91666667 1.         0.96666667 0.98333333 1.        ]],1
split_resid_norm,linear,0.913333333,4.97063202,0.702388402,9423.064889,42.55574083,5,300,student,"(400, 2000, 2000, 2000)",[[0.8        0.85       0.96666667 0.96666667 0.98333333]],1
split_resid_norm,linear,0.753333333,2.666302804,0.816466899,13466.73562,47.81794286,10,300,student,"(400, 2000, 2000, 2000)",[[0.63333333 0.66666667 0.81666667 0.81666667 0.83333333]],1
split_resid_norm,linear,0.97,4.833730632,0.618905073,9387.730929,63.60189795,1000,300,student,"(400, 2000, 2000, 2000)",[[0.91666667 0.98333333 0.95       1.         1.        ]],1
split_resid_norm,sinex_het,0.89,6.314986319,0.709786542,4906.252669,46.65431309,4,300,student,"(400, 2000, 2000, 2000)",[[0.8        0.9        0.91666667 0.93333333 0.9       ]],1
split_resid_norm,sinex_het,0.993333333,11.87703314,0.230798826,692.2646724,45.77938151,5,300,student,"(400, 2000, 2000, 2000)",[[0.98333333 1.         1.         1.         0.98333333]],1
split_resid_norm,sinex_het,0.86,7.038616721,0.54520431,2508.038039,46.11859417,10,300,student,"(400, 2000, 2000, 2000)",[[0.75       0.93333333 1.         0.96666667 0.65      ]],1
split_resid_norm,sinex_het,0.986666667,10.88864696,0.287087155,2232.481454,37.96463871,1000,300,student,"(400, 2000, 2000, 2000)",[[0.95       0.98333333 1.         1.         1.        ]],1
split_resid_norm,nmm,0.956666667,6.601858258,0.721675505,13301.40055,57.43425918,4,300,student,"(400, 2000, 2000, 2000)",[[0.93333333 0.91666667 0.96666667 0.98333333 0.98333333]],1
split_resid_norm,nmm,0.946666667,6.042158471,0.645680945,12832.06944,67.44346762,5,300,student,"(400, 2000, 2000, 2000)",[[0.93333333 0.9        0.91666667 1.         0.98333333]],1
split_resid_norm,nmm,0.946666667,5.581287691,0.664930711,13062.62391,73.51924944,10,300,student,"(400, 2000, 2000, 2000)",[[0.9        0.91666667 0.98333333 0.95       0.98333333]],1
split_resid_norm,nmm,0.976666667,6.785865266,0.574449959,11187.17695,72.51170206,1000,300,student,"(400, 2000, 2000, 2000)",[[0.88333333 1.         1.         1.         1.        ]],1
split_resid_norm,cube,0.95,6.744755498,0.504549139,983.9092699,30.12202835,4,300,student,"(400, 2000, 2000, 2000)",[[0.83333333 1.         0.95       0.98333333 0.98333333]],1
split_resid_norm,cube,0.963333333,7.361431142,0.51343617,703.2654925,21.23575759,5,300,student,"(400, 2000, 2000, 2000)",[[0.93333333 0.93333333 0.96666667 0.98333333 1.        ]],1
split_resid_norm,cube,0.966666667,6.778138219,0.325586345,353.3723268,23.34425139,10,300,student,"(400, 2000, 2000, 2000)",[[1.         1.         0.98333333 1.         0.85      ]],1
split_resid_norm,cube,0.906666667,3.346368252,0.708677867,1947.615979,47.97805166,1000,300,student,"(400, 2000, 2000, 2000)",[[0.85       0.9        0.93333333 0.91666667 0.93333333]],1
split_resid_norm,linear,0.966666667,9.164823854,0.494929642,4928.148289,1.221610785,4,500,student,"(200, 1000)",[[0.88333333 0.96666667 0.98333333 1.         1.        ]],1
split_resid_norm,linear,0.946666667,7.782966467,0.460003253,6372.471002,1.936026812,5,500,student,"(200, 1000)",[[0.83333333 0.9        1.         1.         1.        ]],1
split_resid_norm,linear,0.946666667,4.770540476,0.643454157,10167.36178,3.14931941,10,500,student,"(200, 1000)",[[0.9        0.86666667 0.96666667 1.         1.        ]],1
split_resid_norm,linear,0.976666667,4.853313544,0.66067604,9195.912176,2.677212238,1000,500,student,"(200, 1000)",[[0.96666667 0.95       0.96666667 1.         1.        ]],1
split_resid_norm,sinex_het,0.876666667,9.503254832,0.376316736,4431.176286,5.043620348,4,500,student,"(200, 1000)",[[0.53333333 0.88333333 0.96666667 1.         1.        ]],1
split_resid_norm,sinex_het,0.91,9.726795257,0.367865582,3844.536803,4.082209349,5,500,student,"(200, 1000)",[[0.7        0.88333333 0.98333333 0.98333333 1.        ]],1
split_resid_norm,sinex_het,0.91,6.834440747,0.550920611,4001.652039,5.573345423,10,500,student,"(200, 1000)",[[0.71666667 0.86666667 1.         1.         0.96666667]],1
split_resid_norm,sinex_het,0.863333333,5.998591396,0.572409438,5509.884597,4.643656254,1000,500,student,"(200, 1000)",[[0.61666667 0.9        0.96666667 0.96666667 0.86666667]],1
split_resid_norm,nmm,0.953333333,6.208440938,0.660994743,12588.11198,13.01287293,4,500,student,"(200, 1000)",[[0.93333333 0.98333333 0.9        0.95       1.        ]],1
split_resid_norm,nmm,0.956666667,10.00376343,0.449288425,6663.854118,8.990346909,5,500,student,"(200, 1000)",[[0.85       0.93333333 1.         1.         1.        ]],1
split_resid_norm,nmm,0.986666667,6.683862085,0.575793147,11249.33825,12.98112154,10,500,student,"(200, 1000)",[[0.98333333 0.96666667 0.98333333 1.         1.        ]],1
split_resid_norm,nmm,0.993333333,11.98618087,0.221012883,5369.704812,11.14207792,1000,500,student,"(200, 1000)",[[0.96666667 1.         1.         1.         1.        ]],1
split_resid_norm,cube,0.976666667,6.292812497,0.430328365,453.2245989,2.152460814,4,500,student,"(200, 1000)",[[0.98333333 0.96666667 0.98333333 0.98333333 0.96666667]],1
split_resid_norm,cube,0.933333333,4.953119246,0.664125491,1597.912911,2.604537487,5,500,student,"(200, 1000)",[[0.98333333 0.98333333 0.96666667 0.91666667 0.81666667]],1
split_resid_norm,cube,0.926666667,4.327480302,0.553640323,797.1322689,1.288626671,10,500,student,"(200, 1000)",[[0.76666667 0.93333333 0.95       0.98333333 1.        ]],1
split_resid_norm,cube,0.896666667,4.331502679,0.514462894,990.3736413,4.791819334,1000,500,student,"(200, 1000)",[[0.75       0.78333333 0.95       1.         1.        ]],1
split_resid_norm,linear,0.956666667,5.435246717,0.650088383,8920.249173,21.194947,4,500,student,"(200, 1000, 1000, 1000)",[[0.91666667 1.         0.91666667 0.96666667 0.98333333]],1
split_resid_norm,linear,0.953333333,6.110348469,0.547885212,7640.049615,16.27053642,5,500,student,"(200, 1000, 1000, 1000)",[[0.93333333 0.93333333 0.93333333 0.96666667 1.        ]],1
split_resid_norm,linear,0.873333333,3.367294397,0.728107198,12066.18447,15.65551591,10,500,student,"(200, 1000, 1000, 1000)",[[0.8        0.83333333 0.88333333 0.85       1.        ]],1
split_resid_norm,linear,0.97,12.83934736,-0.027218491,4632.080862,17.18789601,1000,500,student,"(200, 1000, 1000, 1000)",[[0.9  0.95 1.   1.   1.  ]],1
split_resid_norm,sinex_het,0.886666667,17.05499364,0.171409544,2741.01629,20.07637644,4,500,student,"(200, 1000, 1000, 1000)",[[0.55       0.88333333 1.         1.         1.        ]],1
split_resid_norm,sinex_het,0.83,7.562456239,0.544109893,5019.517476,18.18944216,5,500,student,"(200, 1000, 1000, 1000)",[[0.46666667 0.76666667 0.95       0.98333333 0.98333333]],1
split_resid_norm,sinex_het,0.963333333,8.761299504,0.485569793,3309.879171,15.14452696,10,500,student,"(200, 1000, 1000, 1000)",[[0.86666667 0.98333333 1.         0.98333333 0.98333333]],1
split_resid_norm,sinex_het,0.96,7.970856942,0.480470111,2698.826246,14.50289607,1000,500,student,"(200, 1000, 1000, 1000)",[[0.81666667 1.         1.         1.         0.98333333]],1
split_resid_norm,nmm,0.916666667,6.287141872,0.712843208,13819.43725,28.37058115,4,500,student,"(200, 1000, 1000, 1000)",[[0.78333333 0.91666667 0.95       0.93333333 1.        ]],1
split_resid_norm,nmm,0.983333333,6.998258848,0.572594626,10942.84573,25.12850189,5,500,student,"(200, 1000, 1000, 1000)",[[0.95       1.         0.98333333 1.         0.98333333]],1
split_resid_norm,nmm,0.86,3.815901426,0.755088537,16257.84866,25.27745962,10,500,student,"(200, 1000, 1000, 1000)",[[0.86666667 0.8        0.83333333 0.83333333 0.96666667]],1
split_resid_norm,nmm,0.93,4.344474909,0.733440499,15499.63626,21.5217855,1000,500,student,"(200, 1000, 1000, 1000)",[[0.86666667 0.88333333 0.95       0.98333333 0.96666667]],1
split_resid_norm,cube,0.956666667,7.494533087,0.404910401,500.3855473,22.64598274,4,500,student,"(200, 1000, 1000, 1000)",[[0.86666667 0.98333333 0.95       1.         0.98333333]],1
split_resid_norm,cube,0.933333333,5.874152161,0.605568116,756.2175544,15.7664237,5,500,student,"(200, 1000, 1000, 1000)",[[0.83333333 0.93333333 0.95       1.         0.95      ]],1
split_resid_norm,cube,0.87,4.790431653,0.70651598,2062.170414,13.7498641,10,500,student,"(200, 1000, 1000, 1000)",[[0.65       0.81666667 0.9        0.98333333 1.        ]],1
split_resid_norm,cube,0.876666667,3.358202748,0.638180851,1226.995271,13.09350896,1000,500,student,"(200, 1000, 1000, 1000)",[[0.71666667 0.88333333 0.86666667 0.93333333 0.98333333]],1
split_resid_norm,linear,0.99,7.361498537,0.583790041,5512.522584,4.776770115,4,500,student,"(400, 2000)",[[0.96666667 1.         1.         0.98333333 1.        ]],1
split_resid_norm,linear,0.756666667,3.003350359,0.797727961,13604.42342,4.568812132,5,500,student,"(400, 2000)",[[0.66666667 0.6        0.8        0.8        0.91666667]],1
split_resid_norm,linear,0.963333333,5.262475887,0.644025517,7695.348586,4.909223795,10,500,student,"(400, 2000)",[[0.91666667 0.98333333 0.95       0.98333333 0.98333333]],1
split_resid_norm,linear,0.883333333,4.452893662,0.684471408,10323.94767,5.488344908,1000,500,student,"(400, 2000)",[[0.66666667 0.8        0.95       1.         1.        ]],1
split_resid_norm,sinex_het,0.89,7.20858775,0.658764862,4220.605065,11.77261972,4,500,student,"(400, 2000)",[[0.66666667 0.93333333 0.93333333 0.98333333 0.93333333]],1
split_resid_norm,sinex_het,0.906666667,6.895530087,0.489853608,4197.335982,14.4428854,5,500,student,"(400, 2000)",[[0.71666667 0.93333333 0.98333333 0.98333333 0.91666667]],1
split_resid_norm,sinex_het,0.87,6.773974736,0.627526267,4749.612979,13.55855775,10,500,student,"(400, 2000)",[[0.68333333 0.95       0.98333333 0.95       0.78333333]],1
split_resid_norm,sinex_het,0.923333333,5.795059449,0.664228163,4983.981133,16.6467607,1000,500,student,"(400, 2000)",[[0.83333333 0.93333333 1.         1.         0.85      ]],1
split_resid_norm,nmm,0.953333333,6.350496249,0.744184773,11408.21443,20.39724851,4,500,student,"(400, 2000)",[[0.98333333 0.91666667 0.95       0.96666667 0.95      ]],1
split_resid_norm,nmm,0.9,4.593793041,0.767770705,14761.67072,27.95232606,5,500,student,"(400, 2000)",[[0.95       0.9        0.9        0.91666667 0.83333333]],1
split_resid_norm,nmm,0.94,7.278800231,0.586000029,12456.16418,29.31207108,10,500,student,"(400, 2000)",[[0.78333333 0.91666667 1.         1.         1.        ]],1
split_resid_norm,nmm,0.9,5.134029719,0.688908278,13311.80465,28.35664105,1000,500,student,"(400, 2000)",[[0.68333333 0.81666667 1.         1.         1.        ]],1
split_resid_norm,cube,0.973333333,6.988521144,0.610566043,733.2534859,4.006310225,4,500,student,"(400, 2000)",[[0.93333333 1.         0.98333333 0.96666667 0.98333333]],1
split_resid_norm,cube,0.923333333,4.61194726,0.670337274,1091.513713,4.489017725,5,500,student,"(400, 2000)",[[0.9        0.93333333 0.88333333 0.91666667 0.98333333]],1
split_resid_norm,cube,0.99,7.02501816,0.29625101,334.3109597,7.937185526,10,500,student,"(400, 2000)",[[0.95 1.   1.   1.   1.  ]],1
split_resid_norm,cube,0.8,3.04206678,0.706822309,2497.468883,8.319401979,1000,500,student,"(400, 2000)",[[0.61666667 0.71666667 0.8        0.95       0.91666667]],1
split_resid_norm,linear,0.933333333,4.800342902,0.76904609,9449.073499,84.0039289,4,500,student,"(400, 2000, 2000, 2000)",[[0.85       0.95       0.98333333 0.95       0.93333333]],1
split_resid_norm,linear,0.92,12.17163706,0.142869927,6139.026876,70.76870322,5,500,student,"(400, 2000, 2000, 2000)",[[0.68333333 0.91666667 1.         1.         1.        ]],1
split_resid_norm,linear,0.87,3.682457743,0.735773227,11351.36617,60.17198277,10,500,student,"(400, 2000, 2000, 2000)",[[0.78333333 0.88333333 0.91666667 0.83333333 0.93333333]],1
split_resid_norm,linear,0.913333333,3.823118476,0.700779736,10714.48506,61.87960601,1000,500,student,"(400, 2000, 2000, 2000)",[[0.75       0.88333333 0.93333333 1.         1.        ]],1
split_resid_norm,sinex_het,0.886666667,7.237067696,0.64950511,4188.221636,52.44655204,4,500,student,"(400, 2000, 2000, 2000)",[[0.73333333 0.96666667 1.         0.98333333 0.75      ]],1
split_resid_norm,sinex_het,0.876666667,8.427580344,0.59233403,5092.877077,74.99213457,5,500,student,"(400, 2000, 2000, 2000)",[[0.58333333 0.86666667 0.95       0.98333333 1.        ]],1
split_resid_norm,sinex_het,0.92,7.964924486,0.492862334,2767.090083,51.99906707,10,500,student,"(400, 2000, 2000, 2000)",[[0.66666667 0.98333333 1.         0.96666667 0.98333333]],1
split_resid_norm,sinex_het,0.78,4.78278958,0.743488399,7311.367,52.19894695,1000,500,student,"(400, 2000, 2000, 2000)",[[0.51666667 0.85       0.98333333 0.85       0.7       ]],1
split_resid_norm,nmm,0.9,10.52676024,0.456839557,9008.324411,56.90072703,4,500,student,"(400, 2000, 2000, 2000)",[[0.68333333 0.83333333 1.         0.98333333 1.        ]],1
split_resid_norm,nmm,0.866666667,4.692931268,0.730065671,14924.80117,101.8594992,5,500,student,"(400, 2000, 2000, 2000)",[[0.68333333 0.83333333 0.9        0.95       0.96666667]],1
split_resid_norm,nmm,0.953333333,6.532404269,0.638498317,13254.4459,81.68369508,10,500,student,"(400, 2000, 2000, 2000)",[[0.81666667 0.96666667 1.         0.98333333 1.        ]],1
split_resid_norm,nmm,0.943333333,4.347227738,0.717689435,15424.11071,92.54866552,1000,500,student,"(400, 2000, 2000, 2000)",[[0.93333333 0.91666667 0.95       0.95       0.96666667]],1
split_resid_norm,cube,0.896666667,4.358485345,0.792942204,1944.824365,51.79695749,4,500,student,"(400, 2000, 2000, 2000)",[[0.9        0.88333333 0.93333333 0.86666667 0.9       ]],1
split_resid_norm,cube,0.936666667,5.511468567,0.471008657,829.2416187,63.0226717,5,500,student,"(400, 2000, 2000, 2000)",[[0.85       0.95       0.96666667 0.95       0.96666667]],1
split_resid_norm,cube,0.986666667,7.146894501,0.449485726,1036.23119,46.49946904,10,500,student,"(400, 2000, 2000, 2000)",[[0.95       0.98333333 1.         1.         1.        ]],1
split_resid_norm,cube,0.866666667,3.691553306,0.788606096,2180.767658,48.13096023,1000,500,student,"(400, 2000, 2000, 2000)",[[0.76666667 0.8        0.86666667 0.91666667 0.98333333]],1
split_resid_norm,linear,0.93,5.518981564,0.678212629,8509.148637,3.41113019,4,1000,student,"(200, 1000)",[[0.86666667 0.95       0.91666667 0.95       0.96666667]],1
split_resid_norm,linear,0.863333333,4.068994694,0.778285284,11388.31279,3.153499365,5,1000,student,"(200, 1000)",[[0.78333333 0.8        0.91666667 0.9        0.91666667]],1
split_resid_norm,linear,0.87,3.379481252,0.759689981,12840.80095,3.031542778,10,1000,student,"(200, 1000)",[[0.78333333 0.83333333 0.85       0.91666667 0.96666667]],1
split_resid_norm,linear,0.943333333,6.99798127,0.455919467,6960.016478,3.395077944,1000,1000,student,"(200, 1000)",[[0.8        0.91666667 1.         1.         1.        ]],1
split_resid_norm,sinex_het,0.923333333,12.90372774,0.24094121,2643.38222,5.962291956,4,1000,student,"(200, 1000)",[[0.66666667 0.95       1.         1.         1.        ]],1
split_resid_norm,sinex_het,0.876666667,6.701864149,0.665131216,5358.016792,5.712369204,5,1000,student,"(200, 1000)",[[0.66666667 0.9        0.96666667 0.98333333 0.86666667]],1
split_resid_norm,sinex_het,0.876666667,6.332239046,0.559735772,4838.209566,5.350737333,10,1000,student,"(200, 1000)",[[0.58333333 0.88333333 0.96666667 0.96666667 0.98333333]],1
split_resid_norm,sinex_het,0.813333333,5.392142288,0.682260261,5806.681578,6.254732609,1000,1000,student,"(200, 1000)",[[0.63333333 0.8        0.93333333 0.88333333 0.81666667]],1
split_resid_norm,nmm,0.923333333,4.845695846,0.768714872,14438.80806,19.33921313,4,1000,student,"(200, 1000)",[[0.9        0.95       0.9        0.95       0.91666667]],1
split_resid_norm,nmm,0.92,4.758679721,0.738915904,14667.91451,15.62130022,5,1000,student,"(200, 1000)",[[0.95       0.88333333 0.95       0.9        0.91666667]],1
split_resid_norm,nmm,0.91,4.189258787,0.744619367,15358.24613,17.41968822,10,1000,student,"(200, 1000)",[[0.91666667 0.81666667 0.95       0.95       0.91666667]],1
split_resid_norm,nmm,0.92,3.589696229,0.794960665,16572.40023,15.94329309,1000,1000,student,"(200, 1000)",[[0.95       0.95       0.86666667 0.88333333 0.95      ]],1
split_resid_norm,cube,0.91,5.861153761,0.594950616,1282.090068,5.073761702,4,1000,student,"(200, 1000)",[[0.78333333 0.93333333 0.86666667 0.96666667 1.        ]],1
split_resid_norm,cube,0.833333333,2.960062253,0.758173254,2164.468237,6.20746851,5,1000,student,"(200, 1000)",[[0.86666667 0.76666667 0.88333333 0.78333333 0.86666667]],1
split_resid_norm,cube,0.843333333,3.365879454,0.703429106,1860.475563,5.826901913,10,1000,student,"(200, 1000)",[[0.7        0.83333333 0.88333333 0.91666667 0.88333333]],1
split_resid_norm,cube,0.94,3.970130155,0.734386415,2209.362383,5.299194574,1000,1000,student,"(200, 1000)",[[0.93333333 0.93333333 0.96666667 0.93333333 0.93333333]],1
split_resid_norm,linear,0.893333333,4.260691291,0.718975294,10931.037,24.68468833,4,1000,student,"(200, 1000, 1000, 1000)",[[0.86666667 0.95       0.91666667 0.85       0.88333333]],1
split_resid_norm,linear,0.916666667,5.717633954,0.643040676,8181.26435,22.02405405,5,1000,student,"(200, 1000, 1000, 1000)",[[0.83333333 0.85       0.95       0.95       1.        ]],1
split_resid_norm,linear,0.926666667,3.923780145,0.691988472,11236.6879,23.29985142,10,1000,student,"(200, 1000, 1000, 1000)",[[0.95       0.9        0.95       0.9        0.93333333]],1
split_resid_norm,linear,0.873333333,5.019112668,0.621118577,9305.41453,30.16439986,1000,1000,student,"(200, 1000, 1000, 1000)",[[0.55       0.83333333 0.98333333 1.         1.        ]],1
split_resid_norm,sinex_het,0.856666667,6.797745454,0.683529886,4378.417579,30.41810918,4,1000,student,"(200, 1000, 1000, 1000)",[[0.75       0.8        0.98333333 0.91666667 0.83333333]],1
split_resid_norm,sinex_het,0.906666667,8.127987802,0.439030855,3804.05669,26.80435324,5,1000,student,"(200, 1000, 1000, 1000)",[[0.63333333 0.93333333 0.98333333 1.         0.98333333]],1
split_resid_norm,sinex_het,0.883333333,6.396953047,0.616214222,4609.322421,36.9235189,10,1000,student,"(200, 1000, 1000, 1000)",[[0.73333333 0.91666667 0.98333333 0.95       0.83333333]],1
split_resid_norm,sinex_het,0.933333333,7.228615274,0.540888903,2962.663428,42.42831945,1000,1000,student,"(200, 1000, 1000, 1000)",[[0.78333333 0.96666667 1.         1.         0.91666667]],1
split_resid_norm,nmm,0.926666667,5.703483663,0.738370789,14461.00819,41.33750701,4,1000,student,"(200, 1000, 1000, 1000)",[[0.88333333 0.88333333 0.96666667 0.93333333 0.96666667]],1
split_resid_norm,nmm,0.86,3.867136487,0.805136902,16330.64074,30.8494885,5,1000,student,"(200, 1000, 1000, 1000)",[[0.75       0.91666667 0.88333333 0.83333333 0.91666667]],1
split_resid_norm,nmm,0.876666667,4.082408395,0.748663657,15174.6192,34.0033083,10,1000,student,"(200, 1000, 1000, 1000)",[[0.83333333 0.9        0.85       0.88333333 0.91666667]],1
split_resid_norm,nmm,0.923333333,4.172812987,0.749396454,15329.3847,35.08761692,1000,1000,student,"(200, 1000, 1000, 1000)",[[0.88333333 0.86666667 0.95       0.95       0.96666667]],1
split_resid_norm,cube,0.89,4.091948819,0.78262948,1695.199969,29.78130221,4,1000,student,"(200, 1000, 1000, 1000)",[[0.78333333 0.83333333 0.95       0.95       0.93333333]],1
split_resid_norm,cube,0.88,3.846890478,0.684055092,2295.7386,20.2700088,5,1000,student,"(200, 1000, 1000, 1000)",[[0.86666667 0.88333333 0.91666667 0.83333333 0.9       ]],1
split_resid_norm,cube,0.873333333,5.400833363,0.506754821,982.1336232,23.47041559,10,1000,student,"(200, 1000, 1000, 1000)",[[0.63333333 0.83333333 0.91666667 0.98333333 1.        ]],1
split_resid_norm,cube,0.84,3.26378508,0.637853455,1514.743468,22.15736985,1000,1000,student,"(200, 1000, 1000, 1000)",[[0.6        0.85       0.91666667 0.9        0.93333333]],1
split_resid_norm,linear,0.86,3.67856095,0.734575185,11293.91476,15.64482093,4,1000,student,"(400, 2000)",[[0.78333333 0.85       0.88333333 0.81666667 0.96666667]],1
split_resid_norm,linear,0.93,8.402053099,0.456256869,6473.217111,13.71454,5,1000,student,"(400, 2000)",[[0.76666667 0.9        0.98333333 1.         1.        ]],1
split_resid_norm,linear,0.883333333,3.819905862,0.716027428,11519.11685,13.92372441,10,1000,student,"(400, 2000)",[[0.81666667 0.81666667 0.91666667 0.88333333 0.98333333]],1
split_resid_norm,linear,0.88,3.391724297,0.718673255,11893.52117,9.286937237,1000,1000,student,"(400, 2000)",[[0.76666667 0.81666667 0.88333333 0.95       0.98333333]],1
split_resid_norm,sinex_het,0.913333333,7.411725861,0.595134084,3966.073419,15.44518828,4,1000,student,"(400, 2000)",[[0.75       0.95       0.98333333 0.96666667 0.91666667]],1
split_resid_norm,sinex_het,0.92,7.006651494,0.572167888,3779.491323,19.44049239,5,1000,student,"(400, 2000)",[[0.73333333 0.95       0.98333333 0.98333333 0.95      ]],1
split_resid_norm,sinex_het,0.853333333,5.611450549,0.669586798,6350.051258,15.90499759,10,1000,student,"(400, 2000)",[[0.7        0.93333333 0.98333333 0.86666667 0.78333333]],1
split_resid_norm,sinex_het,0.9,5.613056059,0.627419075,5732.473679,16.51574755,1000,1000,student,"(400, 2000)",[[0.75       0.98333333 1.         0.96666667 0.8       ]],1
split_resid_norm,nmm,0.853333333,4.095126648,0.76800099,15104.49565,38.13633275,4,1000,student,"(400, 2000)",[[0.66666667 0.85       0.93333333 0.83333333 0.98333333]],1
split_resid_norm,nmm,0.913333333,5.044950385,0.738625817,13996.15445,33.41024613,5,1000,student,"(400, 2000)",[[0.91666667 0.86666667 0.88333333 0.95       0.95      ]],1
split_resid_norm,nmm,0.906666667,3.953969253,0.775561889,16309.57912,38.66981077,10,1000,student,"(400, 2000)",[[0.93333333 0.86666667 0.93333333 0.91666667 0.88333333]],1
split_resid_norm,nmm,0.94,4.492192235,0.704146173,15398.24401,34.62509012,1000,1000,student,"(400, 2000)",[[0.83333333 0.93333333 0.96666667 1.         0.96666667]],1
split_resid_norm,cube,0.876666667,4.228976259,0.650942424,1980.132955,19.19468331,4,1000,student,"(400, 2000)",[[0.78333333 0.86666667 0.88333333 0.9        0.95      ]],1
split_resid_norm,cube,0.843333333,3.590844521,0.742315285,2021.572682,11.63144612,5,1000,student,"(400, 2000)",[[0.73333333 0.81666667 0.91666667 0.88333333 0.86666667]],1
split_resid_norm,cube,0.91,5.432322788,0.610657831,822.4531668,10.89048409,10,1000,student,"(400, 2000)",[[0.71666667 0.88333333 0.96666667 0.98333333 1.        ]],1
split_resid_norm,cube,0.953333333,4.921970213,0.492933743,1464.264776,17.91008687,1000,1000,student,"(400, 2000)",[[0.86666667 0.93333333 1.         0.96666667 1.        ]],1
split_resid_norm,linear,0.93,5.605277752,0.724706482,8595.742006,89.42325878,4,1000,student,"(400, 2000, 2000, 2000)",[[0.81666667 0.91666667 0.96666667 0.98333333 0.96666667]],1
split_resid_norm,linear,0.903333333,4.142979285,0.788338745,10308.56119,100.8472657,5,1000,student,"(400, 2000, 2000, 2000)",[[0.86666667 0.93333333 0.9        0.9        0.91666667]],1
split_resid_norm,linear,0.843333333,3.173351335,0.761676719,12683.72073,85.55452275,10,1000,student,"(400, 2000, 2000, 2000)",[[0.71666667 0.81666667 0.83333333 0.93333333 0.91666667]],1
split_resid_norm,linear,0.896666667,3.359696024,0.751473197,12108.64743,130.5670416,1000,1000,student,"(400, 2000, 2000, 2000)",[[0.81666667 0.91666667 0.81666667 0.93333333 1.        ]],1
split_resid_norm,sinex_het,0.89,7.12412892,0.626974176,3313.605891,165.5309002,4,1000,student,"(400, 2000, 2000, 2000)",[[0.6        0.91666667 0.98333333 0.96666667 0.98333333]],1
split_resid_norm,sinex_het,0.886666667,7.085844695,0.54472364,3379.965397,83.72936964,5,1000,student,"(400, 2000, 2000, 2000)",[[0.7        0.95       0.93333333 0.98333333 0.86666667]],1
split_resid_norm,sinex_het,0.926666667,7.02681121,0.548139978,3694.173501,161.8205888,10,1000,student,"(400, 2000, 2000, 2000)",[[0.8        0.96666667 0.98333333 0.98333333 0.9       ]],1
split_resid_norm,sinex_het,0.896666667,5.196076922,0.725160034,5695.533477,103.2353117,1000,1000,student,"(400, 2000, 2000, 2000)",[[0.68333333 0.91666667 1.         0.95       0.93333333]],1
split_resid_norm,nmm,0.863333333,4.401408072,0.773291376,15026.6658,127.4941144,4,1000,student,"(400, 2000, 2000, 2000)",[[0.7        0.8        0.9        0.96666667 0.95      ]],1
split_resid_norm,nmm,0.893333333,4.075060853,0.790067174,15823.77229,143.5971344,5,1000,student,"(400, 2000, 2000, 2000)",[[0.81666667 0.91666667 0.86666667 0.9        0.96666667]],1
split_resid_norm,nmm,0.916666667,4.285014168,0.742805232,15262.71155,141.6203771,10,1000,student,"(400, 2000, 2000, 2000)",[[0.93333333 0.95       0.91666667 0.9        0.88333333]],1
split_resid_norm,nmm,0.926666667,3.975124971,0.746605425,15440.51444,127.9585886,1000,1000,student,"(400, 2000, 2000, 2000)",[[0.85       0.86666667 0.93333333 1.         0.98333333]],1
split_resid_norm,cube,0.856666667,4.085967199,0.69801264,1810.265747,106.7273927,4,1000,student,"(400, 2000, 2000, 2000)",[[0.76666667 0.8        0.86666667 0.93333333 0.91666667]],1
split_resid_norm,cube,0.936666667,8.255229627,0.514045314,1415.390536,111.2768168,5,1000,student,"(400, 2000, 2000, 2000)",[[0.78333333 0.93333333 0.98333333 0.98333333 1.        ]],1
split_resid_norm,cube,0.916666667,3.951881886,0.688311601,2419.683081,83.61222601,10,1000,student,"(400, 2000, 2000, 2000)",[[0.8        0.88333333 0.93333333 0.98333333 0.98333333]],1
split_resid_norm,cube,0.953333333,3.870905659,0.567614788,1214.683651,106.7472446,1000,1000,student,"(400, 2000, 2000, 2000)",[[0.95       0.88333333 0.96666667 0.98333333 0.98333333]],1
jackknife_plus,sinex_het,0.893333333,5.587292997,0.63751628,4484.762335,133.7426417,0,300,normal,"(400, 2000, 2000, 2000)",[[0.98333333 0.95       0.91666667 0.85       0.76666667]],1
jackknife_plus,sinex_het,0.896666667,5.335739735,0.564425834,5483.864655,144.9310439,0.2,300,normal,"(400, 2000, 2000, 2000)",[[0.88333333 0.88333333 0.91666667 0.93333333 0.86666667]],1
jackknife_plus,sinex_het,0.98,7.010669618,0.463037281,2534.927429,130.8069556,0.5,300,normal,"(400, 2000, 2000, 2000)",[[1.         1.         0.98333333 0.95       0.96666667]],1
jackknife_plus,sinex_het,0.963333333,6.801361589,0.500659363,2893.938652,135.8432684,1,300,normal,"(400, 2000, 2000, 2000)",[[0.95       0.96666667 0.98333333 0.95       0.96666667]],1
jackknife_plus,sinex_con,0.96,0.504258846,0.923981515,13097.58051,212.1399806,0,300,normal,"(400, 2000, 2000, 2000)",[[1.         1.         1.         0.96666667 0.83333333]],1
jackknife_plus,sinex_con,0.95,0.878185141,0.882727408,12041.88509,209.132854,0.2,300,normal,"(400, 2000, 2000, 2000)",[[0.96666667 0.98333333 0.91666667 0.95       0.93333333]],1
jackknife_plus,sinex_con,0.943333333,2.121238653,0.750935219,9495.365349,164.1675341,0.5,300,normal,"(400, 2000, 2000, 2000)",[[0.9        0.96666667 1.         0.95       0.9       ]],1
jackknife_plus,sinex_con,0.953333333,4.4902716,0.566568778,4918.206479,124.5254612,1,300,normal,"(400, 2000, 2000, 2000)",[[0.93333333 0.96666667 0.93333333 0.93333333 1.        ]],1
jackknife_plus,linear,0.99,0.350845275,0.964907657,18791.52557,169.9708781,0,300,normal,"(400, 2000, 2000, 2000)",[[1.   1.   1.   1.   0.95]],1
jackknife_plus,linear,0.926666667,0.914125473,0.911651409,17051.37172,183.2706008,0.2,300,normal,"(400, 2000, 2000, 2000)",[[1.         0.95       0.86666667 0.88333333 0.93333333]],1
jackknife_plus,linear,0.92,1.81599577,0.849136064,15200.70693,185.433949,0.5,300,normal,"(400, 2000, 2000, 2000)",[[0.85       0.91666667 0.93333333 0.95       0.95      ]],1
jackknife_plus,linear,0.916666667,3.630035331,0.718304387,10919.8124,186.9601541,1,300,normal,"(400, 2000, 2000, 2000)",[[0.88333333 0.93333333 0.91666667 0.88333333 0.96666667]],1
jackknife_plus,cube,0.986666667,0.167265244,0.980196881,4240.548919,130.7963729,0,300,normal,"(400, 2000, 2000, 2000)",[[1.         1.         1.         1.         0.93333333]],1
jackknife_plus,cube,0.956666667,0.893940078,0.915719404,3331.799239,170.8931503,0.2,300,normal,"(400, 2000, 2000, 2000)",[[0.96666667 0.95       0.96666667 0.96666667 0.93333333]],1
jackknife_plus,cube,0.916666667,1.902599676,0.817263552,1798.186128,98.72006106,0.5,300,normal,"(400, 2000, 2000, 2000)",[[0.95       0.88333333 0.9        0.9        0.95      ]],1
jackknife_plus,cube,0.93,3.704727051,0.651327773,1554.917621,95.58243203,1,300,normal,"(400, 2000, 2000, 2000)",[[0.9        0.86666667 0.91666667 0.96666667 1.        ]],1
jackknife_plus,nmm,0.92,1.209058284,0.900622933,20460.55434,238.977767,0,300,normal,"(400, 2000, 2000, 2000)",[[0.91666667 0.68333333 1.         1.         1.        ]],1
jackknife_plus,nmm,0.926666667,1.608496256,0.875301705,19602.76404,218.6871305,0.2,300,normal,"(400, 2000, 2000, 2000)",[[0.98333333 0.7        0.95       1.         1.        ]],1
jackknife_plus,nmm,0.916666667,2.329913645,0.833392287,18427.53785,188.4585598,0.5,300,normal,"(400, 2000, 2000, 2000)",[[0.91666667 0.96666667 0.76666667 0.95       0.98333333]],1
jackknife_plus,nmm,0.916666667,3.907645163,0.758363963,16042.00679,165.1392801,1,300,normal,"(400, 2000, 2000, 2000)",[[0.88333333 0.83333333 0.98333333 0.91666667 0.96666667]],1
cv,sinex_het,0.883333333,4.87228949,0.611893087,5902.743795,17.35382056,0,1000,normal,"(200, 1000)",999,5
cv,sinex_het,0.906666667,4.822531288,0.697290323,5790.896382,16.5696094,0.2,1000,normal,"(200, 1000)",999,5
cv,sinex_het,0.89,5.181217508,0.678523924,6229.864121,14.8701601,0.5,1000,normal,"(200, 1000)",999,5
cv,sinex_het,0.883333333,5.799043649,0.616031408,5479.272326,14.02528882,1,1000,normal,"(200, 1000)",999,5
cv_plus,sinex_het,0.883333333,4.903093916,0.609439332,5794.859733,16.95263696,0,1000,normal,"(200, 1000)",[[1.         0.98333333 0.81666667 0.88333333 0.73333333]],5
cv_plus,sinex_het,0.913333333,4.897235415,0.692601063,5721.277763,15.08997488,0.2,1000,normal,"(200, 1000)",[[0.81666667 0.9        0.95       0.96666667 0.93333333]],5
cv_plus,sinex_het,0.893333333,5.304782298,0.670857209,5771.101531,16.20209241,0.5,1000,normal,"(200, 1000)",[[0.78333333 0.78333333 0.96666667 0.95       0.98333333]],5
cv_plus,sinex_het,0.896666667,5.974020935,0.604445911,5146.514748,15.00486135,1,1000,normal,"(200, 1000)",[[1.         0.88333333 0.86666667 0.93333333 0.8       ]],5
cv,sinex_het,0.896666667,4.678513299,0.643888629,5884.046014,32.14210558,0,1000,normal,"(200, 1000)",999,10
cv,sinex_het,0.93,5.299764183,0.662431944,5256.946493,31.62009048,0.2,1000,normal,"(200, 1000)",999,10
cv,sinex_het,0.91,5.264917946,0.702514467,6039.680739,32.38106847,0.5,1000,normal,"(200, 1000)",999,10
cv,sinex_het,0.89,5.795553095,0.588574062,5516.665143,36.08833098,1,1000,normal,"(200, 1000)",999,10
cv_plus,sinex_het,0.906666667,4.831791981,0.632221593,5775.365802,28.78962159,0,1000,normal,"(200, 1000)",[[0.88333333 0.95       0.95       0.98333333 0.76666667]],10
cv_plus,sinex_het,0.933333333,5.558740892,0.645936351,4673.858332,31.26629066,0.2,1000,normal,"(200, 1000)",[[0.96666667 1.         0.95       0.9        0.85      ]],10
cv_plus,sinex_het,0.913333333,5.268420976,0.70231648,5694.017759,32.92446709,0.5,1000,normal,"(200, 1000)",[[0.91666667 0.91666667 0.96666667 0.95       0.81666667]],10
cv_plus,sinex_het,0.9,5.96444683,0.576584367,5200.995166,38.43058062,1,1000,normal,"(200, 1000)",[[0.98333333 0.98333333 0.88333333 0.85       0.8       ]],10
cv,sinex_het,0.913333333,5.010870454,0.678444853,5767.021284,63.1133678,0,1000,normal,"(200, 1000)",999,20
cv,sinex_het,0.886666667,5.04513338,0.599699477,4872.983097,59.9466939,0.2,1000,normal,"(200, 1000)",999,20
cv,sinex_het,0.88,5.034706235,0.697710411,5837.996445,65.7697258,0.5,1000,normal,"(200, 1000)",999,20
cv,sinex_het,0.913333333,5.86447931,0.616802375,5232.826483,65.98014975,1,1000,normal,"(200, 1000)",999,20
cv_plus,sinex_het,0.913333333,4.99699096,0.67933552,5623.308819,64.62461996,0,1000,normal,"(200, 1000)",[[1.         0.95       0.91666667 0.86666667 0.83333333]],20
cv_plus,sinex_het,0.906666667,5.128599831,0.593077006,4944.762916,63.08479857,0.2,1000,normal,"(200, 1000)",[[1.         0.93333333 0.95       0.88333333 0.76666667]],20
cv_plus,sinex_het,0.883333333,5.013097266,0.699007923,5985.973793,67.01101804,0.5,1000,normal,"(200, 1000)",[[0.9        0.86666667 0.9        0.86666667 0.88333333]],20
cv_plus,sinex_het,0.913333333,5.959278308,0.610608009,5096.638281,68.83269715,1,1000,normal,"(200, 1000)",[[0.98333333 0.95       0.9        0.9        0.83333333]],20
cv,sinex_het,0.866666667,4.903088138,0.724273388,5911.746395,146.5623477,0,1000,normal,"(200, 1000)",999,50
cv,sinex_het,0.873333333,5.411661996,0.622449761,5485.972965,142.195118,0.2,1000,normal,"(200, 1000)",999,50
cv,sinex_het,0.936666667,5.459625,0.621022037,4774.121109,134.3410106,0.5,1000,normal,"(200, 1000)",999,50
cv,sinex_het,0.883333333,5.798202375,0.633646764,5227.085772,144.845278,1,1000,normal,"(200, 1000)",999,50
cv_plus,sinex_het,0.87,4.78298381,0.731027618,6025.894477,143.0747697,0,1000,normal,"(200, 1000)",[[1.         0.98333333 0.85       0.78333333 0.73333333]],50
cv_plus,sinex_het,0.876666667,5.341945893,0.627313673,5394.633681,142.4269292,0.2,1000,normal,"(200, 1000)",[[1.         0.96666667 0.96666667 0.76666667 0.68333333]],50
cv_plus,sinex_het,0.94,5.505624618,0.617828843,4702.806318,130.3318729,0.5,1000,normal,"(200, 1000)",[[0.88333333 0.9        0.95       0.98333333 0.98333333]],50
cv_plus,sinex_het,0.873333333,5.617433775,0.645068147,5391.428968,149.9308126,1,1000,normal,"(200, 1000)",[[0.93333333 0.95       0.9        0.85       0.73333333]],50
cv,sinex_con,0.92,0.672532352,0.898617873,12482.91819,16.78938818,0,1000,normal,"(200, 1000)",999,5
cv,sinex_con,0.906666667,0.906245696,0.87735307,12008.9652,15.91340995,0.2,1000,normal,"(200, 1000)",999,5
cv,sinex_con,0.903333333,1.753188789,0.781204279,10053.27185,13.98872566,0.5,1000,normal,"(200, 1000)",999,5
cv,sinex_con,0.893333333,3.411182862,0.652013888,7342.535605,13.99006772,1,1000,normal,"(200, 1000)",999,5
cv_plus,sinex_con,0.893333333,0.676086045,0.898082486,12459.76975,16.88212132,0,1000,normal,"(200, 1000)",[[1.         0.88333333 0.96666667 0.83333333 0.78333333]],5
cv_plus,sinex_con,0.9,0.932718757,0.873770373,11871.88415,17.44575739,0.2,1000,normal,"(200, 1000)",[[0.88333333 0.96666667 0.93333333 0.9        0.81666667]],5
cv_plus,sinex_con,0.9,1.80083119,0.775258577,9852.922494,15.34279871,0.5,1000,normal,"(200, 1000)",[[0.91666667 0.88333333 0.95       0.85       0.9       ]],5
cv_plus,sinex_con,0.886666667,3.396504821,0.653511156,7301.731172,14.04846954,1,1000,normal,"(200, 1000)",[[0.91666667 0.93333333 0.86666667 0.88333333 0.83333333]],5
cv,sinex_con,0.876666667,0.598063197,0.909843687,12676.4289,34.54924464,0,1000,normal,"(200, 1000)",999,10
cv,sinex_con,0.883333333,0.890720554,0.881244398,11973.57524,35.34443188,0.2,1000,normal,"(200, 1000)",999,10
cv,sinex_con,0.903333333,1.781171686,0.783669119,10160.08873,37.88085175,0.5,1000,normal,"(200, 1000)",999,10
cv,sinex_con,0.9,3.408042525,0.683723856,7705.579811,40.15626502,1,1000,normal,"(200, 1000)",999,10
cv_plus,sinex_con,0.896666667,0.60066627,0.909451769,12758.64,36.39171195,0,1000,normal,"(200, 1000)",[[0.8        0.93333333 0.88333333 0.86666667 1.        ]],10
cv_plus,sinex_con,0.88,0.867295932,0.884367378,12102.2543,37.81073618,0.2,1000,normal,"(200, 1000)",[[0.96666667 0.95       0.93333333 0.85       0.7       ]],10
cv_plus,sinex_con,0.903333333,1.81100789,0.780045386,10183.55645,40.18631196,0.5,1000,normal,"(200, 1000)",[[0.88333333 0.86666667 0.95       0.95       0.86666667]],10
cv_plus,sinex_con,0.88,3.3597341,0.688206741,7827.921278,38.20959044,1,1000,normal,"(200, 1000)",[[0.8        0.95       0.91666667 0.83333333 0.9       ]],10
cv,sinex_con,0.863333333,0.563059787,0.915119587,12768.36337,80.46733308,0,1000,normal,"(200, 1000)",999,20
cv,sinex_con,0.906666667,0.828745081,0.88437549,12167.01794,67.30579019,0.2,1000,normal,"(200, 1000)",999,20
cv,sinex_con,0.91,1.790134546,0.7999632,10083.26192,63.68785429,0.5,1000,normal,"(200, 1000)",999,20
cv,sinex_con,0.906666667,3.434417966,0.685911138,7615.045788,57.2887907,1,1000,normal,"(200, 1000)",999,20
cv_plus,sinex_con,0.9,0.553242976,0.916600665,12857.50221,81.98918915,0,1000,normal,"(200, 1000)",[[1.         1.         1.         0.78333333 0.71666667]],20
cv_plus,sinex_con,0.906666667,0.817903975,0.885888015,12286.33241,67.45624518,0.2,1000,normal,"(200, 1000)",[[0.98333333 0.96666667 0.96666667 0.86666667 0.75      ]],20
cv_plus,sinex_con,0.933333333,1.841522381,0.794220118,9891.271415,63.56193638,0.5,1000,normal,"(200, 1000)",[[0.91666667 0.95       0.88333333 0.96666667 0.95      ]],20
cv_plus,sinex_con,0.906666667,3.485120286,0.681274244,7401.375718,55.68383336,1,1000,normal,"(200, 1000)",[[0.9        0.93333333 0.95       0.88333333 0.86666667]],20
cv,sinex_con,0.876666667,0.598225613,0.909819203,12676.00377,214.1264997,0,1000,normal,"(200, 1000)",999,50
cv,sinex_con,0.9,0.91144113,0.875943802,11844.71697,160.5314312,0.2,1000,normal,"(200, 1000)",999,50
cv,sinex_con,0.916666667,1.818535122,0.787905712,9878.779505,144.9828746,0.5,1000,normal,"(200, 1000)",999,50
cv,sinex_con,0.92,3.409667206,0.695020978,7387.338161,146.190599,1,1000,normal,"(200, 1000)",999,50
cv_plus,sinex_con,0.91,0.644034356,0.90291411,12565.43402,212.3440416,0,1000,normal,"(200, 1000)",[[1.   1.   1.   1.   0.55]],50
cv_plus,sinex_con,0.926666667,0.927444429,0.873764972,11856.13518,153.1669331,0.2,1000,normal,"(200, 1000)",[[0.98333333 0.98333333 0.95       0.83333333 0.88333333]],50
cv_plus,sinex_con,0.903333333,1.799437026,0.790133315,9963.471518,139.6540051,0.5,1000,normal,"(200, 1000)",[[0.93333333 0.85       0.95       0.88333333 0.9       ]],50
cv_plus,sinex_con,0.926666667,3.435921719,0.69267242,7214.154187,148.4362917,1,1000,normal,"(200, 1000)",[[0.88333333 0.93333333 0.95       1.         0.86666667]],50
cv,linear,0.98,0.011211343,0.998872473,20034.78424,9.610058784,0,1000,normal,"(200, 1000)",999,5
cv,linear,0.94,0.696060038,0.933202799,18084.08417,10.25349188,0.2,1000,normal,"(200, 1000)",999,5
cv,linear,0.88,1.624856519,0.855943687,15904.93438,9.60982132,0.5,1000,normal,"(200, 1000)",999,5
cv,linear,0.906666667,3.613688027,0.728369209,11508.56121,9.782698154,1,1000,normal,"(200, 1000)",999,5
cv_plus,linear,0.973333333,0.014822093,0.998512421,20025.60082,9.826878071,0,1000,normal,"(200, 1000)",[[0.98333333 0.93333333 0.98333333 0.98333333 0.98333333]],5
cv_plus,linear,0.936666667,0.705636409,0.932284065,18037.39717,10.54121327,0.2,1000,normal,"(200, 1000)",[[0.95       0.96666667 0.93333333 0.93333333 0.9       ]],5
cv_plus,linear,0.883333333,1.615176308,0.856802017,15814.86031,10.3879528,0.5,1000,normal,"(200, 1000)",[[0.88333333 0.88333333 0.85       0.93333333 0.86666667]],5
cv_plus,linear,0.92,3.603672694,0.729121774,11518.07834,7.483795404,1,1000,normal,"(200, 1000)",[[0.9        0.93333333 0.95       0.91666667 0.9       ]],5
cv,linear,0.963333333,0.008914226,0.99910457,20041.65095,19.26843667,0,1000,normal,"(200, 1000)",999,10
cv,linear,0.91,0.677089966,0.934455842,18144.00657,18.88838673,0.2,1000,normal,"(200, 1000)",999,10
cv,linear,0.906666667,1.58029839,0.865196846,15761.21456,21.58904409,0.5,1000,normal,"(200, 1000)",999,10
cv,linear,0.91,3.413689901,0.742439802,12160.79028,25.79439187,1,1000,normal,"(200, 1000)",999,10
cv_plus,linear,0.953333333,0.009734804,0.999023678,20037.61146,19.10128641,0,1000,normal,"(200, 1000)",[[1.         0.96666667 1.         0.93333333 0.86666667]],10
cv_plus,linear,0.923333333,0.693761052,0.932841623,18067.26368,20.15022659,0.2,1000,normal,"(200, 1000)",[[0.96666667 0.93333333 0.91666667 0.9        0.9       ]],10
cv_plus,linear,0.906666667,1.60749677,0.862876761,15656.53029,22.80040741,0.5,1000,normal,"(200, 1000)",[[0.88333333 0.88333333 0.91666667 0.91666667 0.93333333]],10
cv_plus,linear,0.906666667,3.370953098,0.7456643,12205.33822,20.38600993,1,1000,normal,"(200, 1000)",[[0.88333333 0.95       0.9        0.86666667 0.93333333]],10
cv,linear,0.966666667,0.009062336,0.999089326,20041.2082,36.7293551,0,1000,normal,"(200, 1000)",999,20
cv,linear,0.93,0.639748041,0.938724561,18162.65351,36.08887386,0.2,1000,normal,"(200, 1000)",999,20
cv,linear,0.893333333,1.585475043,0.856049182,15578.54965,32.41552305,0.5,1000,normal,"(200, 1000)",999,20
cv,linear,0.916666667,3.22897109,0.748086971,12208.19163,36.94469953,1,1000,normal,"(200, 1000)",999,20
cv_plus,linear,0.93,0.010754302,0.998923671,20038.13677,35.55776834,0,1000,normal,"(200, 1000)",[[0.68333333 0.96666667 1.         1.         1.        ]],20
cv_plus,linear,0.923333333,0.644629886,0.938257315,18121.3635,37.17518187,0.2,1000,normal,"(200, 1000)",[[0.86666667 0.96666667 0.95       0.9        0.93333333]],20
cv_plus,linear,0.9,1.589079062,0.855721999,15584.04043,36.49071455,0.5,1000,normal,"(200, 1000)",[[0.9        0.91666667 0.95       0.86666667 0.86666667]],20
cv_plus,linear,0.903333333,3.248133373,0.746592198,12150.90515,38.14915919,1,1000,normal,"(200, 1000)",[[0.86666667 0.91666667 0.91666667 0.95       0.86666667]],20
cv,linear,0.96,0.008546296,0.999141774,20042.75084,94.0782578,0,1000,normal,"(200, 1000)",999,50
cv,linear,0.903333333,0.650140214,0.937110107,18282.77917,89.60159731,0.2,1000,normal,"(200, 1000)",999,50
cv,linear,0.903333333,1.66304292,0.868391145,15564.55787,108.0914786,0.5,1000,normal,"(200, 1000)",999,50
cv,linear,0.903333333,3.273993487,0.747122216,12409.44346,120.1437523,1,1000,normal,"(200, 1000)",999,50
cv_plus,linear,0.983333333,0.009326363,0.999060426,20039.48492,95.70172834,0,1000,normal,"(200, 1000)",[[1.         0.95       0.98333333 0.98333333 1.        ]],50
cv_plus,linear,0.906666667,0.651426717,0.936985629,18276.35289,89.84067178,0.2,1000,normal,"(200, 1000)",[[0.9        0.88333333 0.96666667 0.83333333 0.95      ]],50
cv_plus,linear,0.906666667,1.679456963,0.867092152,15524.59914,105.1305764,0.5,1000,normal,"(200, 1000)",[[0.95       0.83333333 0.88333333 0.95       0.91666667]],50
cv_plus,linear,0.903333333,3.344890148,0.741646277,12065.59934,119.4351778,1,1000,normal,"(200, 1000)",[[0.9        0.88333333 0.95       0.91666667 0.86666667]],50
cv,cube,0.936666667,0.04439587,0.995777535,5201.411428,64.55488992,0,1000,normal,"(200, 1000)",999,5
cv,cube,0.916666667,0.712178198,0.925012841,3631.243036,37.08775997,0.2,1000,normal,"(200, 1000)",999,5
cv,cube,0.923333333,1.687351771,0.740542222,1631.686428,23.08748937,0.5,1000,normal,"(200, 1000)",999,5
cv,cube,0.893333333,3.232831545,0.673872903,2482.2675,39.18038464,1,1000,normal,"(200, 1000)",999,5
cv_plus,cube,0.95,0.029624887,0.997180795,5207.402469,64.2047298,0,1000,normal,"(200, 1000)",[[0.98333333 0.98333333 0.95       0.9        0.93333333]],5
cv_plus,cube,0.933333333,0.735057282,0.92260308,3598.553071,31.43347836,0.2,1000,normal,"(200, 1000)",[[0.93333333 0.95       0.96666667 0.9        0.91666667]],5
cv_plus,cube,0.913333333,1.683252862,0.741172766,1594.250691,26.24953103,0.5,1000,normal,"(200, 1000)",[[0.9        0.88333333 0.96666667 0.9        0.91666667]],5
cv_plus,cube,0.896666667,3.23626748,0.673526309,2353.886705,37.38764048,1,1000,normal,"(200, 1000)",[[0.9        0.83333333 0.88333333 0.95       0.91666667]],5
cv,cube,0.99,0.079401801,0.990762913,4383.164765,46.79233408,0,1000,normal,"(200, 1000)",999,10
cv,cube,0.946666667,0.711626636,0.879364203,2802.379153,32.73514628,0.2,1000,normal,"(200, 1000)",999,10
cv,cube,0.936666667,1.766362404,0.778237719,2012.946902,23.52300549,0.5,1000,normal,"(200, 1000)",999,10
cv,cube,0.883333333,3.329006225,0.646870651,1467.901261,29.49415803,1,1000,normal,"(200, 1000)",999,10
cv_plus,cube,0.99,0.096670933,0.988755697,4316.776825,49.10811043,0,1000,normal,"(200, 1000)",[[1.         1.         0.98333333 1.         0.96666667]],10
cv_plus,cube,0.936666667,0.69530159,0.882132329,2825.737214,37.0352366,0.2,1000,normal,"(200, 1000)",[[0.95       0.93333333 0.95       0.95       0.9       ]],10
cv_plus,cube,0.936666667,1.768367932,0.777985931,1972.043923,31.87042332,0.5,1000,normal,"(200, 1000)",[[0.88333333 0.95       0.95       0.98333333 0.91666667]],10
cv_plus,cube,0.88,3.352459389,0.644382745,1351.69339,23.71980834,1,1000,normal,"(200, 1000)",[[0.88333333 0.95       0.83333333 0.86666667 0.86666667]],10
cv,cube,0.996666667,0.050134525,0.991051474,3709.294173,117.7973583,0,1000,normal,"(200, 1000)",999,20
cv,cube,0.896666667,0.669805352,0.913268698,3977.734306,116.4640393,0.2,1000,normal,"(200, 1000)",999,20
cv,cube,0.903333333,1.636971476,0.809350247,2865.720639,128.2450049,0.5,1000,normal,"(200, 1000)",999,20
cv,cube,0.903333333,3.344308273,0.661155441,1988.231473,95.06620979,1,1000,normal,"(200, 1000)",999,20
cv_plus,cube,0.993333333,0.054537496,0.990267035,3746.388591,117.5702577,0,1000,normal,"(200, 1000)",[[1.         1.         1.         1.         0.96666667]],20
cv_plus,cube,0.883333333,0.655677313,0.915097856,4048.253439,128.9062831,0.2,1000,normal,"(200, 1000)",[[0.95       0.8        0.88333333 0.9        0.88333333]],20
cv_plus,cube,0.913333333,1.632487501,0.809872338,2820.090979,129.954489,0.5,1000,normal,"(200, 1000)",[[0.95       0.81666667 0.85       0.96666667 0.98333333]],20
cv_plus,cube,0.893333333,3.329730281,0.662632458,2038.950911,90.03420877,1,1000,normal,"(200, 1000)",[[0.9        0.91666667 0.85       0.9        0.9       ]],20
cv,cube,0.22,0.010911761,0.998103845,4523.40813,450.6783974,0,1000,normal,"(200, 1000)",999,50
cv,cube,0.91,0.685422426,0.897562197,2816.562732,389.5902796,0.2,1000,normal,"(200, 1000)",999,50
cv,cube,0.906666667,1.693026597,0.885151986,3094.238404,265.7854164,0.5,1000,normal,"(200, 1000)",999,50
cv,cube,0.886666667,3.199746458,0.70384845,1910.670171,199.9796357,1,1000,normal,"(200, 1000)",999,50
cv_plus,cube,0.963333333,0.010257014,0.998647547,4522.2729,445.4230928,0,1000,normal,"(200, 1000)",[[1.         1.         1.         1.         0.81666667]],50
cv_plus,cube,0.916666667,0.683415744,0.89786194,2746.961211,403.9928195,0.2,1000,normal,"(200, 1000)",[[0.91666667 0.95       0.9        0.93333333 0.88333333]],50
cv_plus,cube,0.903333333,1.671411592,0.886618289,3123.171288,286.3817899,0.5,1000,normal,"(200, 1000)",[[0.9        0.9        0.96666667 0.9        0.85      ]],50
cv_plus,cube,0.883333333,3.227936754,0.701239238,1918.641208,174.6340806,1,1000,normal,"(200, 1000)",[[0.85       0.9        0.9        0.91666667 0.85      ]],50
cv,nmm,0.92,0.928522974,0.923681097,21174.06544,45.0243063,0,1000,normal,"(200, 1000)",999,5
cv,nmm,0.926666667,1.353013238,0.897227738,20157.60264,43.931355,0.2,1000,normal,"(200, 1000)",999,5
cv,nmm,0.92,2.147198869,0.841716418,18773.50045,46.21283507,0.5,1000,normal,"(200, 1000)",999,5
cv,nmm,0.903333333,3.826028013,0.748853125,15681.38992,39.16438818,1,1000,normal,"(200, 1000)",999,5
cv_plus,nmm,0.91,0.942603348,0.922524059,21041.54191,44.70205426,0,1000,normal,"(200, 1000)",[[0.91666667 0.95       0.85       0.83333333 1.        ]],5
cv_plus,nmm,0.9,1.315550616,0.900073946,20196.58279,44.08847523,0.2,1000,normal,"(200, 1000)",[[0.9 0.9 0.7 1.  1. ]],5
cv_plus,nmm,0.926666667,2.136957346,0.842471121,18737.21309,44.54947567,0.5,1000,normal,"(200, 1000)",[[0.88333333 0.86666667 0.98333333 0.96666667 0.93333333]],5
cv_plus,nmm,0.9,3.819653255,0.749271583,15808.13152,41.72089076,1,1000,normal,"(200, 1000)",[[0.9        0.93333333 0.81666667 0.91666667 0.93333333]],5
cv,nmm,0.92,0.961080849,0.921005053,21098.29011,97.45318532,0,1000,normal,"(200, 1000)",999,10
cv,nmm,0.893333333,1.215207421,0.904490391,20476.7612,101.5268755,0.2,1000,normal,"(200, 1000)",999,10
cv,nmm,0.906666667,2.163218398,0.848496752,18750.01838,93.99500108,0.5,1000,normal,"(200, 1000)",999,10
cv,nmm,0.923333333,3.736444829,0.759879231,16097.63939,95.93455219,1,1000,normal,"(200, 1000)",999,10
cv_plus,nmm,0.92,0.980359348,0.919420487,20919.15166,97.71814513,0,1000,normal,"(200, 1000)",[[1.         1.         0.98333333 0.61666667 1.        ]],10
cv_plus,nmm,0.913333333,1.300525114,0.897784703,20218.10031,100.072989,0.2,1000,normal,"(200, 1000)",[[0.91666667 0.75       0.91666667 0.98333333 1.        ]],10
cv_plus,nmm,0.92,2.248518009,0.842522407,18492.62412,96.73520947,0.5,1000,normal,"(200, 1000)",[[0.93333333 0.86666667 0.88333333 0.93333333 0.98333333]],10
cv_plus,nmm,0.926666667,3.814754994,0.754846553,15878.55896,91.08655143,1,1000,normal,"(200, 1000)",[[0.95       0.91666667 0.85       0.95       0.96666667]],10
cv,nmm,0.913333333,0.792241714,0.934882731,21497.34577,175.7756743,0,1000,normal,"(200, 1000)",999,20
cv,nmm,0.923333333,1.334072899,0.895422905,20262.53746,175.7166307,0.2,1000,normal,"(200, 1000)",999,20
cv,nmm,0.916666667,2.108243194,0.846243002,18666.35881,173.3761678,0.5,1000,normal,"(200, 1000)",999,20
cv,nmm,0.886666667,3.434010844,0.790312213,16990.87234,164.8451238,1,1000,normal,"(200, 1000)",999,20
cv_plus,nmm,0.906666667,0.829511552,0.931819518,21334.67777,176.6520178,0,1000,normal,"(200, 1000)",[[0.93333333 1.         0.93333333 0.66666667 1.        ]],20
cv_plus,nmm,0.92,1.329809566,0.895757232,20301.92638,183.5507488,0.2,1000,normal,"(200, 1000)",[[1.         0.96666667 0.96666667 0.85       0.81666667]],20
cv_plus,nmm,0.92,2.084677305,0.847961587,18762.92096,169.1433551,0.5,1000,normal,"(200, 1000)",[[0.9        0.86666667 0.85       0.98333333 1.        ]],20
cv_plus,nmm,0.886666667,3.460599835,0.788688636,16839.86648,170.0395539,1,1000,normal,"(200, 1000)",[[0.88333333 0.88333333 0.85       0.9        0.91666667]],20
cv,nmm,0.916666667,0.841349779,0.930846276,21379.66621,384.1583934,0,1000,normal,"(200, 1000)",999,50
cv,nmm,0.89,1.237276444,0.903615368,20389.09106,405.1678143,0.2,1000,normal,"(200, 1000)",999,50
cv,nmm,0.913333333,2.106694064,0.849307569,18898.90656,416.9417505,0.5,1000,normal,"(200, 1000)",999,50
cv,nmm,0.876666667,3.495567512,0.786921827,16670.63129,409.5158484,1,1000,normal,"(200, 1000)",999,50
cv_plus,nmm,0.896666667,0.835637448,0.931316041,21393.35896,385.2756252,0,1000,normal,"(200, 1000)",[[0.91666667 0.88333333 0.81666667 0.86666667 1.        ]],50
cv_plus,nmm,0.916666667,1.252365766,0.902439741,20396.85423,422.4215965,0.2,1000,normal,"(200, 1000)",[[0.98333333 0.8        0.81666667 0.98333333 1.        ]],50
cv_plus,nmm,0.92,2.114146434,0.848774311,18710.16074,418.8566837,0.5,1000,normal,"(200, 1000)",[[0.88333333 0.8        0.96666667 0.96666667 0.98333333]],50
cv_plus,nmm,0.896666667,3.568750975,0.782461235,16584.92126,396.7476153,1,1000,normal,"(200, 1000)",[[0.88333333 0.93333333 0.91666667 0.8        0.95      ]],50
cv,sinex_het,0.893333333,5.028795641,0.599426587,5723.32372,86.40277648,0,1000,normal,"(200, 1000, 1000, 1000)",999,5
cv,sinex_het,0.906666667,4.851178267,0.695492156,5706.827088,88.93386722,0.2,1000,normal,"(200, 1000, 1000, 1000)",999,5
cv,sinex_het,0.893333333,5.167464746,0.679377271,6041.881106,80.28597474,0.5,1000,normal,"(200, 1000, 1000, 1000)",999,5
cv,sinex_het,0.89,6.166252917,0.591717724,5261.719492,75.32094955,1,1000,normal,"(200, 1000, 1000, 1000)",999,5
cv_plus,sinex_het,0.893333333,5.015938564,0.60045073,5509.912062,90.82854104,0,1000,normal,"(200, 1000, 1000, 1000)",[[0.78333333 0.86666667 0.95       0.91666667 0.95      ]],5
cv_plus,sinex_het,0.913333333,5.007973701,0.685650037,5744.489651,91.50840092,0.2,1000,normal,"(200, 1000, 1000, 1000)",[[0.98333333 1.         0.9        0.81666667 0.86666667]],5
cv_plus,sinex_het,0.893333333,5.18581826,0.678238501,5809.012206,87.33164215,0.5,1000,normal,"(200, 1000, 1000, 1000)",[[0.86666667 0.9        0.96666667 0.95       0.78333333]],5
cv_plus,sinex_het,0.896666667,6.051020305,0.599347601,4927.304887,84.37760019,1,1000,normal,"(200, 1000, 1000, 1000)",[[1.         0.88333333 0.9        0.91666667 0.78333333]],5
cv,sinex_het,0.9,4.823927461,0.63282024,6052.906351,191.1992464,0,1000,normal,"(200, 1000, 1000, 1000)",999,10
cv,sinex_het,0.933333333,5.642385678,0.640608619,4620.971418,170.8189993,0.2,1000,normal,"(200, 1000, 1000, 1000)",999,10
cv,sinex_het,0.906666667,5.155749835,0.708682869,5840.880919,193.5880845,0.5,1000,normal,"(200, 1000, 1000, 1000)",999,10
cv,sinex_het,0.896666667,5.829288901,0.586179212,5839.40678,166.5115347,1,1000,normal,"(200, 1000, 1000, 1000)",999,10
cv_plus,sinex_het,0.913333333,4.980049149,0.620936716,5420.22901,179.6379969,0,1000,normal,"(200, 1000, 1000, 1000)",[[0.98333333 0.95       1.         0.85       0.78333333]],10
cv_plus,sinex_het,0.936666667,5.56068619,0.645812295,4542.786682,181.0628963,0.2,1000,normal,"(200, 1000, 1000, 1000)",[[0.96666667 0.96666667 0.93333333 0.95       0.86666667]],10
cv_plus,sinex_het,0.91,5.177918594,0.707430221,6179.452204,202.5515268,0.5,1000,normal,"(200, 1000, 1000, 1000)",[[0.98333333 0.98333333 0.96666667 0.81666667 0.8       ]],10
cv_plus,sinex_het,0.916666667,6.037183514,0.571420637,5143.716627,171.2138369,1,1000,normal,"(200, 1000, 1000, 1000)",[[0.86666667 0.95       0.95       0.93333333 0.88333333]],10
cv,sinex_het,0.906666667,5.070051105,0.674647233,6048.015876,308.352423,0,1000,normal,"(200, 1000, 1000, 1000)",999,20
cv,sinex_het,0.886666667,5.141264272,0.592072082,4880.183971,315.8655214,0.2,1000,normal,"(200, 1000, 1000, 1000)",999,20
cv,sinex_het,0.893333333,5.142835129,0.691218482,5890.927553,329.9028864,0.5,1000,normal,"(200, 1000, 1000, 1000)",999,20
cv,sinex_het,0.913333333,5.961586495,0.610457187,4989.661202,321.8458252,1,1000,normal,"(200, 1000, 1000, 1000)",999,20
cv_plus,sinex_het,0.93,5.224851833,0.664712871,5284.249551,309.870368,0,1000,normal,"(200, 1000, 1000, 1000)",[[0.93333333 0.95       0.91666667 0.93333333 0.91666667]],20
cv_plus,sinex_het,0.91,5.291222318,0.580173877,4864.812465,313.3708711,0.2,1000,normal,"(200, 1000, 1000, 1000)",[[0.98333333 0.98333333 0.95       0.81666667 0.81666667]],20
cv_plus,sinex_het,0.893333333,5.246881561,0.68497142,5573.593928,311.6460388,0.5,1000,normal,"(200, 1000, 1000, 1000)",[[0.93333333 0.9        0.91666667 0.83333333 0.88333333]],20
cv_plus,sinex_het,0.916666667,6.10573252,0.601038321,4844.425988,321.9041653,1,1000,normal,"(200, 1000, 1000, 1000)",[[1.         1.         0.9        0.85       0.83333333]],20
cv,sinex_het,0.873333333,4.795870915,0.730303049,5930.167517,811.7222834,0,1000,normal,"(200, 1000, 1000, 1000)",999,50
cv,sinex_het,0.863333333,5.138136493,0.641532111,5358.650674,752.0037081,0.2,1000,normal,"(200, 1000, 1000, 1000)",999,50
cv,sinex_het,0.91,5.289716505,0.632816922,5154.459741,880.4612849,0.5,1000,normal,"(200, 1000, 1000, 1000)",999,50
cv,sinex_het,0.876666667,5.640390735,0.643617745,5447.274839,768.4255133,1,1000,normal,"(200, 1000, 1000, 1000)",999,50
cv_plus,sinex_het,0.876666667,4.957110841,0.721235827,5509.272497,800.3934362,0,1000,normal,"(200, 1000, 1000, 1000)",[[0.86666667 0.95       0.98333333 0.83333333 0.75      ]],50
cv_plus,sinex_het,0.873333333,5.325060087,0.628491622,5332.859951,798.3673384,0.2,1000,normal,"(200, 1000, 1000, 1000)",[[0.98333333 1.         0.93333333 0.73333333 0.71666667]],50
cv_plus,sinex_het,0.936666667,5.562711247,0.613866367,4747.666117,778.1721983,0.5,1000,normal,"(200, 1000, 1000, 1000)",[[0.98333333 0.96666667 0.95       0.95       0.83333333]],50
cv_plus,sinex_het,0.886666667,5.741973907,0.637199561,5050.131139,762.6465385,1,1000,normal,"(200, 1000, 1000, 1000)",[[1.         0.88333333 0.91666667 0.83333333 0.8       ]],50
cv,sinex_con,0.883333333,0.315427395,0.952450221,13450.66749,99.74676895,0,1000,normal,"(200, 1000, 1000, 1000)",999,5
cv,sinex_con,0.9,0.72781527,0.901501016,12478.84247,113.6997294,0.2,1000,normal,"(200, 1000, 1000, 1000)",999,5
cv,sinex_con,0.916666667,1.690684,0.789004586,10182.92559,89.65746379,0.5,1000,normal,"(200, 1000, 1000, 1000)",999,5
cv,sinex_con,0.9,3.460987088,0.646933222,7348.454042,79.28169203,1,1000,normal,"(200, 1000, 1000, 1000)",999,5
cv_plus,sinex_con,0.93,0.306802994,0.953749724,13522.4845,121.3892286,0,1000,normal,"(200, 1000, 1000, 1000)",[[1.         1.         0.98333333 0.88333333 0.78333333]],5
cv_plus,sinex_con,0.906666667,0.756032423,0.897682204,12410.46103,93.76526165,0.2,1000,normal,"(200, 1000, 1000, 1000)",[[0.86666667 0.95       0.93333333 0.93333333 0.85      ]],5
cv_plus,sinex_con,0.913333333,1.732963789,0.783728202,10202.77714,87.70586562,0.5,1000,normal,"(200, 1000, 1000, 1000)",[[0.93333333 0.9        0.86666667 0.91666667 0.95      ]],5
cv_plus,sinex_con,0.906666667,3.633919432,0.629291792,7067.481244,78.97214437,1,1000,normal,"(200, 1000, 1000, 1000)",[[0.86666667 0.9        0.95       0.96666667 0.85      ]],5
cv,sinex_con,0.91,0.38407274,0.942102359,13261.90298,213.7464092,0,1000,normal,"(200, 1000, 1000, 1000)",999,10
cv,sinex_con,0.903333333,0.780770472,0.895903733,12258.0069,190.2637193,0.2,1000,normal,"(200, 1000, 1000, 1000)",999,10
cv,sinex_con,0.92,1.778312172,0.784016115,10168.7229,204.5954893,0.5,1000,normal,"(200, 1000, 1000, 1000)",999,10
cv,sinex_con,0.886666667,3.383288319,0.686020995,7637.853017,182.6132021,1,1000,normal,"(200, 1000, 1000, 1000)",999,10
cv_plus,sinex_con,0.97,0.527379848,0.920494926,12862.87159,206.8176758,0,1000,normal,"(200, 1000, 1000, 1000)",[[1.   1.   0.9  1.   0.95]],10
cv_plus,sinex_con,0.926666667,0.842274997,0.887703018,12105.77668,186.8970213,0.2,1000,normal,"(200, 1000, 1000, 1000)",[[0.93333333 0.93333333 0.98333333 0.88333333 0.9       ]],10
cv_plus,sinex_con,0.916666667,1.892606592,0.770134671,9885.44358,179.185034,0.5,1000,normal,"(200, 1000, 1000, 1000)",[[0.9        0.95       0.9        0.93333333 0.9       ]],10
cv_plus,sinex_con,0.896666667,3.43826887,0.680918757,7477.63636,162.6661549,1,1000,normal,"(200, 1000, 1000, 1000)",[[0.9        0.9        0.9        0.95       0.83333333]],10
cv,sinex_con,0.883333333,0.314662108,0.952565585,13452.78758,522.1982994,0,1000,normal,"(200, 1000, 1000, 1000)",999,20
cv,sinex_con,0.92,0.73314744,0.897712718,12369.58778,473.8066361,0.2,1000,normal,"(200, 1000, 1000, 1000)",999,20
cv,sinex_con,0.88,1.726708298,0.807050457,10356.65065,358.6326168,0.5,1000,normal,"(200, 1000, 1000, 1000)",999,20
cv,sinex_con,0.886666667,3.478617498,0.681868855,7225.168556,303.2764986,1,1000,normal,"(200, 1000, 1000, 1000)",999,20
cv_plus,sinex_con,0.923333333,0.31658287,0.952275783,13445.95003,536.9670861,0,1000,normal,"(200, 1000, 1000, 1000)",[[1.         1.         1.         0.96666667 0.65      ]],20
cv_plus,sinex_con,0.933333333,0.770720499,0.892469985,12345.05128,440.7328572,0.2,1000,normal,"(200, 1000, 1000, 1000)",[[0.93333333 0.98333333 0.93333333 0.96666667 0.85      ]],20
cv_plus,sinex_con,0.926666667,1.747748788,0.80469906,10182.06945,387.1892638,0.5,1000,normal,"(200, 1000, 1000, 1000)",[[0.88333333 0.95       0.91666667 0.93333333 0.95      ]],20
cv_plus,sinex_con,0.89,3.419094493,0.687312482,7637.840369,330.0274484,1,1000,normal,"(200, 1000, 1000, 1000)",[[0.83333333 0.9        0.86666667 0.95       0.9       ]],20
cv,sinex_con,0.906666667,0.379706275,0.94276064,13273.83241,1138.106177,0,1000,normal,"(200, 1000, 1000, 1000)",999,50
cv,sinex_con,0.916666667,0.739789505,0.899307044,12308.57465,1157.733016,0.2,1000,normal,"(200, 1000, 1000, 1000)",999,50
cv,sinex_con,0.866666667,1.705304864,0.801110981,10263.31548,920.3858802,0.5,1000,normal,"(200, 1000, 1000, 1000)",999,50
cv,sinex_con,0.913333333,3.329888106,0.702156997,7595.321347,853.4382906,1,1000,normal,"(200, 1000, 1000, 1000)",999,50
cv_plus,sinex_con,0.926666667,0.385237035,0.94192627,13234.27297,1214.199338,0,1000,normal,"(200, 1000, 1000, 1000)",[[1.         1.         0.96666667 0.95       0.71666667]],50
cv_plus,sinex_con,0.936666667,0.799175486,0.891223073,12144.98515,1152.582021,0.2,1000,normal,"(200, 1000, 1000, 1000)",[[0.95       0.98333333 0.95       0.9        0.9       ]],50
cv_plus,sinex_con,0.896666667,1.711129418,0.80043255,10115.59167,926.4751112,0.5,1000,normal,"(200, 1000, 1000, 1000)",[[0.9        0.86666667 0.83333333 0.98333333 0.9       ]],50
cv_plus,sinex_con,0.933333333,3.449426772,0.691464181,7187.135774,827.6263454,1,1000,normal,"(200, 1000, 1000, 1000)",[[0.96666667 0.93333333 0.93333333 0.93333333 0.9       ]],50
cv,linear,0.963333333,0.011528492,0.998843144,20029.90296,71.71576619,0,1000,normal,"(200, 1000, 1000, 1000)",999,5
cv,linear,0.933333333,0.702730057,0.932563184,18036.12368,71.57361937,0.2,1000,normal,"(200, 1000, 1000, 1000)",999,5
cv,linear,0.89,1.630757414,0.855420785,15928.26217,68.3399601,0.5,1000,normal,"(200, 1000, 1000, 1000)",999,5
cv,linear,0.916666667,3.637621843,0.726570002,11746.70724,93.06262684,1,1000,normal,"(200, 1000, 1000, 1000)",999,5
cv_plus,linear,0.963333333,0.008459765,0.999150016,20042.3486,73.34380651,0,1000,normal,"(200, 1000, 1000, 1000)",[[1.         0.98333333 0.98333333 0.98333333 0.86666667]],5
cv_plus,linear,0.94,0.706587688,0.93219254,18062.46192,68.33022594,0.2,1000,normal,"(200, 1000, 1000, 1000)",[[0.96666667 0.93333333 0.91666667 0.93333333 0.95      ]],5
cv_plus,linear,0.886666667,1.624734543,0.855954692,15917.98876,68.54119182,0.5,1000,normal,"(200, 1000, 1000, 1000)",[[0.86666667 0.88333333 0.88333333 0.9        0.9       ]],5
cv_plus,linear,0.896666667,3.65504678,0.725260412,11758.29441,61.66401625,1,1000,normal,"(200, 1000, 1000, 1000)",[[0.88333333 0.91666667 0.88333333 0.88333333 0.91666667]],5
cv,linear,0.866666667,0.006636028,0.999335287,20044.53042,135.639523,0,1000,normal,"(200, 1000, 1000, 1000)",999,10
cv,linear,0.906666667,0.68986079,0.933219645,18187.72137,147.9345355,0.2,1000,normal,"(200, 1000, 1000, 1000)",999,10
cv,linear,0.896666667,1.574531319,0.865688819,15800.15195,155.9621367,0.5,1000,normal,"(200, 1000, 1000, 1000)",999,10
cv,linear,0.926666667,3.460746825,0.738888944,12227.49869,132.9332726,1,1000,normal,"(200, 1000, 1000, 1000)",999,10
cv_plus,linear,0.956666667,0.008707043,0.999126087,20038.78869,137.1578374,0,1000,normal,"(200, 1000, 1000, 1000)",[[1.         1.         0.98333333 0.98333333 0.81666667]],10
cv_plus,linear,0.923333333,0.694529039,0.93276728,18085.78223,148.6581533,0.2,1000,normal,"(200, 1000, 1000, 1000)",[[0.86666667 0.91666667 0.98333333 0.91666667 0.93333333]],10
cv_plus,linear,0.906666667,1.591959876,0.864202094,15770.79689,182.3827343,0.5,1000,normal,"(200, 1000, 1000, 1000)",[[0.98333333 0.95       0.83333333 0.9        0.86666667]],10
cv_plus,linear,0.92,3.449761793,0.739717986,12182.061,139.9104605,1,1000,normal,"(200, 1000, 1000, 1000)",[[0.91666667 0.98333333 0.88333333 0.88333333 0.93333333]],10
cv,linear,0.85,0.006129702,0.999384531,20046.04454,254.6611388,0,1000,normal,"(200, 1000, 1000, 1000)",999,20
cv,linear,0.936666667,0.655231357,0.937241165,18106.97975,262.8083696,0.2,1000,normal,"(200, 1000, 1000, 1000)",999,20
cv,linear,0.886666667,1.585343385,0.856061022,15486.14865,247.4515159,0.5,1000,normal,"(200, 1000, 1000, 1000)",999,20
cv,linear,0.916666667,3.311362091,0.74165912,12193.91841,285.4701769,1,1000,normal,"(200, 1000, 1000, 1000)",999,20
cv_plus,linear,0.986666667,0.007764351,0.99921606,20044.28182,254.7403853,0,1000,normal,"(200, 1000, 1000, 1000)",[[1.         1.         0.98333333 0.98333333 0.96666667]],20
cv_plus,linear,0.936666667,0.648848545,0.937852505,18117.15926,275.7051437,0.2,1000,normal,"(200, 1000, 1000, 1000)",[[0.93333333 0.93333333 0.91666667 0.95       0.95      ]],20
cv_plus,linear,0.89,1.588122702,0.855808745,15521.09161,257.7401772,0.5,1000,normal,"(200, 1000, 1000, 1000)",[[0.88333333 0.88333333 0.91666667 0.9        0.86666667]],20
cv_plus,linear,0.93,3.310856276,0.741698121,12167.94666,262.7224941,1,1000,normal,"(200, 1000, 1000, 1000)",[[0.96666667 0.95       0.9        0.95       0.88333333]],20
cv,linear,0.87,0.006723015,0.999326799,20044.2703,691.3593395,0,1000,normal,"(200, 1000, 1000, 1000)",999,50
cv,linear,0.9,0.650664137,0.937059437,18266.82218,696.1398861,0.2,1000,normal,"(200, 1000, 1000, 1000)",999,50
cv,linear,0.886666667,1.694766772,0.865880459,15638.16349,691.3134902,0.5,1000,normal,"(200, 1000, 1000, 1000)",999,50
cv,linear,0.883333333,3.314578999,0.743987261,12168.89876,779.1710634,1,1000,normal,"(200, 1000, 1000, 1000)",999,50
cv_plus,linear,0.986666667,0.008364985,0.999155997,20041.90577,693.192487,0,1000,normal,"(200, 1000, 1000, 1000)",[[1.         1.         1.         0.98333333 0.95      ]],50
cv_plus,linear,0.906666667,0.655986548,0.936544544,18268.2447,694.9185197,0.2,1000,normal,"(200, 1000, 1000, 1000)",[[0.9        0.85       0.96666667 0.91666667 0.9       ]],50
cv_plus,linear,0.906666667,1.687069546,0.866489712,15500.15173,664.9153185,0.5,1000,normal,"(200, 1000, 1000, 1000)",[[0.86666667 0.91666667 0.91666667 0.91666667 0.91666667]],50
cv_plus,linear,0.903333333,3.335915777,0.742339443,12176.44292,753.2993534,1,1000,normal,"(200, 1000, 1000, 1000)",[[0.9        0.88333333 0.88333333 0.93333333 0.91666667]],50
cv,cube,0.83,0.035510977,0.993970544,4372.365196,88.05331016,0,1000,normal,"(200, 1000, 1000, 1000)",999,5
cv,cube,0.893333333,0.680559782,0.911882971,4002.273357,76.02976251,0.2,1000,normal,"(200, 1000, 1000, 1000)",999,5
cv,cube,0.906666667,1.707751179,0.788053468,2503.573543,66.67631412,0.5,1000,normal,"(200, 1000, 1000, 1000)",999,5
cv,cube,0.89,3.216418951,0.646763804,1984.019962,61.57284164,1,1000,normal,"(200, 1000, 1000, 1000)",999,5
cv_plus,cube,0.99,0.081123393,0.98622909,4253.028696,75.64342093,0,1000,normal,"(200, 1000, 1000, 1000)",[[0.96666667 0.98333333 1.         1.         1.        ]],5
cv_plus,cube,0.92,0.710752722,0.907973351,3986.783158,78.8173666,0.2,1000,normal,"(200, 1000, 1000, 1000)",[[0.88333333 0.9        0.9        0.96666667 0.95      ]],5
cv_plus,cube,0.913333333,1.694612907,0.789683934,2538.935544,58.60102868,0.5,1000,normal,"(200, 1000, 1000, 1000)",[[0.9        1.         0.9        0.93333333 0.83333333]],5
cv_plus,cube,0.893333333,3.278749158,0.639918562,1856.774296,65.053967,1,1000,normal,"(200, 1000, 1000, 1000)",[[0.9        0.9        0.85       0.9        0.91666667]],5
cv,cube,0.886666667,0.027980976,0.997089082,5812.61588,232.1061273,0,1000,normal,"(200, 1000, 1000, 1000)",999,10
cv,cube,0.9,0.686821744,0.921565385,3596.19,164.6860297,0.2,1000,normal,"(200, 1000, 1000, 1000)",999,10
cv,cube,0.933333333,1.771629742,0.788790143,1637.25508,170.195502,0.5,1000,normal,"(200, 1000, 1000, 1000)",999,10
cv,cube,0.896666667,3.276769717,0.740513831,1537.716886,149.7172394,1,1000,normal,"(200, 1000, 1000, 1000)",999,10
cv_plus,cube,0.99,0.046751383,0.995128593,5799.415629,227.5749497,0,1000,normal,"(200, 1000, 1000, 1000)",[[1.   1.   0.95 1.   1.  ]],10
cv_plus,cube,0.9,0.68324885,0.921973408,3574.832892,168.6130736,0.2,1000,normal,"(200, 1000, 1000, 1000)",[[0.85       0.88333333 0.85       0.91666667 1.        ]],10
cv_plus,cube,0.936666667,1.7813247,0.787634153,1585.728441,194.5900686,0.5,1000,normal,"(200, 1000, 1000, 1000)",[[0.93333333 0.93333333 0.95       0.95       0.91666667]],10
cv_plus,cube,0.913333333,3.405868302,0.730290441,1342.416269,147.1910353,1,1000,normal,"(200, 1000, 1000, 1000)",[[0.95       0.93333333 0.9        0.91666667 0.86666667]],10
cv,cube,0.883333333,0.035366327,0.99442603,4629.076269,399.1940744,0,1000,normal,"(200, 1000, 1000, 1000)",999,20
cv,cube,0.903333333,0.666625823,0.890458789,3036.535411,327.0730522,0.2,1000,normal,"(200, 1000, 1000, 1000)",999,20
cv,cube,0.91,1.794670101,0.797329928,3023.31435,331.1421707,0.5,1000,normal,"(200, 1000, 1000, 1000)",999,20
cv,cube,0.883333333,3.206772303,0.703768892,1793.473413,430.2205706,1,1000,normal,"(200, 1000, 1000, 1000)",999,20
cv_plus,cube,0.993333333,0.042378631,0.993312522,4605.767441,424.147305,0,1000,normal,"(200, 1000, 1000, 1000)",[[1.         1.         1.         1.         0.96666667]],20
cv_plus,cube,0.916666667,0.67622636,0.888880973,3087.10816,322.2322166,0.2,1000,normal,"(200, 1000, 1000, 1000)",[[0.9        0.85       0.93333333 0.96666667 0.93333333]],20
cv_plus,cube,0.926666667,1.778743544,0.799128007,2807.619138,327.6101956,0.5,1000,normal,"(200, 1000, 1000, 1000)",[[0.98333333 0.9        0.93333333 0.9        0.91666667]],20
cv_plus,cube,0.896666667,3.309678086,0.694262988,1484.919786,382.2063377,1,1000,normal,"(200, 1000, 1000, 1000)",[[0.9        0.9        0.85       0.9        0.93333333]],20
cv,cube,0.98,0.030787222,0.99803111,5228.463446,906.7740479,0,1000,normal,"(200, 1000, 1000, 1000)",999,50
cv,cube,0.906666667,0.679097777,0.921915275,3239.436147,749.8492265,0.2,1000,normal,"(200, 1000, 1000, 1000)",999,50
cv,cube,0.93,1.732247468,0.817631461,2801.422514,810.0310125,0.5,1000,normal,"(200, 1000, 1000, 1000)",999,50
cv,cube,0.883333333,3.186136123,0.669522751,1521.402172,718.7048521,1,1000,normal,"(200, 1000, 1000, 1000)",999,50
cv_plus,cube,0.973333333,0.041439909,0.997353089,5194.411427,890.5311935,0,1000,normal,"(200, 1000, 1000, 1000)",[[1.         1.         1.         1.         0.86666667]],50
cv_plus,cube,0.923333333,0.689064639,0.920768795,3187.440216,788.0147824,0.2,1000,normal,"(200, 1000, 1000, 1000)",[[0.9        0.93333333 0.95       0.9        0.93333333]],50
cv_plus,cube,0.923333333,1.736691906,0.817163849,2550.256282,743.7636349,0.5,1000,normal,"(200, 1000, 1000, 1000)",[[0.91666667 0.93333333 0.93333333 0.93333333 0.9       ]],50
cv_plus,cube,0.886666667,3.207521101,0.667304695,1456.335538,675.6677687,1,1000,normal,"(200, 1000, 1000, 1000)",[[0.88333333 0.86666667 0.85       0.91666667 0.91666667]],50
cv,nmm,0.89,0.641839815,0.947244858,21936.4825,274.2687452,0,1000,normal,"(200, 1000, 1000, 1000)",999,5
cv,nmm,0.853333333,1.042447838,0.918843623,21148.21406,232.1180809,0.2,1000,normal,"(200, 1000, 1000, 1000)",999,5
cv,nmm,0.893333333,1.992205828,0.855530844,19090.77244,119.9679253,0.5,1000,normal,"(200, 1000, 1000, 1000)",999,5
cv,nmm,0.926666667,3.708845011,0.763758801,15925.22436,96.51960468,1,1000,normal,"(200, 1000, 1000, 1000)",999,5
cv_plus,nmm,0.91,0.738560032,0.939295088,21723.18343,283.2577884,0,1000,normal,"(200, 1000, 1000, 1000)",[[1.         0.96666667 0.96666667 0.96666667 0.65      ]],5
cv_plus,nmm,0.913333333,1.246567673,0.902954771,20419.4701,153.7499485,0.2,1000,normal,"(200, 1000, 1000, 1000)",[[0.98333333 1.         1.         0.91666667 0.66666667]],5
cv_plus,nmm,0.91,1.992907668,0.855479901,19114.10113,142.2551832,0.5,1000,normal,"(200, 1000, 1000, 1000)",[[0.9        0.91666667 0.93333333 0.93333333 0.86666667]],5
cv_plus,nmm,0.923333333,3.823830635,0.756434744,15897.58659,93.47039509,1,1000,normal,"(200, 1000, 1000, 1000)",[[0.91666667 0.91666667 0.91666667 0.93333333 0.93333333]],5
cv,nmm,0.953333333,1.076453766,0.911519927,20869.82771,299.6711364,0,1000,normal,"(200, 1000, 1000, 1000)",999,10
cv,nmm,0.84,1.303515,0.895669851,20013.94964,208.2142549,0.2,1000,normal,"(200, 1000, 1000, 1000)",999,10
cv,nmm,0.92,2.219185513,0.843234278,18490.37622,182.1989677,0.5,1000,normal,"(200, 1000, 1000, 1000)",999,10
cv,nmm,0.923333333,3.694351222,0.77417383,16506.36121,183.8431656,1,1000,normal,"(200, 1000, 1000, 1000)",999,10
cv_plus,nmm,0.94,1.181052625,0.902923731,20419.19582,357.4877884,0,1000,normal,"(200, 1000, 1000, 1000)",[[1.         1.         1.         0.96666667 0.73333333]],10
cv_plus,nmm,0.9,1.40975724,0.887169969,20114.82558,211.755496,0.2,1000,normal,"(200, 1000, 1000, 1000)",[[0.8        0.8        0.96666667 0.93333333 1.        ]],10
cv_plus,nmm,0.9,2.182694746,0.845812358,18326.46047,209.2908559,0.5,1000,normal,"(200, 1000, 1000, 1000)",[[0.83333333 0.81666667 0.95       0.91666667 0.98333333]],10
cv_plus,nmm,0.923333333,3.761812551,0.770050102,16278.77905,189.8328056,1,1000,normal,"(200, 1000, 1000, 1000)",[[0.93333333 0.81666667 0.93333333 0.95       0.98333333]],10
cv,nmm,0.91,0.702478526,0.942260752,21781.18863,818.5346177,0,1000,normal,"(200, 1000, 1000, 1000)",999,20
cv,nmm,0.83,1.026784406,0.919089887,21152.47905,721.45397,0.2,1000,normal,"(200, 1000, 1000, 1000)",999,20
cv,nmm,0.886666667,1.957978453,0.861732276,19148.29493,518.0592842,0.5,1000,normal,"(200, 1000, 1000, 1000)",999,20
cv,nmm,0.886666667,3.459083607,0.776497798,16743.96983,368.7742956,1,1000,normal,"(200, 1000, 1000, 1000)",999,20
cv_plus,nmm,0.93,0.755129711,0.937932418,21696.63639,860.7386243,0,1000,normal,"(200, 1000, 1000, 1000)",[[1.         1.         1.         0.91666667 0.73333333]],20
cv_plus,nmm,0.93,1.163197255,0.908344905,20805.09724,743.6108167,0.2,1000,normal,"(200, 1000, 1000, 1000)",[[1.         0.96666667 0.96666667 1.         0.71666667]],20
cv_plus,nmm,0.903333333,2.000120498,0.858756453,19014.91866,475.8270788,0.5,1000,normal,"(200, 1000, 1000, 1000)",[[0.88333333 0.83333333 0.88333333 0.95       0.96666667]],20
cv_plus,nmm,0.896666667,3.44928534,0.777131023,16614.61168,361.7707708,1,1000,normal,"(200, 1000, 1000, 1000)",[[0.8        0.98333333 0.93333333 0.85       0.91666667]],20
cv,nmm,0.946666667,0.901997822,0.925859645,21284.42978,1779.286585,0,1000,normal,"(200, 1000, 1000, 1000)",999,50
cv,nmm,0.856666667,1.264921754,0.901749083,20134.41859,1339.079781,0.2,1000,normal,"(200, 1000, 1000, 1000)",999,50
cv,nmm,0.903333333,2.035704843,0.854528644,18697.27253,1293.195114,0.5,1000,normal,"(200, 1000, 1000, 1000)",999,50
cv,nmm,0.89,3.471525291,0.793415206,17173.47575,890.0764029,1,1000,normal,"(200, 1000, 1000, 1000)",999,50
cv_plus,nmm,0.946666667,1.102873555,0.909349005,20697.90146,1504.520909,0,1000,normal,"(200, 1000, 1000, 1000)",[[1.         1.         1.         1.         0.73333333]],50
cv_plus,nmm,0.926666667,1.320230305,0.897454203,20288.61992,1533.107375,0.2,1000,normal,"(200, 1000, 1000, 1000)",[[1.         0.98333333 0.98333333 0.93333333 0.73333333]],50
cv_plus,nmm,0.926666667,2.130198993,0.847775504,18836.18342,1140.838122,0.5,1000,normal,"(200, 1000, 1000, 1000)",[[0.93333333 0.95       0.95       0.91666667 0.88333333]],50
cv_plus,nmm,0.903333333,3.583179704,0.786770907,16498.13739,906.5184228,1,1000,normal,"(200, 1000, 1000, 1000)",[[0.8        0.98333333 0.91666667 0.88333333 0.93333333]],50
cv,sinex_het,0.893333333,4.746193965,0.648676739,5621.615532,50.94456363,0,1000,normal,"(400, 2000)",999,5
cv,sinex_het,0.92,5.112219626,0.65248853,5810.8949,44.81186771,0.2,1000,normal,"(400, 2000)",999,5
cv,sinex_het,0.906666667,5.147742848,0.611929176,5038.726168,35.65889215,0.5,1000,normal,"(400, 2000)",999,5
cv,sinex_het,0.893333333,5.578919799,0.567967947,4220.089701,47.0005753,1,1000,normal,"(400, 2000)",999,5
cv_plus,sinex_het,0.906666667,4.983840356,0.631085655,5493.980775,42.33511305,0,1000,normal,"(400, 2000)",[[0.71666667 0.88333333 0.95       0.98333333 1.        ]],5
cv_plus,sinex_het,0.913333333,5.039872585,0.657406579,6377.23742,42.54194164,0.2,1000,normal,"(400, 2000)",[[1.         1.         0.9        0.86666667 0.8       ]],5
cv_plus,sinex_het,0.916666667,5.075499512,0.617375211,5356.093007,47.14051962,0.5,1000,normal,"(400, 2000)",[[1.         1.         0.9        0.85       0.83333333]],5
cv_plus,sinex_het,0.903333333,5.668316354,0.561045089,4409.593413,49.46096087,1,1000,normal,"(400, 2000)",[[0.9        0.98333333 0.95       0.85       0.83333333]],5
cv,sinex_het,0.88,4.889035709,0.663722926,5888.813735,87.59508109,0,1000,normal,"(400, 2000)",999,10
cv,sinex_het,0.903333333,4.807219792,0.614091396,5977.610424,94.16926599,0.2,1000,normal,"(400, 2000)",999,10
cv,sinex_het,0.92,5.482998847,0.694047174,6110.671013,108.1218164,0.5,1000,normal,"(400, 2000)",999,10
cv,sinex_het,0.893333333,5.814884889,0.596002595,5244.836883,102.2502577,1,1000,normal,"(400, 2000)",999,10
cv_plus,sinex_het,0.89,5.122531378,0.647662868,5555.608659,83.87569785,0,1000,normal,"(400, 2000)",[[1.         0.93333333 0.95       0.88333333 0.68333333]],10
cv_plus,sinex_het,0.91,4.96233374,0.601639279,5655.071097,109.708252,0.2,1000,normal,"(400, 2000)",[[0.93333333 0.95       0.95       0.93333333 0.78333333]],10
cv_plus,sinex_het,0.923333333,5.520297929,0.691965777,5973.534089,105.2090452,0.5,1000,normal,"(400, 2000)",[[1.         0.98333333 0.93333333 0.86666667 0.83333333]],10
cv_plus,sinex_het,0.913333333,6.007518217,0.582619044,4768.302414,93.09062839,1,1000,normal,"(400, 2000)",[[0.98333333 0.96666667 0.95       0.86666667 0.8       ]],10
cv,sinex_het,0.893333333,4.956617336,0.613016023,5373.669369,180.5712471,0,1000,normal,"(400, 2000)",999,20
cv,sinex_het,0.903333333,5.079549647,0.632104806,5849.868289,167.1476245,0.2,1000,normal,"(400, 2000)",999,20
cv,sinex_het,0.893333333,5.214214298,0.605193218,5732.581201,180.2945473,0.5,1000,normal,"(400, 2000)",999,20
cv,sinex_het,0.883333333,5.70024099,0.643776613,4996.005233,161.9908729,1,1000,normal,"(400, 2000)",999,20
cv_plus,sinex_het,0.893333333,5.121937892,0.600108753,5302.54882,164.9770873,0,1000,normal,"(400, 2000)",[[0.83333333 0.8        0.93333333 0.9        1.        ]],20
cv_plus,sinex_het,0.906666667,5.065617232,0.633113864,5894.701995,170.3362951,0.2,1000,normal,"(400, 2000)",[[1.         1.         1.         0.86666667 0.66666667]],20
cv_plus,sinex_het,0.896666667,5.243992094,0.602938541,5609.967736,151.3115146,0.5,1000,normal,"(400, 2000)",[[0.91666667 0.88333333 0.95       0.96666667 0.76666667]],20
cv_plus,sinex_het,0.886666667,5.881208517,0.632467537,4910.850593,182.2540386,1,1000,normal,"(400, 2000)",[[0.96666667 0.96666667 0.95       0.83333333 0.71666667]],20
cv,sinex_het,0.906666667,4.879392794,0.652646918,5561.91649,438.7343783,0,1000,normal,"(400, 2000)",999,50
cv,sinex_het,0.893333333,4.855549524,0.67094023,6714.011992,454.5036438,0.2,1000,normal,"(400, 2000)",999,50
cv,sinex_het,0.903333333,5.153159524,0.642771603,5713.358167,408.34776,0.5,1000,normal,"(400, 2000)",999,50
cv,sinex_het,0.886666667,5.842328609,0.60666608,5041.987719,442.074775,1,1000,normal,"(400, 2000)",999,50
cv_plus,sinex_het,0.906666667,5.104033978,0.636655215,5053.785207,395.37305,0,1000,normal,"(400, 2000)",[[0.98333333 0.96666667 0.9        0.9        0.78333333]],50
cv_plus,sinex_het,0.89,4.922248595,0.666420008,6387.38835,470.4528761,0.2,1000,normal,"(400, 2000)",[[0.88333333 0.91666667 0.98333333 0.98333333 0.68333333]],50
cv_plus,sinex_het,0.91,5.294742839,0.632956679,5549.984527,405.5842719,0.5,1000,normal,"(400, 2000)",[[1.         0.88333333 0.91666667 0.91666667 0.83333333]],50
cv_plus,sinex_het,0.886666667,6.054921155,0.592353324,4723.691058,404.377012,1,1000,normal,"(400, 2000)",[[0.96666667 0.96666667 0.88333333 0.83333333 0.78333333]],50
cv,sinex_con,0.93,0.594649011,0.910358039,12756.16486,43.97307038,0,1000,normal,"(400, 2000)",999,5
cv,sinex_con,0.93,0.91088539,0.875154151,11950.36575,42.46537971,0.2,1000,normal,"(400, 2000)",999,5
cv,sinex_con,0.873333333,1.788887457,0.785681815,10013.29923,38.1052022,0.5,1000,normal,"(400, 2000)",999,5
cv,sinex_con,0.896666667,3.442486823,0.676464862,7681.149004,47.27165079,1,1000,normal,"(400, 2000)",999,5
cv_plus,sinex_con,0.9,0.63151814,0.904800973,12591.09793,42.80748057,0,1000,normal,"(400, 2000)",[[0.91666667 0.83333333 0.95       0.88333333 0.91666667]],5
cv_plus,sinex_con,0.926666667,0.882157535,0.879091725,11997.596,60.51323438,0.2,1000,normal,"(400, 2000)",[[0.98333333 0.78333333 0.96666667 0.9        1.        ]],5
cv_plus,sinex_con,0.88,1.799019864,0.784468147,10071.95358,48.2716229,0.5,1000,normal,"(400, 2000)",[[0.88333333 0.91666667 0.88333333 0.91666667 0.8       ]],5
cv_plus,sinex_con,0.906666667,3.460743221,0.674749049,7500.51633,42.5660069,1,1000,normal,"(400, 2000)",[[0.9        0.83333333 0.93333333 0.95       0.91666667]],5
cv,sinex_con,0.913333333,0.539137817,0.918726802,12902.47834,95.58155179,0,1000,normal,"(400, 2000)",999,10
cv,sinex_con,0.873333333,0.878409229,0.880694546,12056.09843,92.88287163,0.2,1000,normal,"(400, 2000)",999,10
cv,sinex_con,0.913333333,1.776767353,0.785671407,10304.05583,93.63999629,0.5,1000,normal,"(400, 2000)",999,10
cv,sinex_con,0.943333333,3.472528056,0.68446469,7169.252367,86.55116963,1,1000,normal,"(400, 2000)",999,10
cv_plus,sinex_con,0.916666667,0.55472228,0.916377411,12846.14472,91.90632582,0,1000,normal,"(400, 2000)",[[1.         1.         0.98333333 0.71666667 0.88333333]],10
cv_plus,sinex_con,0.893333333,0.892229923,0.878818018,12071.08888,102.424881,0.2,1000,normal,"(400, 2000)",[[0.95       0.93333333 0.93333333 0.9        0.75      ]],10
cv_plus,sinex_con,0.93,1.853357011,0.776431967,10162.1338,92.22106051,0.5,1000,normal,"(400, 2000)",[[0.98333333 0.96666667 0.88333333 0.91666667 0.9       ]],10
cv_plus,sinex_con,0.946666667,3.494332394,0.68248322,7126.394768,91.36140561,1,1000,normal,"(400, 2000)",[[0.95       0.96666667 0.86666667 0.95       1.        ]],10
jackknife_plus,linear,1,0.333752312,0.966615103,18941.58892,25.6806531,0,100,normal,"(200, 1000, 1000, 1000)",[[1. 1. 1. 1. 1.]],1
jackknife_plus,linear,0.946666667,0.856679044,0.917945028,17505.39201,24.23526597,0.2,100,normal,"(200, 1000, 1000, 1000)",[[0.96666667 0.95       0.96666667 0.91666667 0.93333333]],1
jackknife_plus,linear,0.936666667,2.218053505,0.801995117,13439.31129,19.29246593,0.5,100,normal,"(200, 1000, 1000, 1000)",[[0.91666667 0.93333333 0.91666667 0.95       0.96666667]],1
jackknife_plus,linear,0.95,5.174514332,0.605898466,7001.046936,13.72171021,1,100,normal,"(200, 1000, 1000, 1000)",[[0.93333333 0.91666667 0.93333333 1.         0.96666667]],1
jackknife_plus,linear,0.906666667,0.239080504,0.976091906,19151.5737,10.33484173,0,100,normal,"(400, 2000)",[[1.         1.         1.         1.         0.53333333]],1
jackknife_plus,linear,0.95,1.032309798,0.899027267,16785.70622,12.26212835,0.2,100,normal,"(400, 2000)",[[0.98333333 0.95       0.96666667 0.95       0.9       ]],1
jackknife_plus,linear,0.976666667,2.137097132,0.799531562,13955.95602,8.72434473,0.5,100,normal,"(400, 2000)",[[0.96666667 0.98333333 0.93333333 1.         1.        ]],1
jackknife_plus,linear,0.966666667,4.677170183,0.641462523,9197.78552,5.280201197,1,100,normal,"(400, 2000)",[[0.93333333 0.91666667 1.         0.98333333 1.        ]],1
jackknife_plus,linear,0.906666667,1.611363089,0.838863654,13999.24057,29.27286959,0,100,normal,"(400, 2000, 2000, 2000)",999,1
jackknife_plus,linear,0.936666667,1.959416719,0.812803209,13130.41135,29.76093531,0.2,100,normal,"(400, 2000, 2000, 2000)",[[0.9        1.         1.         1.         0.78333333]],1
jackknife_plus,linear,0.953333333,2.426026016,0.780356772,12358.30163,35.93875933,0.5,100,normal,"(400, 2000, 2000, 2000)",[[0.93333333 0.98333333 0.98333333 0.91666667 0.95      ]],1
jackknife_plus,linear,0.89,3.767140984,0.728834186,10182.60208,41.98921013,1,100,normal,"(400, 2000, 2000, 2000)",[[0.88333333 0.9        0.88333333 0.88333333 0.9       ]],1
jackknife_plus,linear,0.996666667,0.052804261,0.994710279,19922.48732,46.09838939,0,300,normal,"(200, 1000, 1000, 1000)",[[1.         1.         0.98333333 1.         1.        ]],1
jackknife_plus,linear,0.93,0.824794383,0.919919764,17921.39427,30.74038649,0.2,300,normal,"(200, 1000, 1000, 1000)",[[0.85       0.93333333 0.95       0.98333333 0.93333333]],1
jackknife_plus,linear,0.903333333,1.694993162,0.845590189,15447.80553,43.35654616,0.5,300,normal,"(200, 1000, 1000, 1000)",[[0.88333333 0.93333333 0.95       0.85       0.9       ]],1
jackknife_plus,linear,0.9,3.402760481,0.761720333,12251.99513,39.8904283,1,300,normal,"(200, 1000, 1000, 1000)",[[0.86666667 0.88333333 0.98333333 0.88333333 0.88333333]],1
jackknife_plus,linear,1,0.138351906,0.986154948,19569.94512,18.17630935,0,300,normal,"(400, 2000)",[[1. 1. 1. 1. 1.]],1
jackknife_plus,linear,0.94,0.757687969,0.927774477,17786.27617,16.07007527,0.2,300,normal,"(400, 2000)",[[0.95       0.98333333 0.93333333 0.91666667 0.91666667]],1
jackknife_plus,linear,0.916666667,1.75527561,0.839619756,15444.34284,18.69193888,0.5,300,normal,"(400, 2000)",[[0.96666667 0.9        0.88333333 0.91666667 0.91666667]],1
jackknife_plus,linear,0.926666667,3.618603555,0.72877572,11022.38782,15.47398424,1,300,normal,"(400, 2000)",[[0.9        0.96666667 0.95       0.96666667 0.85      ]],1
jackknife_plus,linear,1,0.062476429,0.99374242,19882.1663,49.04697657,0,500,normal,"(200, 1000, 1000, 1000)",[[1. 1. 1. 1. 1.]],1
jackknife_plus,linear,0.923333333,0.717871381,0.930791984,17990.2725,42.78609967,0.2,500,normal,"(200, 1000, 1000, 1000)",[[0.98333333 0.9        0.91666667 0.91666667 0.9       ]],1
jackknife_plus,linear,0.92,1.771044961,0.861285821,15068.15579,37.20652628,0.5,500,normal,"(200, 1000, 1000, 1000)",[[0.96666667 0.91666667 0.88333333 0.98333333 0.85      ]],1
jackknife_plus,linear,0.883333333,3.272498872,0.756994272,11953.31998,49.6011982,1,500,normal,"(200, 1000, 1000, 1000)",[[0.85       0.86666667 0.86666667 0.93333333 0.9       ]],1
jackknife_plus,linear,1,0.068402126,0.993149856,19864.07784,20.3791604,0,500,normal,"(400, 2000)",[[1. 1. 1. 1. 1.]],1
jackknife_plus,linear,0.923333333,0.697593373,0.932746916,18008.9191,15.42392302,0.2,500,normal,"(400, 2000)",[[0.93333333 0.95       0.95       0.9        0.88333333]],1
jackknife_plus,linear,0.913333333,1.706178703,0.866366542,15435.71436,16.99675751,0.5,500,normal,"(400, 2000)",[[0.93333333 0.93333333 0.91666667 0.91666667 0.86666667]],1
jackknife_plus,linear,0.89,3.297243983,0.755156912,12004.99863,18.50209594,1,500,normal,"(400, 2000)",[[0.91666667 0.8        0.9        0.95       0.88333333]],1
jackknife_plus,linear,0.95,0.034206118,0.996576897,19956.77121,196.1112168,0,500,normal,"(400, 2000, 2000, 2000)",[[1.         1.         1.         0.98333333 0.76666667]],1
jackknife_plus,linear,0.903333333,0.697406307,0.933032055,18138.34932,196.6111808,0.2,500,normal,"(400, 2000, 2000, 2000)",[[0.91666667 0.8        0.91666667 0.95       0.93333333]],1
jackknife_plus,linear,0.95,1.766108961,0.84387323,15156.13778,221.9869504,0.5,500,normal,"(400, 2000, 2000, 2000)",[[0.95       0.96666667 0.96666667 0.95       0.91666667]],1
jackknife_plus,linear,0.896666667,3.19633126,0.773947295,12397.49856,185.5898111,1,500,normal,"(400, 2000, 2000, 2000)",[[0.91666667 0.95       0.86666667 0.85       0.9       ]],1
jackknife_plus,linear,1,0.051727045,0.994817347,19933.64129,22.17037153,0,1000,normal,"(400, 2000)",[[1. 1. 1. 1. 1.]],1
jackknife_plus,linear,0.9,0.655784417,0.936338978,18195.77946,28.50032806,0.2,1000,normal,"(400, 2000)",[[0.88333333 0.9        0.9        0.88333333 0.93333333]],1
jackknife_plus,linear,0.94,1.769331086,0.841610332,15468.1471,23.25474072,0.5,1000,normal,"(400, 2000)",[[0.93333333 0.86666667 0.96666667 0.96666667 0.96666667]],1
jackknife_plus,linear,0.903333333,3.475788761,0.734624085,11592.8323,34.75952315,1,1000,normal,"(400, 2000)",[[0.93333333 0.88333333 0.85       0.91666667 0.93333333]],1
jackknife_plus,linear,0.933333333,0.013424841,0.998656406,20024.0358,256.4868422,0,1000,normal,"(400, 2000, 2000, 2000)",[[1.         1.         1.         1.         0.66666667]],1
jackknife_plus,linear,0.906666667,0.65829081,0.936034513,18239.46266,277.8202507,0.2,1000,normal,"(400, 2000, 2000, 2000)",[[0.91666667 0.91666667 0.88333333 0.9        0.91666667]],1
jackknife_plus,linear,0.893333333,1.689137912,0.844336745,15573.59623,296.4285614,0.5,1000,normal,"(400, 2000, 2000, 2000)",[[0.91666667 0.9        0.88333333 0.91666667 0.85      ]],1
jackknife_plus,linear,0.87,3.298443716,0.748968935,11980.04081,246.6506927,1,1000,normal,"(400, 2000, 2000, 2000)",[[0.85       0.91666667 0.9        0.78333333 0.9       ]],1
jackknife_plus,cube,0.983333333,0.067081925,0.992182551,4059.025016,41.13825965,0,100,normal,"(200, 1000, 1000, 1000)",[[1.         1.         1.         1.         0.91666667]],1
jackknife_plus,cube,0.933333333,0.86048183,0.908432375,3747.797541,22.2431016,0.2,100,normal,"(200, 1000, 1000, 1000)",[[0.91666667 1.         0.91666667 0.91666667 0.91666667]],1
jackknife_plus,cube,0.953333333,2.439088691,0.77593298,1161.038874,9.641969681,0.5,100,normal,"(200, 1000, 1000, 1000)",[[0.96666667 1.         0.98333333 0.95       0.86666667]],1
jackknife_plus,cube,0.93,3.875208631,0.695515283,796.4857498,20.99275994,1,100,normal,"(200, 1000, 1000, 1000)",[[0.93333333 0.96666667 0.91666667 0.93333333 0.9       ]],1
jackknife_plus,cube,0.953333333,5.557196138,0.54407256,455.7384255,12.07022595,4,100,student,"(200, 1000, 1000, 1000)",[[0.93333333 0.95       0.95       0.93333333 1.        ]],1
jackknife_plus,cube,0.92,5.304847526,0.692792752,977.9803992,8.069253922,5,100,student,"(200, 1000, 1000, 1000)",[[0.93333333 0.91666667 0.96666667 0.88333333 0.9       ]],1
jackknife_plus,cube,0.91,3.696113535,0.754431223,2150.051338,14.85223389,10,100,student,"(200, 1000, 1000, 1000)",[[0.91666667 0.91666667 0.88333333 0.93333333 0.9       ]],1
jackknife_plus,cube,0.926666667,4.062028648,0.557145354,549.4791763,9.428302765,1000,100,student,"(200, 1000, 1000, 1000)",[[0.86666667 0.91666667 0.96666667 0.98333333 0.9       ]],1
jackknife_plus,cube,0.94,0.967183883,0.897235787,2684.594867,3.734022379,0,100,normal,"(400, 2000)",[[1.  1.  1.  1.  0.7]],1
jackknife_plus,cube,0.973333333,1.550604766,0.732920548,1304.796356,4.422997236,0.2,100,normal,"(400, 2000)",[[0.98333333 1.         1.         0.96666667 0.91666667]],1
jackknife_plus,cube,0.93,2.284120614,0.718090835,1491.054641,5.895269394,0.5,100,normal,"(400, 2000)",[[0.96666667 0.93333333 0.86666667 0.91666667 0.96666667]],1
jackknife_plus,cube,0.893333333,3.378530924,0.679453514,1272.957707,6.839677095,1,100,normal,"(400, 2000)",[[0.9        0.88333333 0.91666667 0.9        0.86666667]],1
jackknife_plus,cube,0.936666667,5.79644984,0.68194351,1066.182573,4.051275492,4,100,student,"(400, 2000)",[[0.93333333 0.95       0.91666667 0.96666667 0.91666667]],1
jackknife_plus,cube,0.913333333,4.382112126,0.578516666,785.4727892,3.336335659,5,100,student,"(400, 2000)",[[0.95       0.91666667 1.         0.88333333 0.81666667]],1
jackknife_plus,cube,0.98,5.265116633,0.344472604,321.7820221,4.476126671,10,100,student,"(400, 2000)",[[0.95       0.98333333 0.98333333 1.         0.98333333]],1
jackknife_plus,cube,0.923333333,3.763581483,0.591446356,1032.982516,3.601550341,1000,100,student,"(400, 2000)",[[0.93333333 0.95       0.93333333 0.96666667 0.83333333]],1
jackknife_plus,cube,0.983333333,0.530075379,0.926199288,2957.194795,120.8893783,0,100,normal,"(400, 2000, 2000, 2000)",[[1.         1.         0.91666667 1.         1.        ]],1
jackknife_plus,cube,0.966666667,1.425447036,0.825456264,2196.531804,53.25603485,0.2,100,normal,"(400, 2000, 2000, 2000)",[[1.         0.95       0.96666667 1.         0.91666667]],1
jackknife_plus,cube,0.933333333,2.224506825,0.722091888,1994.870868,51.28826237,0.5,100,normal,"(400, 2000, 2000, 2000)",[[0.98333333 0.95       0.93333333 0.88333333 0.91666667]],1
jackknife_plus,cube,0.953333333,4.258633044,0.592132991,731.8766216,39.74575162,1,100,normal,"(400, 2000, 2000, 2000)",[[0.93333333 0.96666667 0.98333333 0.91666667 0.96666667]],1
jackknife_plus,cube,0.913333333,5.283607597,0.62681927,750.7970862,41.87951088,4,100,student,"(400, 2000, 2000, 2000)",[[0.93333333 0.91666667 0.91666667 0.91666667 0.88333333]],1
jackknife_plus,cube,0.936666667,5.250968302,0.483010006,834.7486033,48.47445965,5,100,student,"(400, 2000, 2000, 2000)",[[0.91666667 0.95       0.93333333 0.93333333 0.95      ]],1
jackknife_plus,cube,0.95,4.395216511,0.683033571,859.7163258,41.28748035,10,100,student,"(400, 2000, 2000, 2000)",[[0.98333333 0.91666667 0.93333333 0.95       0.96666667]],1
jackknife_plus,cube,0.923333333,3.877316463,0.59899609,1028.354326,41.24594665,1000,100,student,"(400, 2000, 2000, 2000)",[[0.86666667 0.98333333 0.95       0.91666667 0.9       ]],1
jackknife_plus,cube,0.976666667,0.11012936,0.990766285,5641.641235,41.02224255,0,300,normal,"(200, 1000, 1000, 1000)",[[1.         1.         0.98333333 0.98333333 0.91666667]],1
jackknife_plus,cube,0.926666667,0.824679403,0.876703258,2996.656976,48.30947304,0.2,300,normal,"(200, 1000, 1000, 1000)",[[0.96666667 0.91666667 0.91666667 0.9        0.93333333]],1
jackknife_plus,cube,0.94,1.893187707,0.839683904,2467.40664,31.56567049,0.5,300,normal,"(200, 1000, 1000, 1000)",[[0.98333333 0.96666667 0.91666667 0.95       0.88333333]],1
jackknife_plus,cube,0.923333333,3.489136002,0.601410129,2093.370725,32.26619458,1,300,normal,"(200, 1000, 1000, 1000)",[[0.93333333 0.9        0.93333333 0.9        0.95      ]],1
jackknife_plus,cube,0.923333333,4.879967918,0.715791387,1796.062622,28.87225747,4,300,student,"(200, 1000, 1000, 1000)",[[0.95       0.93333333 0.9        0.93333333 0.9       ]],1
jackknife_plus,cube,0.94,4.408388895,0.668651761,1511.925191,38.309515,5,300,student,"(200, 1000, 1000, 1000)",[[0.91666667 0.98333333 0.91666667 0.91666667 0.96666667]],1
jackknife_plus,cube,0.903333333,3.657152393,0.623306486,1093.041584,32.82550263,10,300,student,"(200, 1000, 1000, 1000)",[[0.88333333 0.98333333 0.93333333 0.86666667 0.85      ]],1
jackknife_plus,cube,0.893333333,3.329354243,0.700243102,1835.143003,36.22838044,1000,300,student,"(200, 1000, 1000, 1000)",[[0.86666667 0.91666667 0.91666667 0.91666667 0.85      ]],1
jackknife_plus,cube,0.956666667,0.080103834,0.987696865,3444.541313,24.63811207,0,300,normal,"(400, 2000)",[[1.         1.         1.         1.         0.78333333]],1
jackknife_plus,cube,0.9,0.717778405,0.880025919,2399.882821,17.67208838,0.2,300,normal,"(400, 2000)",[[0.88333333 0.91666667 0.9        0.93333333 0.86666667]],1
jackknife_plus,cube,0.91,1.801158493,0.768199926,1853.671816,15.93944311,0.5,300,normal,"(400, 2000)",[[0.9        0.96666667 0.91666667 0.85       0.91666667]],1
jackknife_plus,cube,0.893333333,3.509923964,0.682283359,1435.920606,16.45498252,1,300,normal,"(400, 2000)",[[0.91666667 0.9        0.9        0.86666667 0.88333333]],1
jackknife_plus,cube,0.903333333,4.513937226,0.745704874,1329.77997,12.23079276,4,300,student,"(400, 2000)",[[0.93333333 0.88333333 0.88333333 0.91666667 0.9       ]],1
jackknife_plus,cube,0.933333333,4.575446233,0.629060059,1127.925879,10.19994164,5,300,student,"(400, 2000)",[[0.91666667 0.88333333 0.98333333 0.93333333 0.95      ]],1
jackknife_plus,cube,0.893333333,3.967274657,0.694186697,1356.200819,9.045032501,10,300,student,"(400, 2000)",[[0.9        0.91666667 0.95       0.86666667 0.83333333]],1
jackknife_plus,cube,0.913333333,3.684556685,0.631600734,1067.638483,9.475050211,1000,300,student,"(400, 2000)",[[0.88333333 0.86666667 0.95       0.96666667 0.9       ]],1
jackknife_plus,cube,0.97,0.162743821,0.984941929,5246.906903,196.0347869,0,300,normal,"(400, 2000, 2000, 2000)",[[1.   1.   1.   1.   0.85]],1
jackknife_plus,cube,0.933333333,0.759324263,0.922570542,2543.342795,164.5064378,0.2,300,normal,"(400, 2000, 2000, 2000)",[[0.95       0.98333333 0.86666667 0.93333333 0.93333333]],1
jackknife_plus,cube,0.94,2.221042647,0.782505141,1629.095092,79.89870548,0.5,300,normal,"(400, 2000, 2000, 2000)",[[0.95       0.93333333 0.9        0.95       0.96666667]],1
jackknife_plus,cube,0.903333333,3.372894971,0.624878785,1133.801957,107.6964793,1,300,normal,"(400, 2000, 2000, 2000)",[[0.83333333 0.9        0.83333333 0.96666667 0.98333333]],1
jackknife_plus,cube,0.926666667,5.188043599,0.61494376,993.8879631,87.10733819,4,300,student,"(400, 2000, 2000, 2000)",[[0.91666667 0.96666667 0.88333333 0.96666667 0.9       ]],1
jackknife_plus,cube,0.946666667,5.107848165,0.653988064,842.8539612,97.61095285,5,300,student,"(400, 2000, 2000, 2000)",[[0.96666667 0.95       0.96666667 0.91666667 0.93333333]],1
jackknife_plus,cube,0.893333333,3.628379288,0.599406476,1184.621904,114.9883382,10,300,student,"(400, 2000, 2000, 2000)",[[0.93333333 0.8        0.95       0.91666667 0.86666667]],1
jackknife_plus,cube,0.906666667,3.497081486,0.621789035,1214.811188,116.6763935,1000,300,student,"(400, 2000, 2000, 2000)",[[0.93333333 0.88333333 0.9        0.93333333 0.88333333]],1
jackknife_plus,cube,0.99,0.052908958,0.993466481,4579.9544,57.2512567,0,500,normal,"(200, 1000, 1000, 1000)",[[1.   1.   0.95 1.   1.  ]],1
jackknife_plus,cube,0.92,0.710748036,0.902293449,3246.519206,46.1036787,0.2,500,normal,"(200, 1000, 1000, 1000)",[[0.95       0.88333333 0.98333333 0.9        0.88333333]],1
jackknife_plus,cube,0.903333333,1.671416951,0.848459366,3188.950349,44.75890756,0.5,500,normal,"(200, 1000, 1000, 1000)",[[0.95       0.91666667 0.95       0.86666667 0.83333333]],1
jackknife_plus,cube,0.89,3.476964736,0.706883266,1882.123837,25.35552716,1,500,normal,"(200, 1000, 1000, 1000)",[[0.88333333 0.83333333 0.81666667 0.93333333 0.98333333]],1
jackknife_plus,cube,0.923333333,5.051623709,0.662115883,1287.581667,34.97453761,4,500,student,"(200, 1000, 1000, 1000)",[[0.93333333 0.88333333 0.95       0.95       0.9       ]],1
jackknife_plus,cube,0.933333333,4.480360972,0.619709587,1227.08481,31.61599159,5,500,student,"(200, 1000, 1000, 1000)",[[0.93333333 0.9        0.95       0.96666667 0.91666667]],1
jackknife_plus,cube,0.91,3.717000504,0.714021456,1944.89408,36.22590137,10,500,student,"(200, 1000, 1000, 1000)",[[0.93333333 0.95       0.85       0.88333333 0.93333333]],1
jackknife_plus,cube,0.886666667,3.373713417,0.68819734,1672.114518,39.74136233,1000,500,student,"(200, 1000, 1000, 1000)",[[0.95       0.83333333 0.83333333 0.91666667 0.9       ]],1
jackknife_plus,cube,0.933333333,0.101232534,0.991838927,5625.385339,29.43940187,0,500,normal,"(400, 2000)",[[1.         1.         1.         0.86666667 0.8       ]],1
jackknife_plus,cube,0.87,0.685276753,0.938915832,4106.195046,24.76248837,0.2,500,normal,"(400, 2000)",[[0.85       0.88333333 0.86666667 0.86666667 0.88333333]],1
jackknife_plus,cube,0.906666667,1.709058278,0.757048596,2317.961489,18.08574533,0.5,500,normal,"(400, 2000)",[[0.91666667 0.95       0.9        0.86666667 0.9       ]],1
jackknife_plus,cube,0.903333333,3.354939382,0.680886054,1698.004831,17.79275894,1,500,normal,"(400, 2000)",[[0.9        0.9        0.91666667 0.9        0.9       ]],1
jackknife_plus,cube,0.916666667,4.39399312,0.729395602,1525.68554,13.17794681,4,500,student,"(400, 2000)",[[0.86666667 0.91666667 0.91666667 0.95       0.93333333]],1
jackknife_plus,cube,0.943333333,4.580205466,0.621925181,1043.847931,16.00328708,5,500,student,"(400, 2000)",[[0.93333333 0.95       0.91666667 0.96666667 0.95      ]],1
jackknife_plus,cube,0.933333333,3.828639104,0.53657958,540.8209622,17.44891119,10,500,student,"(400, 2000)",[[0.91666667 0.95       0.96666667 0.91666667 0.91666667]],1
jackknife_plus,cube,0.93,3.494974343,0.692854036,1138.426754,15.53898072,1000,500,student,"(400, 2000)",[[0.91666667 0.98333333 0.91666667 0.95       0.88333333]],1
jackknife_plus,cube,0.943333333,0.02164743,0.996556418,4570.515312,251.3209472,0,500,normal,"(400, 2000, 2000, 2000)",[[0.86666667 0.9        1.         1.         0.95      ]],1
jackknife_plus,cube,0.943333333,0.713737855,0.906232898,2849.173256,179.9192145,0.2,500,normal,"(400, 2000, 2000, 2000)",[[0.96666667 0.95       0.96666667 0.91666667 0.91666667]],1
jackknife_plus,cube,0.89,1.593873873,0.860173431,2815.686207,120.759866,0.5,500,normal,"(400, 2000, 2000, 2000)",[[0.83333333 0.91666667 0.81666667 0.93333333 0.95      ]],1
jackknife_plus,cube,0.91,3.771930814,0.787507445,1736.985619,183.1306829,1,500,normal,"(400, 2000, 2000, 2000)",[[0.88333333 0.91666667 0.88333333 0.91666667 0.95      ]],1
jackknife_plus,cube,0.896666667,4.354915294,0.632161189,1613.834866,121.9168479,4,500,student,"(400, 2000, 2000, 2000)",[[0.93333333 0.91666667 0.86666667 0.93333333 0.83333333]],1
jackknife_plus,cube,0.903333333,4.413601535,0.7509539,1453.106009,127.4045234,5,500,student,"(400, 2000, 2000, 2000)",[[0.93333333 0.9        0.88333333 0.93333333 0.86666667]],1
jackknife_plus,cube,0.943333333,3.837019458,0.566064604,1424.600211,120.7275467,10,500,student,"(400, 2000, 2000, 2000)",[[0.98333333 0.98333333 0.88333333 0.91666667 0.95      ]],1
jackknife_plus,cube,0.92,3.532711489,0.825546084,1968.013619,119.1083214,1000,500,student,"(400, 2000, 2000, 2000)",[[0.85       0.91666667 0.96666667 0.91666667 0.95      ]],1
jackknife_plus,cube,0.976666667,0.0320019,0.995090175,4261.047633,84.44085789,0,1000,normal,"(200, 1000, 1000, 1000)",[[1.         1.         1.         1.         0.88333333]],1
jackknife_plus,cube,0.916666667,0.713931617,0.927333944,4162.043092,74.28373098,0.2,1000,normal,"(200, 1000, 1000, 1000)",[[0.9        0.93333333 0.93333333 0.88333333 0.93333333]],1
jackknife_plus,cube,0.91,1.718343448,0.816639817,2162.059426,56.88219213,0.5,1000,normal,"(200, 1000, 1000, 1000)",[[0.95       0.85       0.93333333 0.91666667 0.9       ]],1
jackknife_plus,cube,0.9,3.370636454,0.720955166,2117.827573,68.97065282,1,1000,normal,"(200, 1000, 1000, 1000)",[[0.91666667 0.95       0.91666667 0.85       0.86666667]],1
jackknife_plus,cube,0.883333333,4.006012991,0.676899411,1831.381249,57.30241489,4,1000,student,"(200, 1000, 1000, 1000)",[[0.85       0.91666667 0.9        0.86666667 0.88333333]],1
jackknife_plus,cube,0.923333333,4.335734149,0.732116497,2322.981129,58.3933804,5,1000,student,"(200, 1000, 1000, 1000)",[[0.95       0.9        0.96666667 0.93333333 0.86666667]],1
jackknife_plus,cube,0.903333333,3.643160916,0.733854832,1809.557167,60.58763623,10,1000,student,"(200, 1000, 1000, 1000)",[[0.93333333 0.83333333 0.93333333 0.91666667 0.9       ]],1
jackknife_plus,cube,0.903333333,3.353864808,0.719836357,1622.447483,70.58357906,1000,1000,student,"(200, 1000, 1000, 1000)",[[0.93333333 0.85       0.91666667 0.91666667 0.9       ]],1
jackknife_plus,cube,0.953333333,0.050850139,0.993087143,4827.056642,49.19578099,0,1000,normal,"(400, 2000)",[[0.98333333 1.         1.         0.85       0.93333333]],1
jackknife_plus,cube,0.946666667,0.753345794,0.897832112,3076.314031,24.23935056,0.2,1000,normal,"(400, 2000)",[[0.95       0.9        0.98333333 0.98333333 0.91666667]],1
jackknife_plus,cube,0.91,1.659986342,0.860829594,2464.14754,46.70971823,0.5,1000,normal,"(400, 2000)",[[0.88333333 0.95       0.9        0.9        0.91666667]],1
jackknife_plus,cube,0.843333333,3.324543847,0.712207821,1835.784244,26.61128283,1,1000,normal,"(400, 2000)",[[0.95       0.83333333 0.75       0.86666667 0.81666667]],1
jackknife_plus,cube,0.876666667,4.272236555,0.751944292,1902.437939,28.11877918,4,1000,student,"(400, 2000)",[[0.88333333 0.9        0.9        0.9        0.8       ]],1
jackknife_plus,cube,0.906666667,4.292155071,0.58446035,1213.990522,22.38953447,5,1000,student,"(400, 2000)",[[0.85       0.95       0.9        0.88333333 0.95      ]],1
jackknife_plus,cube,0.916666667,3.816552934,0.64962113,1140.721979,32.62521553,10,1000,student,"(400, 2000)",[[0.88333333 0.91666667 0.95       0.95       0.88333333]],1
jackknife_plus,cube,0.93,3.40987635,0.681117691,1649.879828,23.90804148,1000,1000,student,"(400, 2000)",[[0.95       0.9        0.93333333 0.91666667 0.95      ]],1
jackknife_plus,cube,0.99,0.029469735,0.994048437,4407.291054,313.5122783,0,1000,normal,"(400, 2000, 2000, 2000)",[[1.   1.   1.   1.   0.95]],1
jackknife_plus,cube,0.926666667,0.728808547,0.925534532,3806.145841,266.5864975,0.2,1000,normal,"(400, 2000, 2000, 2000)",[[0.91666667 0.91666667 0.95       0.9        0.95      ]],1
jackknife_plus,cube,0.903333333,1.713304049,0.799019697,2546.06163,296.4784968,0.5,1000,normal,"(400, 2000, 2000, 2000)",[[0.88333333 0.88333333 0.93333333 0.93333333 0.88333333]],1
jackknife_plus,cube,0.913333333,3.597384704,0.612860201,1144.379262,223.856606,1,1000,normal,"(400, 2000, 2000, 2000)",[[0.9        0.96666667 0.91666667 0.86666667 0.91666667]],1
jackknife_plus,cube,0.896666667,4.455064251,0.750342867,2055.015861,254.9630878,4,1000,student,"(400, 2000, 2000, 2000)",[[0.95       0.91666667 0.85       0.93333333 0.83333333]],1
jackknife_plus,cube,0.886666667,4.058112374,0.740381025,1632.263086,232.4272618,5,1000,student,"(400, 2000, 2000, 2000)",[[0.9        0.91666667 0.83333333 0.9        0.88333333]],1
jackknife_plus,cube,0.886666667,3.659936205,0.624399839,1225.396901,251.9392097,10,1000,student,"(400, 2000, 2000, 2000)",[[0.85       0.91666667 0.9        0.88333333 0.88333333]],1
jackknife_plus,cube,0.91,3.612224453,0.666885792,1337.212219,220.2308772,1000,1000,student,"(400, 2000, 2000, 2000)",[[0.88333333 0.95       0.93333333 0.9        0.88333333]],1
jackknife_plus,cube,0.896666667,1.168776532,0.842851947,1579.704289,2.040311813,0,100,normal,"(200, 1000)",[[1.         0.95       1.         1.         0.53333333]],1
jackknife_plus,cube,0.95,1.315786335,0.857276106,2068.848315,2.370373011,0.2,100,normal,"(200, 1000)",[[0.98333333 0.96666667 1.         0.98333333 0.81666667]],1
jackknife_plus,cube,0.93,2.349055642,0.697643701,998.5807127,1.714800358,0.5,100,normal,"(200, 1000)",[[0.95       1.         0.98333333 0.95       0.76666667]],1
jackknife_plus,cube,0.883333333,3.750081049,0.599264868,648.6480009,1.598737478,1,100,normal,"(200, 1000)",[[0.96666667 0.91666667 0.91666667 0.91666667 0.7       ]],1
jackknife_plus,cube,0.896666667,4.360154918,0.624030938,1054.295576,1.214964628,4,100,student,"(200, 1000)",[[0.95       0.9        0.85       0.86666667 0.91666667]],1
jackknife_plus,cube,0.923333333,5.198133231,0.692068974,779.5478569,1.42628932,5,100,student,"(200, 1000)",[[0.98333333 0.88333333 0.96666667 0.93333333 0.85      ]],1
jackknife_plus,cube,0.903333333,3.878551916,0.660076309,1270.978937,1.96289897,10,100,student,"(200, 1000)",[[0.95       0.96666667 0.86666667 0.93333333 0.8       ]],1
jackknife_plus,cube,0.933333333,4.485212482,0.6112337,442.0268059,2.63151598,1000,100,student,"(200, 1000)",[[0.95       0.93333333 0.91666667 0.96666667 0.9       ]],1
jackknife_plus,sinex_con,1,4.211561237,0.36511905,3483.266458,4.809524059,0,100,normal,"(200, 1000)",[[1. 1. 1. 1. 1.]],1
jackknife_plus,sinex_con,0.976666667,3.202862756,0.572314082,5123.138743,5.795666933,0.2,100,normal,"(200, 1000)",[[1.         1.         0.96666667 0.93333333 0.98333333]],1
jackknife_plus,sinex_con,0.95,4.811613,0.463290566,2873.548132,3.874506712,0.5,100,normal,"(200, 1000)",[[0.98333333 0.98333333 0.96666667 0.95       0.86666667]],1
jackknife_plus,sinex_con,0.92,6.592888383,0.410121891,1583.771262,2.706802368,1,100,normal,"(200, 1000)",[[0.9        0.96666667 0.91666667 0.98333333 0.83333333]],1
jackknife_plus,sinex_con,0.87,5.280578702,0.621818095,4757.255209,4.411260843,4,100,student,"(200, 1000)",[[0.93333333 0.86666667 0.85       0.83333333 0.86666667]],1
jackknife_plus,sinex_con,0.963333333,7.265335576,0.354331284,1033.257914,1.929005623,5,100,student,"(200, 1000)",[[0.95       0.96666667 0.96666667 0.98333333 0.95      ]],1
jackknife_plus,sinex_con,0.943333333,5.530977734,0.487802279,3432.61949,6.445109844,10,100,student,"(200, 1000)",[[0.96666667 0.96666667 0.93333333 0.86666667 0.98333333]],1
jackknife_plus,sinex_con,0.92,6.599511531,0.441031876,1316.186356,3.012270212,1000,100,student,"(200, 1000)",[[1.         0.98333333 0.9        0.93333333 0.78333333]],1
jackknife_plus,cube,0.936666667,0.269769105,0.955280639,3601.226977,7.548360348,0,300,normal,"(200, 1000)",[[1.         0.93333333 1.         0.98333333 0.76666667]],1
jackknife_plus,cube,0.9,0.74089361,0.932430613,4491.660854,6.899745226,0.2,300,normal,"(200, 1000)",[[0.95       0.88333333 0.95       0.91666667 0.8       ]],1
jackknife_plus,cube,0.936666667,2.057117518,0.789347448,1828.233498,4.674533367,0.5,300,normal,"(200, 1000)",[[0.95       0.91666667 0.95       0.95       0.91666667]],1
jackknife_plus,cube,0.943333333,3.68495008,0.54033767,1205.356274,4.733458042,1,300,normal,"(200, 1000)",[[0.91666667 0.95       0.9        0.96666667 0.98333333]],1
jackknife_plus,cube,0.893333333,4.791189974,0.646274014,1502.628419,2.629665852,4,300,student,"(200, 1000)",[[0.93333333 0.91666667 0.86666667 0.9        0.85      ]],1
jackknife_plus,cube,0.95,5.185620451,0.415561015,543.8858182,2.903337717,5,300,student,"(200, 1000)",[[0.96666667 0.95       0.96666667 0.93333333 0.93333333]],1
jackknife_plus,cube,0.93,4.546457538,0.561730116,797.7268467,5.938401699,10,300,student,"(200, 1000)",[[0.95       0.93333333 0.88333333 0.93333333 0.95      ]],1
jackknife_plus,cube,0.943333333,3.806350222,0.638177121,830.6293952,5.688469648,1000,300,student,"(200, 1000)",[[0.96666667 0.91666667 0.95       0.93333333 0.95      ]],1
jackknife_plus,sinex_con,0.9,0.665332652,0.899703561,12480.17318,13.56033301,0,300,normal,"(200, 1000)",[[0.65       0.88333333 0.96666667 1.         1.        ]],1
jackknife_plus,sinex_con,0.92,0.973161008,0.870266221,11617.48757,13.59475684,0.2,300,normal,"(200, 1000)",[[0.96666667 0.96666667 0.96666667 0.91666667 0.78333333]],1
jackknife_plus,sinex_con,0.933333333,2.100315532,0.752175599,9150.004087,12.38871527,0.5,300,normal,"(200, 1000)",[[0.96666667 0.9        0.93333333 0.93333333 0.93333333]],1
jackknife_plus,sinex_con,0.933333333,3.754064897,0.627580459,6891.038449,11.3196609,1,300,normal,"(200, 1000)",[[0.98333333 0.91666667 0.91666667 0.9        0.95      ]],1
jackknife_plus,sinex_con,0.91,4.620133987,0.651655007,6253.831529,11.775913,4,300,student,"(200, 1000)",[[0.95       0.93333333 0.86666667 0.9        0.9       ]],1
jackknife_plus,sinex_con,0.916666667,4.730745532,0.695045299,5795.182037,9.521175861,5,300,student,"(200, 1000)",[[0.86666667 0.95       0.93333333 0.88333333 0.95      ]],1
jackknife_plus,sinex_con,0.893333333,4.110036211,0.642594903,6156.633411,9.147642374,10,300,student,"(200, 1000)",[[0.88333333 0.86666667 0.81666667 0.95       0.95      ]],1
jackknife_plus,sinex_con,0.913333333,3.780195413,0.677929826,6897.010064,9.525230646,1000,300,student,"(200, 1000)",[[0.93333333 0.91666667 0.88333333 0.93333333 0.9       ]],1
jackknife_plus,cube,0.966666667,0.105109294,0.984952925,5279.713866,14.84758997,0,500,normal,"(200, 1000)",[[1.         1.         1.         0.98333333 0.85      ]],1
jackknife_plus,cube,0.906666667,0.717771017,0.895705693,2927.114666,7.699298382,0.2,500,normal,"(200, 1000)",[[0.93333333 0.9        0.9        0.86666667 0.93333333]],1
jackknife_plus,cube,0.916666667,1.908661944,0.778289631,2647.415614,7.734401226,0.5,500,normal,"(200, 1000)",[[0.9        0.9        0.96666667 0.88333333 0.93333333]],1
jackknife_plus,cube,0.913333333,3.492648727,0.697793703,1456.288494,7.02504611,1,500,normal,"(200, 1000)",[[0.95       0.91666667 0.91666667 0.9        0.88333333]],1
jackknife_plus,cube,0.896666667,4.561739962,0.603684041,1438.343748,4.745022774,4,500,student,"(200, 1000)",[[0.91666667 0.81666667 0.95       0.95       0.85      ]],1
jackknife_plus,cube,0.886666667,3.985880881,0.638357645,1929.659534,7.57378459,5,500,student,"(200, 1000)",[[0.85       0.88333333 0.93333333 0.91666667 0.85      ]],1
jackknife_plus,cube,0.906666667,3.818690353,0.754975489,1270.35913,6.740247965,10,500,student,"(200, 1000)",[[1.         0.9        0.86666667 0.88333333 0.88333333]],1
jackknife_plus,cube,0.9,3.473244767,0.72336192,1196.81707,4.528939009,1000,500,student,"(200, 1000)",[[0.91666667 0.9        0.88333333 0.93333333 0.86666667]],1
jackknife_plus,sinex_con,0.91,0.549088482,0.917226848,12887.66837,12.04661703,0,500,normal,"(200, 1000)",[[0.96666667 1.         0.91666667 0.86666667 0.8       ]],1
jackknife_plus,sinex_con,0.9,0.90722372,0.875976425,12006.42722,12.43809748,0.2,500,normal,"(200, 1000)",[[0.95       0.93333333 0.88333333 0.9        0.83333333]],1
jackknife_plus,sinex_con,0.906666667,1.786831671,0.793418696,10279.42554,10.53934741,0.5,500,normal,"(200, 1000)",[[0.85       0.93333333 0.9        0.91666667 0.93333333]],1
jackknife_plus,sinex_con,0.923333333,3.397400683,0.668322763,7255.884528,11.45293045,1,500,normal,"(200, 1000)",[[0.88333333 0.93333333 0.95       0.9        0.95      ]],1
jackknife_plus,sinex_con,0.876666667,4.401897892,0.659979264,6262.084255,13.46687508,4,500,student,"(200, 1000)",[[0.91666667 0.9        0.83333333 0.9        0.83333333]],1
jackknife_plus,sinex_con,0.943333333,5.080389727,0.605571804,4844.687404,9.239461422,5,500,student,"(200, 1000)",[[0.91666667 0.95       0.95       0.98333333 0.91666667]],1
jackknife_plus,sinex_con,0.91,3.603907492,0.648398471,7536.269302,10.42667794,10,500,student,"(200, 1000)",[[0.91666667 0.9        0.9        0.86666667 0.96666667]],1
jackknife_plus,sinex_con,0.91,3.453397462,0.718106974,7483.504639,11.10133624,1000,500,student,"(200, 1000)",[[0.91666667 0.86666667 0.91666667 0.93333333 0.91666667]],1
jackknife_plus,cube,0.976666667,0.050321777,0.995462393,6305.57017,54.6824317,0,1000,normal,"(200, 1000)",[[1.         1.         1.         0.98333333 0.9       ]],1
jackknife_plus,cube,0.936666667,0.709642008,0.917490674,3001.952444,30.59664774,0.2,1000,normal,"(200, 1000)",[[0.91666667 0.91666667 0.96666667 0.95       0.93333333]],1
jackknife_plus,cube,0.93,1.755668116,0.793394713,2045.843399,19.70819092,0.5,1000,normal,"(200, 1000)",[[0.9        0.96666667 0.98333333 0.91666667 0.88333333]],1
jackknife_plus,cube,0.906666667,3.270866606,0.647946988,1553.365163,20.11145329,1,1000,normal,"(200, 1000)",[[0.95       0.93333333 0.85       0.86666667 0.93333333]],1
jackknife_plus,cube,0.903333333,4.582859553,0.637967543,1759.576495,21.13548326,4,1000,student,"(200, 1000)",[[0.95       0.9        0.83333333 0.9        0.93333333]],1
jackknife_plus,cube,0.906666667,4.147609183,0.582814518,1017.048672,20.21517873,5,1000,student,"(200, 1000)",[[0.95       0.86666667 0.88333333 0.88333333 0.95      ]],1
jackknife_plus,cube,0.866666667,3.597908957,0.71416408,2489.510161,19.15505314,10,1000,student,"(200, 1000)",[[0.9        0.9        0.85       0.85       0.83333333]],1
jackknife_plus,cube,0.91,3.468701786,0.668975102,1650.624467,18.01124883,1000,1000,student,"(200, 1000)",[[0.88333333 0.95       0.85       0.91666667 0.95      ]],1
jackknife_plus,sinex_con,0.9,0.651614568,0.901771511,12539.66211,17.55458903,0,1000,normal,"(200, 1000)",[[0.96666667 0.75       0.9        1.         0.88333333]],1
jackknife_plus,sinex_con,0.936666667,0.91866422,0.872692163,11877.75037,15.29962564,0.2,1000,normal,"(200, 1000)",[[0.96666667 1.         0.95       0.95       0.81666667]],1
jackknife_plus,sinex_con,0.92,1.790620778,0.79346863,9945.685869,14.44268632,0.5,1000,normal,"(200, 1000)",[[0.91666667 0.96666667 0.95       0.93333333 0.83333333]],1
jackknife_plus,sinex_con,0.923333333,3.452960125,0.705071391,7658.241237,14.61619329,1,1000,normal,"(200, 1000)",[[0.88333333 1.         0.95       0.9        0.88333333]],1
jackknife_plus,sinex_con,0.91,4.595437858,0.707349613,6276.260925,12.26420975,4,1000,student,"(200, 1000)",[[0.93333333 0.93333333 0.9        0.91666667 0.86666667]],1
jackknife_plus,sinex_con,0.92,4.492097719,0.722006172,6500.486954,14.63178015,5,1000,student,"(200, 1000)",[[0.91666667 0.93333333 0.9        0.9        0.95      ]],1
jackknife_plus,sinex_con,0.883333333,3.658094083,0.677869427,7452.218785,14.57417226,10,1000,student,"(200, 1000)",[[0.85       0.93333333 0.93333333 0.83333333 0.86666667]],1
jackknife_plus,sinex_con,0.883333333,3.430143986,0.689221589,7280.840592,16.09474635,1000,1000,student,"(200, 1000)",[[0.88333333 0.9        0.88333333 0.91666667 0.83333333]],1
jackknife_plus,nmm,0.956666667,5.620365098,0.538040911,11195.15586,10.40078425,0,100,normal,"(200, 1000)",[[1.         1.         1.         0.9        0.88333333]],1
jackknife_plus,nmm,0.953333333,5.132259575,0.589779243,12100.43895,12.57060981,0.2,100,normal,"(200, 1000)",[[1.         1.         1.         0.91666667 0.85      ]],1
jackknife_plus,nmm,0.926666667,3.757053112,0.721108759,14976.4414,13.31963539,0.5,100,normal,"(200, 1000)",[[1.         0.9        0.95       0.98333333 0.8       ]],1
jackknife_plus,nmm,0.893333333,4.278783263,0.737002944,14448.99362,13.31250763,1,100,normal,"(200, 1000)",[[0.85       0.91666667 0.93333333 0.91666667 0.85      ]],1
jackknife_plus,nmm,0.986666667,10.44644038,0.40816857,5615.770149,6.249798775,4,100,student,"(200, 1000)",[[1.         0.96666667 0.96666667 1.         1.        ]],1
jackknife_plus,nmm,0.946666667,8.658156371,0.525905843,7158.939471,10.42131519,5,100,student,"(200, 1000)",[[0.95       0.95       0.95       0.9        0.98333333]],1
jackknife_plus,nmm,0.96,8.35723943,0.540604072,7084.757927,10.1846385,10,100,student,"(200, 1000)",[[0.98333333 1.         0.93333333 0.96666667 0.91666667]],1
jackknife_plus,nmm,0.97,9.053916049,0.424214512,3911.621584,6.695766211,1000,100,student,"(200, 1000)",[[1.         0.98333333 0.98333333 1.         0.88333333]],1
jackknife_plus,sinex_het,0.903333333,5.943524055,0.582349316,4578.740649,6.278398037,0,100,normal,"(200, 1000)",[[1.         0.95       0.9        0.9        0.76666667]],1
jackknife_plus,sinex_het,0.966666667,8.17268134,0.433311767,1632.810894,5.320585966,0.2,100,normal,"(200, 1000)",[[0.96666667 0.98333333 0.96666667 1.         0.91666667]],1
jackknife_plus,sinex_het,0.893333333,5.281042203,0.61283256,5333.990511,6.186199903,0.5,100,normal,"(200, 1000)",[[0.88333333 0.91666667 0.93333333 0.81666667 0.91666667]],1
jackknife_plus,sinex_het,0.96,9.080986917,0.373298304,1322.988031,4.597385168,1,100,normal,"(200, 1000)",[[0.91666667 0.98333333 0.98333333 0.98333333 0.93333333]],1
jackknife_plus,sinex_het,0.963333333,9.079021538,0.487514075,1763.572134,5.258051872,4,100,student,"(200, 1000)",[[0.98333333 0.98333333 0.98333333 0.95       0.91666667]],1
jackknife_plus,sinex_het,0.946666667,8.644946356,0.575813107,1569.74955,5.253895998,5,100,student,"(200, 1000)",[[0.91666667 0.98333333 0.95       0.98333333 0.9       ]],1
jackknife_plus,sinex_het,0.92,8.253394291,0.453464349,1571.817036,4.503038168,10,100,student,"(200, 1000)",[[0.95       0.98333333 0.96666667 0.85       0.85      ]],1
jackknife_plus,sinex_het,0.923333333,7.598353985,0.479637103,2464.909408,5.332422733,1000,100,student,"(200, 1000)",[[0.91666667 0.93333333 1.         0.95       0.81666667]],1
jackknife_plus,nmm,0.92,2.43816994,0.79959801,17644.79987,29.12077522,0,300,normal,"(200, 1000)",[[1.         0.83333333 0.91666667 0.93333333 0.91666667]],1
jackknife_plus,nmm,0.91,2.899675241,0.768180058,16601.32052,27.67667246,0.2,300,normal,"(200, 1000)",[[0.8        1.         0.98333333 0.91666667 0.85      ]],1
jackknife_plus,nmm,0.926666667,3.920201667,0.724842454,14996.54207,26.94239759,0.5,300,normal,"(200, 1000)",[[0.91666667 0.93333333 0.98333333 0.9        0.9       ]],1
jackknife_plus,nmm,0.913333333,5.386669804,0.662542451,12617.60587,25.75613856,1,300,normal,"(200, 1000)",[[1.         0.95       0.9        0.83333333 0.88333333]],1
jackknife_plus,nmm,0.916666667,6.811247832,0.646193606,10354.88928,16.44453835,4,300,student,"(200, 1000)",[[0.93333333 0.9        1.         0.88333333 0.86666667]],1
jackknife_plus,nmm,0.92,6.576758322,0.675949219,11029.45329,20.93094206,5,300,student,"(200, 1000)",[[0.93333333 0.91666667 0.96666667 0.88333333 0.9       ]],1
jackknife_plus,nmm,0.91,6.156964526,0.657125043,11087.15389,20.67323875,10,300,student,"(200, 1000)",[[0.96666667 0.93333333 0.91666667 0.88333333 0.85      ]],1
jackknife_plus,nmm,0.896666667,6.590310895,0.602866678,10590.35579,19.17573118,1000,300,student,"(200, 1000)",[[0.96666667 0.93333333 0.96666667 0.81666667 0.8       ]],1
jackknife_plus,sinex_het,0.906666667,4.780116523,0.623286153,5420.54729,11.8445785,0,300,normal,"(200, 1000)",[[1.         0.96666667 0.85       0.9        0.81666667]],1
jackknife_plus,sinex_het,0.93,5.731631574,0.577582452,4540.116123,11.45624948,0.2,300,normal,"(200, 1000)",[[0.98333333 0.91666667 0.96666667 0.96666667 0.81666667]],1
jackknife_plus,sinex_het,0.956666667,6.196920323,0.502737853,4106.245236,10.46965003,0.5,300,normal,"(200, 1000)",[[0.9        1.         0.96666667 0.95       0.96666667]],1
jackknife_plus,sinex_het,0.896666667,6.483970718,0.548598773,3659.767476,8.460617065,1,300,normal,"(200, 1000)",[[0.91666667 0.96666667 0.93333333 0.8        0.86666667]],1
jackknife_plus,sinex_het,0.916666667,7.1359468,0.638527972,3678.226755,6.583799839,4,300,student,"(200, 1000)",[[0.95       0.95       0.88333333 0.88333333 0.91666667]],1
jackknife_plus,sinex_het,0.96,8.503157356,0.494660821,1435.542218,8.25432682,5,300,student,"(200, 1000)",[[1.         0.98333333 1.         0.95       0.86666667]],1
jackknife_plus,sinex_het,0.906666667,6.335207875,0.61511975,4281.32189,10.35268855,10,300,student,"(200, 1000)",[[0.96666667 0.88333333 0.86666667 0.93333333 0.88333333]],1
jackknife_plus,sinex_het,0.883333333,6.729514051,0.569046432,3168.107684,7.332154989,1000,300,student,"(200, 1000)",[[0.95       0.96666667 0.91666667 0.85       0.73333333]],1
jackknife_plus,nmm,0.903333333,1.113886027,0.908445822,20618.12811,33.79450369,0,500,normal,"(200, 1000)",[[1.         0.91666667 0.9        0.73333333 0.96666667]],1
jackknife_plus,nmm,0.9,1.378087252,0.892495376,20092.92488,35.73225236,0.2,500,normal,"(200, 1000)",[[0.91666667 0.81666667 0.81666667 0.95       1.        ]],1
jackknife_plus,nmm,0.926666667,2.301084549,0.835958299,18341.31281,35.33974743,0.5,500,normal,"(200, 1000)",[[0.96666667 0.86666667 0.93333333 0.91666667 0.95      ]],1
jackknife_plus,nmm,0.906666667,3.956027663,0.769415944,15476.84552,31.84108496,1,500,normal,"(200, 1000)",[[0.96666667 0.91666667 0.86666667 0.88333333 0.9       ]],1
jackknife_plus,nmm,0.946666667,7.418086324,0.629794671,8083.75745,21.4587574,4,500,student,"(200, 1000)",[[0.95       1.         0.95       0.96666667 0.86666667]],1
jackknife_plus,nmm,0.9,4.644746061,0.776656854,14835.47173,34.66910553,5,500,student,"(200, 1000)",[[0.88333333 0.86666667 0.9        0.93333333 0.91666667]],1
jackknife_plus,nmm,0.98,8.620361526,0.448456047,5965.224618,19.37109661,10,500,student,"(200, 1000)",[[1.         1.         0.98333333 0.98333333 0.93333333]],1
jackknife_plus,nmm,0.863333333,3.409853461,0.791664172,16647.32441,34.11313605,1000,500,student,"(200, 1000)",[[0.86666667 0.78333333 0.88333333 0.88333333 0.9       ]],1
jackknife_plus,sinex_het,0.906666667,4.912778459,0.679050774,6151.215455,11.31431079,0,500,normal,"(200, 1000)",[[0.83333333 0.88333333 0.88333333 0.93333333 1.        ]],1
jackknife_plus,sinex_het,0.85,4.621300076,0.698292633,6650.209592,10.9334805,0.2,500,normal,"(200, 1000)",[[0.93333333 0.85       0.8        0.78333333 0.88333333]],1
jackknife_plus,sinex_het,0.883333333,5.2148841,0.622696088,5635.714104,12.05415988,0.5,500,normal,"(200, 1000)",[[0.93333333 0.91666667 0.88333333 0.86666667 0.81666667]],1
jackknife_plus,sinex_het,0.896666667,6.523506827,0.535369495,3725.73427,11.2910583,1,500,normal,"(200, 1000)",[[0.93333333 0.95       0.85       0.93333333 0.81666667]],1
jackknife_plus,sinex_het,0.886666667,6.260050967,0.661000379,5131.088133,13.75204253,4,500,student,"(200, 1000)",[[0.88333333 0.91666667 0.96666667 0.83333333 0.83333333]],1
jackknife_plus,sinex_het,0.926666667,6.38948361,0.57922324,4399.835161,11.99739242,5,500,student,"(200, 1000)",[[1.         0.95       0.86666667 0.88333333 0.93333333]],1
jackknife_plus,sinex_het,0.936666667,6.11207113,0.64479579,5002.240084,10.57945538,10,500,student,"(200, 1000)",[[0.93333333 0.95       0.96666667 0.91666667 0.91666667]],1
jackknife_plus,sinex_het,0.89,5.739080977,0.628841578,5238.355531,11.68894076,1000,500,student,"(200, 1000)",[[0.93333333 0.9        0.93333333 0.88333333 0.8       ]],1
jackknife_plus,nmm,0.903333333,0.942159628,0.922560612,21041.11083,43.55612493,0,1000,normal,"(200, 1000)",[[1.         1.         1.         0.88333333 0.63333333]],1
jackknife_plus,nmm,0.906666667,1.330023919,0.894216185,20175.76228,41.66237617,0.2,1000,normal,"(200, 1000)",[[0.98333333 0.9        0.88333333 0.76666667 1.        ]],1
jackknife_plus,nmm,0.876666667,2.084038897,0.848091087,18770.86462,43.75002456,0.5,1000,normal,"(200, 1000)",[[0.85       0.86666667 0.81666667 0.93333333 0.91666667]],1
jackknife_plus,nmm,0.91,3.850687786,0.751804525,15928.78143,40.53691816,1,1000,normal,"(200, 1000)",[[0.83333333 0.88333333 0.95       0.93333333 0.95      ]],1
jackknife_plus,nmm,0.936666667,4.538655217,0.738841767,15027.40953,36.78225207,4,1000,student,"(200, 1000)",[[0.9        0.95       0.95       0.91666667 0.96666667]],1
jackknife_plus,nmm,0.896666667,4.450163938,0.759312121,14953.2598,39.17117095,5,1000,student,"(200, 1000)",[[0.96666667 0.9        0.9        0.86666667 0.85      ]],1
jackknife_plus,nmm,0.91,3.899190135,0.753524589,15974.83109,40.72192955,10,1000,student,"(200, 1000)",[[0.9        0.81666667 0.96666667 0.88333333 0.98333333]],1
jackknife_plus,nmm,0.89,3.487335882,0.778219031,16562.2124,44.09272575,1000,1000,student,"(200, 1000)",[[0.95       0.91666667 0.83333333 0.93333333 0.81666667]],1
jackknife_plus,sinex_het,0.913333333,4.905878902,0.660554492,6156.191438,16.43024397,0,1000,normal,"(200, 1000)",[[0.95       0.91666667 0.93333333 0.88333333 0.88333333]],1
jackknife_plus,sinex_het,0.923333333,4.957990855,0.613608232,5418.787219,17.7951355,0.2,1000,normal,"(200, 1000)",[[0.96666667 0.88333333 0.98333333 0.93333333 0.85      ]],1
jackknife_plus,sinex_het,0.9,5.160806172,0.662662025,6213.291579,16.52944708,0.5,1000,normal,"(200, 1000)",[[0.98333333 0.98333333 0.9        0.85       0.78333333]],1
jackknife_plus,sinex_het,0.92,5.881000451,0.63521534,5263.654479,16.30968857,1,1000,normal,"(200, 1000)",[[0.98333333 0.98333333 0.95       0.91666667 0.76666667]],1
jackknife_plus,sinex_het,0.923333333,6.282941206,0.551095118,4084.246467,13.7591722,4,1000,student,"(200, 1000)",[[0.88333333 0.91666667 0.96666667 0.95       0.9       ]],1
jackknife_plus,sinex_het,0.88,6.149309625,0.670886834,5364.917528,15.91058946,5,1000,student,"(200, 1000)",[[0.93333333 0.93333333 0.78333333 0.85       0.9       ]],1
jackknife_plus,sinex_het,0.856666667,5.819323408,0.697300172,5822.087914,15.32635999,10,1000,student,"(200, 1000)",[[0.91666667 0.83333333 0.9        0.86666667 0.76666667]],1
jackknife_plus,sinex_het,0.93,6.156212112,0.579433204,4420.87095,15.46571732,1000,1000,student,"(200, 1000)",[[0.93333333 0.98333333 0.96666667 0.95       0.81666667]],1
jackknife_plus,linear,0.936666667,0.604917312,0.939507006,17711.97196,1.787608862,0,100,normal,"(200, 1000)",[[1.         1.         1.         0.93333333 0.75      ]],1
jackknife_plus,linear,0.94,0.919094134,0.911967432,17038.82985,1.882005692,0.2,100,normal,"(200, 1000)",[[0.86666667 0.96666667 0.95       0.96666667 0.95      ]],1
jackknife_plus,linear,0.953333333,2.097578158,0.812748618,14027.59865,1.520454407,0.5,100,normal,"(200, 1000)",[[0.9        0.96666667 0.98333333 0.93333333 0.98333333]],1
jackknife_plus,linear,0.85,3.009560377,0.770784716,12340.42715,1.709624052,1,100,normal,"(200, 1000)",[[0.78333333 0.83333333 0.9        0.8        0.93333333]],1
jackknife_plus,linear,0.94,0.371201198,0.96287834,18631.58293,3.323424816,0,300,normal,"(200, 1000)",[[1.   1.   0.95 1.   0.75]],1
jackknife_plus,linear,0.913333333,0.71526927,0.931146102,17805.35319,4.246273756,0.2,300,normal,"(200, 1000)",[[0.93333333 0.96666667 0.85       0.96666667 0.85      ]],1
jackknife_plus,linear,0.93,1.833164987,0.826405969,14925.08587,4.883777142,0.5,300,normal,"(200, 1000)",[[0.93333333 0.93333333 0.93333333 0.93333333 0.91666667]],1
jackknife_plus,linear,0.886666667,3.299762444,0.767832562,12222.22087,3.888981342,1,300,normal,"(200, 1000)",[[0.81666667 0.91666667 0.9        0.96666667 0.83333333]],1
jackknife_plus,linear,0.926666667,0.087501144,0.991249181,19772.07664,9.916466713,0,500,normal,"(200, 1000)",[[1.         1.         0.98333333 0.93333333 0.71666667]],1
jackknife_plus,linear,0.92,0.742669267,0.929404978,17770.27791,6.152946711,0.2,500,normal,"(200, 1000)",[[0.91666667 0.93333333 0.95       0.91666667 0.88333333]],1
jackknife_plus,linear,0.91,1.686048344,0.842105503,15128.35585,5.377732277,0.5,500,normal,"(200, 1000)",[[0.91666667 0.9        0.95       0.95       0.83333333]],1
jackknife_plus,linear,0.92,3.477365769,0.747404067,11443.203,6.129070997,1,500,normal,"(200, 1000)",[[0.93333333 0.9        0.93333333 0.96666667 0.86666667]],1
jackknife_plus,linear,0.95,0.01555492,0.998442012,20022.19808,9.853336334,0,1000,normal,"(200, 1000)",[[0.78333333 1.         1.         0.98333333 0.98333333]],1
jackknife_plus,linear,0.903333333,0.678621366,0.934050337,18131.47629,8.907141447,0.2,1000,normal,"(200, 1000)",[[0.91666667 0.91666667 0.88333333 0.91666667 0.88333333]],1
jackknife_plus,linear,0.923333333,1.689298919,0.848675492,15417.15013,8.112853289,0.5,1000,normal,"(200, 1000)",[[0.93333333 0.9        0.9        0.95       0.93333333]],1
jackknife_plus,linear,0.923333333,3.398391446,0.723485856,11813.08934,9.557193279,1,1000,normal,"(200, 1000)",[[0.91666667 0.9        0.93333333 0.93333333 0.93333333]],1
jackknife_plus,linear,0.933333333,5.796782645,0.643780338,8523.83629,1.789509535,4,100,student,"(200, 1000)",[[0.96666667 0.93333333 0.93333333 0.95       0.88333333]],1
jackknife_plus,linear,0.923333333,4.352224996,0.744928224,10225.81353,1.46710372,5,100,student,"(200, 1000)",[[0.85       0.93333333 0.93333333 0.95       0.95      ]],1
jackknife_plus,linear,0.95,4.343428454,0.639689899,10365.24764,1.835765362,10,100,student,"(200, 1000)",[[0.96666667 0.88333333 0.96666667 0.96666667 0.96666667]],1
jackknife_plus,linear,0.94,3.823028435,0.677040416,11141.66572,1.755503893,1000,100,student,"(200, 1000)",[[0.93333333 0.93333333 0.98333333 0.9        0.95      ]],1
jackknife_plus,linear,0.91,4.799278067,0.753994371,9341.530524,5.738071203,4,300,student,"(200, 1000)",[[0.95       0.91666667 0.85       0.95       0.88333333]],1
jackknife_plus,linear,0.923333333,4.006373955,0.754552736,10891.72469,4.399088621,5,300,student,"(200, 1000)",[[0.91666667 0.93333333 0.91666667 0.93333333 0.91666667]],1
jackknife_plus,linear,0.91,3.832478946,0.705448385,11372.48258,5.998293877,10,300,student,"(200, 1000)",[[0.93333333 0.83333333 0.86666667 0.95       0.96666667]],1
jackknife_plus,linear,0.916666667,3.616254862,0.730732347,11464.67281,4.823060036,1000,300,student,"(200, 1000)",[[0.96666667 0.9        0.95       0.86666667 0.9       ]],1
jackknife_plus,linear,0.923333333,4.200892724,0.752052825,10550.7648,5.471078634,4,500,student,"(200, 1000)",[[0.91666667 0.95       0.91666667 0.9        0.93333333]],1
jackknife_plus,linear,0.876666667,3.920716783,0.759856848,11736.82473,6.897083759,5,500,student,"(200, 1000)",[[0.91666667 0.85       0.85       0.9        0.86666667]],1
jackknife_plus,linear,0.916666667,3.745375829,0.748758016,11194.25858,7.347090244,10,500,student,"(200, 1000)",[[0.91666667 0.91666667 0.95       0.91666667 0.88333333]],1
jackknife_plus,linear,0.88,3.307388315,0.735507661,11647.10388,3.533042908,1000,500,student,"(200, 1000)",[[0.86666667 0.88333333 0.88333333 0.83333333 0.93333333]],1
jackknife_plus,linear,0.896666667,4.395359287,0.715184818,10339.05342,9.757622957,4,1000,student,"(200, 1000)",[[0.9        0.85       0.9        0.96666667 0.86666667]],1
jackknife_plus,linear,0.89,4.183507388,0.793116279,11321.3477,10.14735866,5,1000,student,"(200, 1000)",[[0.86666667 0.86666667 0.88333333 0.86666667 0.96666667]],1
jackknife_plus,linear,0.916666667,3.618648511,0.722591196,11808.63202,11.56729317,10,1000,student,"(200, 1000)",[[0.93333333 0.9        0.96666667 0.88333333 0.9       ]],1
jackknife_plus,linear,0.906666667,3.321877038,0.769003609,12088.77372,11.19935679,1000,1000,student,"(200, 1000)",[[0.91666667 0.91666667 0.96666667 0.86666667 0.86666667]],1
cv,linear,1,0.055638224,0.994426233,19899.66478,22.07897758,0,1000,normal,"(400, 2000)",999,5
cv,linear,0.9,0.654058096,0.937718938,18209.94446,24.51129699,0.2,1000,normal,"(400, 2000)",999,5
cv,linear,0.896666667,1.600677087,0.859819933,15714.53319,23.33453059,0.5,1000,normal,"(400, 2000)",999,5
cv,linear,0.916666667,3.491919356,0.72435001,11601.43693,20.83184624,1,1000,normal,"(400, 2000)",999,5
cv_plus,linear,1,0.046572781,0.995332769,19946.61427,24.92104983,0,1000,normal,"(400, 2000)",[[1. 1. 1. 1. 1.]],5
cv_plus,linear,0.903333333,0.66456431,0.936718499,18167.87094,26.36045122,0.2,1000,normal,"(400, 2000)",[[0.9        0.9        0.9        0.9        0.91666667]],5
cv_plus,linear,0.896666667,1.630271308,0.857228205,15689.25025,23.99969888,0.5,1000,normal,"(400, 2000)",[[0.8        0.95       0.98333333 0.88333333 0.86666667]],5
cv_plus,linear,0.92,3.491635573,0.724372323,11542.44296,24.87471151,1,1000,normal,"(400, 2000)",[[0.91666667 0.93333333 0.91666667 0.88333333 0.95      ]],5
cv,linear,0.953333333,0.006906722,0.999306485,20045.32372,56.40999103,0,1000,normal,"(400, 2000)",999,10
cv,linear,0.87,0.679975326,0.93343471,18108.59431,61.60408092,0.2,1000,normal,"(400, 2000)",999,10
cv,linear,0.91,1.672404775,0.858086407,15553.37379,63.54150224,0.5,1000,normal,"(400, 2000)",999,10
cv,linear,0.906666667,3.30444863,0.762651334,12633.88857,52.97320509,1,1000,normal,"(400, 2000)",999,10
cv_plus,linear,0.973333333,0.011694568,0.998825172,20032.70524,56.02319193,0,1000,normal,"(400, 2000)",[[0.95       0.98333333 0.98333333 0.98333333 0.96666667]],10
cv_plus,linear,0.88,0.685551947,0.932889268,18096.01769,58.48078394,0.2,1000,normal,"(400, 2000)",[[0.85       0.93333333 0.85       0.9        0.86666667]],10
cv_plus,linear,0.913333333,1.694740355,0.856191033,15477.58084,68.79988837,0.5,1000,normal,"(400, 2000)",[[0.95       0.91666667 0.88333333 0.9        0.91666667]],10
cv_plus,linear,0.91,3.397144444,0.75599323,12161.96673,56.69421482,1,1000,normal,"(400, 2000)",[[0.91666667 0.83333333 0.93333333 0.93333333 0.93333333]],10
cv,linear,0.953333333,0.006924869,0.999304671,20045.26947,105.7017303,0,1000,normal,"(400, 2000)",999,20
cv,linear,0.903333333,0.691022612,0.933613233,18067.33609,97.48433876,0.2,1000,normal,"(400, 2000)",999,20
cv,linear,0.896666667,1.643990802,0.851156148,15868.73163,97.1188488,0.5,1000,normal,"(400, 2000)",999,20
cv,linear,0.91,3.204767217,0.746096083,12030.69099,80.07192898,1,1000,normal,"(400, 2000)",999,20
cv_plus,linear,0.973333333,0.007499801,0.999244646,20044.73358,104.4035599,0,1000,normal,"(400, 2000)",[[0.96666667 0.98333333 0.96666667 0.95       1.        ]],20
cv_plus,linear,0.896666667,0.686079054,0.934088163,18061.28937,107.0225017,0.2,1000,normal,"(400, 2000)",[[0.9        0.83333333 0.9        0.91666667 0.93333333]],20
cv_plus,linear,0.886666667,1.64096981,0.851429521,15871.0265,100.3248501,0.5,1000,normal,"(400, 2000)",[[0.81666667 0.88333333 0.91666667 0.9        0.91666667]],20
cv_plus,linear,0.903333333,3.179247315,0.748118013,12028.633,78.63683915,1,1000,normal,"(400, 2000)",[[0.85       0.93333333 0.9        0.9        0.93333333]],20
cv,linear,1,0.009763294,0.99901368,20036.78495,257.5997221,0,1000,normal,"(400, 2000)",999,50
cv,linear,0.87,0.634678805,0.93965307,18351.37688,243.7640965,0.2,1000,normal,"(400, 2000)",999,50
cv,linear,0.896666667,1.672039464,0.849542873,15702.78304,247.8409424,0.5,1000,normal,"(400, 2000)",999,50
cv,linear,0.916666667,3.483774775,0.728685628,11838.038,265.6740541,1,1000,normal,"(400, 2000)",999,50
cv_plus,linear,0.966666667,0.010672639,0.998928296,20033.07948,258.7050819,0,1000,normal,"(400, 2000)",[[0.85       0.98333333 1.         1.         1.        ]],50
cv_plus,linear,0.873333333,0.644146603,0.938753038,18323.79835,241.2176168,0.2,1000,normal,"(400, 2000)",[[0.81666667 0.88333333 0.9        0.9        0.86666667]],50
cv_plus,linear,0.896666667,1.696869313,0.847308579,15553.05866,241.5872254,0.5,1000,normal,"(400, 2000)",[[0.96666667 0.88333333 0.91666667 0.78333333 0.93333333]],50
cv_plus,linear,0.933333333,3.497506892,0.727615573,11567.45551,252.4046915,1,1000,normal,"(400, 2000)",[[0.98333333 0.93333333 0.91666667 0.88333333 0.95      ]],50
cv,linear,0.806666667,0.00733217,0.999258078,20045.75792,264.7699943,0,1000,normal,"(400, 2000, 2000, 2000)",999,5
cv,linear,0.906666667,0.685816392,0.933877441,18086.57119,273.8955576,0.2,1000,normal,"(400, 2000, 2000, 2000)",999,5
cv,linear,0.896666667,1.690780702,0.858572181,15549.83617,263.9190383,0.5,1000,normal,"(400, 2000, 2000, 2000)",999,5
cv,linear,0.873333333,3.211746526,0.759636244,12167.88824,302.6721182,1,1000,normal,"(400, 2000, 2000, 2000)",999,5
cv_plus,linear,0.973333333,0.009130232,0.999081604,20036.30499,255.9183407,0,1000,normal,"(400, 2000, 2000, 2000)",[[1.         1.         0.96666667 0.91666667 0.98333333]],5
cv_plus,linear,0.923333333,0.700525756,0.932458782,18109.34494,271.0307703,0.2,1000,normal,"(400, 2000, 2000, 2000)",[[0.86666667 0.95       0.91666667 0.96666667 0.91666667]],5
cv_plus,linear,0.896666667,1.687353451,0.858858858,15580.32793,273.0198147,0.5,1000,normal,"(400, 2000, 2000, 2000)",[[0.9        0.86666667 0.91666667 0.85       0.95      ]],5
cv_plus,linear,0.88,3.291100281,0.753697744,12134.1239,278.1476147,1,1000,normal,"(400, 2000, 2000, 2000)",[[0.9        0.83333333 0.93333333 0.88333333 0.85      ]],5
cv,linear,0.996666667,0.013774762,0.998613192,20026.49829,499.7618392,0,1000,normal,"(400, 2000, 2000, 2000)",999,10
cv,linear,0.893333333,0.660588434,0.934635767,18191.5131,545.5577407,0.2,1000,normal,"(400, 2000, 2000, 2000)",999,10
cv,linear,0.893333333,1.638205248,0.849059163,15537.9056,570.7133467,0.5,1000,normal,"(400, 2000, 2000, 2000)",999,10
cv,linear,0.893333333,3.362638031,0.761119403,11860.97189,529.1992121,1,1000,normal,"(400, 2000, 2000, 2000)",999,10
cv_plus,linear,0.973333333,0.017197641,0.998274867,20008.83189,494.0165513,0,1000,normal,"(400, 2000, 2000, 2000)",[[1.         1.         1.         1.         0.86666667]],10
cv_plus,linear,0.883333333,0.665277938,0.93417153,18150.83699,571.9616258,0.2,1000,normal,"(400, 2000, 2000, 2000)",[[0.8        0.9        0.93333333 0.86666667 0.91666667]],10
cv_plus,linear,0.896666667,1.665113384,0.846579932,15506.82267,621.6539855,0.5,1000,normal,"(400, 2000, 2000, 2000)",[[0.93333333 0.88333333 0.9        0.86666667 0.9       ]],10
cv_plus,linear,0.89,3.261535215,0.768301666,12358.44267,544.9731324,1,1000,normal,"(400, 2000, 2000, 2000)",[[0.85       0.9        0.93333333 0.85       0.91666667]],10
cv,linear,0.783333333,0.00709905,0.999276494,20046.4552,1014.519409,0,1000,normal,"(400, 2000, 2000, 2000)",999,20
cv,linear,0.923333333,0.709596825,0.93219221,18094.39893,1016.807729,0.2,1000,normal,"(400, 2000, 2000, 2000)",999,20
cv,linear,0.89,1.57480696,0.857591576,15627.12722,1149.763371,0.5,1000,normal,"(400, 2000, 2000, 2000)",999,20
cv,linear,0.89,3.37894476,0.74708906,11995.4882,1090.624077,1,1000,normal,"(400, 2000, 2000, 2000)",999,20
cv_plus,linear,0.976666667,0.008234888,0.999170638,20042.0061,1001.082421,0,1000,normal,"(400, 2000, 2000, 2000)",[[1.         0.96666667 0.93333333 1.         0.98333333]],20
cv_plus,linear,0.923333333,0.718456564,0.931345596,18025.9499,1042.083233,0.2,1000,normal,"(400, 2000, 2000, 2000)",[[0.91666667 0.91666667 0.91666667 0.93333333 0.93333333]],20
cv_plus,linear,0.893333333,1.574693669,0.857601868,15635.78368,1048.449021,0.5,1000,normal,"(400, 2000, 2000, 2000)",[[0.88333333 0.91666667 0.88333333 0.88333333 0.9       ]],20
cv_plus,linear,0.893333333,3.385470949,0.746600623,11980.55607,1156.304847,1,1000,normal,"(400, 2000, 2000, 2000)",[[0.91666667 0.86666667 0.88333333 0.9        0.9       ]],20
split,sinex_het,0.863333333,5.234601457,0.673123949,5846.665554,2.366594553,0.5,300,laplace,"(200, 1000)",999,1
split,sinex_het,0.966666667,9.120810107,0.524343491,2657.851179,3.975537777,1,300,laplace,"(200, 1000)",999,1
split,sinex_het,0.95,12.24584518,0.47864332,928.179946,2.183113098,1.5,300,laplace,"(200, 1000)",999,1
split,sinex_het,0.95,13.96215437,0.46197587,1652.365843,1.984057188,2,300,laplace,"(200, 1000)",999,1
split_resid_norm,sinex_het,0.97,11.08143534,0.308017291,1956.82214,3.937189579,0.5,300,laplace,"(200, 1000)",[[0.86666667 0.98333333 1.         1.         1.        ]],1
split_resid_norm,sinex_het,0.953333333,8.051878062,0.580089439,3755.547963,4.518385649,1,300,laplace,"(200, 1000)",[[0.9        0.95       0.98333333 0.98333333 0.95      ]],1
split_resid_norm,sinex_het,0.96,11.64355797,0.50428452,1480.780513,3.206302404,1.5,300,laplace,"(200, 1000)",[[0.95       0.96666667 0.98333333 0.96666667 0.93333333]],1
split_resid_norm,sinex_het,0.95,45.71489746,-0.761593367,1089.366333,2.715611935,2,300,laplace,"(200, 1000)",[[0.76666667 0.98333333 1.         1.         1.        ]],1
jackknife_plus,sinex_het,0.876666667,6.30078652,0.606546504,3842.252246,6.541118145,0.5,300,laplace,"(200, 1000)",[[0.93333333 0.86666667 0.9        0.86666667 0.81666667]],1
jackknife_plus,sinex_het,0.956666667,8.413976929,0.561205675,2279.44156,6.732462168,1,300,laplace,"(200, 1000)",[[0.98333333 0.96666667 0.96666667 0.95       0.91666667]],1
jackknife_plus,sinex_het,0.903333333,8.966769337,0.618248118,2228.481173,6.040752172,1.5,300,laplace,"(200, 1000)",[[0.86666667 0.88333333 0.9        0.95       0.91666667]],1
jackknife_plus,sinex_het,0.916666667,12.58971721,0.514862899,1845.825838,6.374820471,2,300,laplace,"(200, 1000)",[[0.93333333 0.93333333 0.96666667 0.88333333 0.86666667]],1
jackknife_plus_ab,sinex_het,0.89,5.489447238,0.657210921,5707.042732,84.9468112,0.5,300,laplace,"(200, 1000)",[[0.71666667 0.93333333 0.95       0.91666667 0.93333333]],1
jackknife_plus_ab,sinex_het,0.933333333,7.247837726,0.622021448,4117.440112,82.09725142,1,300,laplace,"(200, 1000)",[[0.93333333 0.93333333 0.93333333 0.95       0.91666667]],1
jackknife_plus_ab,sinex_het,0.89,7.745268615,0.670252317,3640.611604,64.79268336,1.5,300,laplace,"(200, 1000)",[[0.83333333 0.93333333 0.83333333 0.93333333 0.91666667]],1
jackknife_plus_ab,sinex_het,0.91,11.49340151,0.557108833,2576.272249,63.76672077,2,300,laplace,"(200, 1000)",[[0.9        0.93333333 0.83333333 0.93333333 0.95      ]],1
cqr,sinex_het,0.91,5.361770334,0.665183716,5585.277897,0.524858952,0.5,300,laplace,"(200, 1000)",[[0.91666667 0.93333333 0.86666667 0.88333333 0.95      ]],1
cqr,sinex_het,0.923333333,7.912810933,0.58734318,3708.213856,0.0587883,1,300,laplace,"(200, 1000)",[[0.86666667 0.88333333 0.93333333 0.98333333 0.95      ]],1
cqr,sinex_het,0.913333333,8.678927651,0.630502605,3162.028347,0.061668396,1.5,300,laplace,"(200, 1000)",[[0.86666667 0.88333333 0.96666667 0.9        0.95      ]],1
cqr,sinex_het,0.91,11.96440922,0.538958844,3063.384694,0.064000845,2,300,laplace,"(200, 1000)",[[0.93333333 0.86666667 0.86666667 0.88333333 1.        ]],1
split,sinex_con,0.883333333,2.36079738,0.779538845,9427.928048,3.270719051,0.5,300,laplace,"(200, 1000)",999,1
split,sinex_con,0.8,4.900872188,0.620459968,4560.803322,1.632355213,1,300,laplace,"(200, 1000)",999,1
split,sinex_con,0.803333333,4.520585543,0.786504133,7516.757271,2.428858519,1.5,300,laplace,"(200, 1000)",999,1
split,sinex_con,0.96,13.43176585,0.461479741,1165.451905,4.219969273,2,300,laplace,"(200, 1000)",999,1
split_resid_norm,sinex_con,0.953333333,3.172940536,0.703695802,7670.017338,2.83487606,0.5,300,laplace,"(200, 1000)",[[0.93333333 0.91666667 1.         0.96666667 0.95      ]],1
split_resid_norm,sinex_con,0.98,16.9778498,-0.314798304,1979.929747,2.98542428,1,300,laplace,"(200, 1000)",[[0.91666667 0.98333333 1.         1.         1.        ]],1
split_resid_norm,sinex_con,0.986666667,18.941509,0.105470249,641.0159359,2.082965136,1.5,300,laplace,"(200, 1000)",[[0.96666667 0.98333333 0.98333333 1.         1.        ]],1
split_resid_norm,sinex_con,0.99,29.58866221,-0.186294102,495.1602388,3.87403965,2,300,laplace,"(200, 1000)",[[0.95 1.   1.   1.   1.  ]],1
jackknife_plus,sinex_con,0.943333333,2.805142555,0.738042901,8362.969186,10.32078862,0.5,300,laplace,"(200, 1000)",[[0.91666667 0.95       0.96666667 0.93333333 0.95      ]],1
jackknife_plus,sinex_con,0.903333333,4.949571939,0.616694755,5977.871158,12.0676322,1,300,laplace,"(200, 1000)",[[0.88333333 0.9        0.91666667 0.88333333 0.93333333]],1
jackknife_plus,sinex_con,0.936666667,7.756798741,0.633677695,2887.676718,7.520198345,1.5,300,laplace,"(200, 1000)",[[0.93333333 0.93333333 0.91666667 0.93333333 0.96666667]],1
jackknife_plus,sinex_con,0.926666667,10.45233831,0.580934914,1852.846837,8.31303525,2,300,laplace,"(200, 1000)",[[0.93333333 0.96666667 0.86666667 0.91666667 0.95      ]],1
jackknife_plus_ab,sinex_con,0.926666667,2.578060377,0.759249612,8926.022289,88.59147501,0.5,300,laplace,"(200, 1000)",[[0.91666667 0.95       0.93333333 0.93333333 0.9       ]],1
jackknife_plus_ab,sinex_con,0.896666667,4.794157933,0.628730342,6096.446757,81.05913901,1,300,laplace,"(200, 1000)",[[0.91666667 0.9        0.86666667 0.88333333 0.91666667]],1
jackknife_plus_ab,sinex_con,0.93,7.13821763,0.662890972,3986.197508,80.25030136,1.5,300,laplace,"(200, 1000)",[[0.93333333 0.96666667 0.9        0.91666667 0.93333333]],1
jackknife_plus_ab,sinex_con,0.903333333,9.302999943,0.627015641,2673.066615,69.91610789,2,300,laplace,"(200, 1000)",[[0.93333333 0.9        0.95       0.8        0.93333333]],1
cqr,sinex_con,0.916666667,2.969294099,0.722714942,8417.705272,0.061002731,0.5,300,laplace,"(200, 1000)",[[0.86666667 0.91666667 0.9        0.91666667 0.98333333]],1
cqr,sinex_con,0.866666667,5.373439424,0.583868925,5679.518946,0.061001062,1,300,laplace,"(200, 1000)",[[0.83333333 0.76666667 0.96666667 0.8        0.96666667]],1
cqr,sinex_con,0.886666667,6.625213701,0.687118496,4345.133953,0.070002556,1.5,300,laplace,"(200, 1000)",[[0.83333333 0.83333333 0.91666667 0.9        0.95      ]],1
cqr,sinex_con,0.883333333,9.523988117,0.618155417,3283.997563,0.061211348,2,300,laplace,"(200, 1000)",[[0.83333333 0.91666667 0.88333333 0.86666667 0.91666667]],1
split,linear,0.903333333,2.347551787,0.838246753,13791.18443,1.224981308,0.5,300,laplace,"(200, 1000)",999,1
split,linear,0.88,4.617357878,0.73132002,10055.65351,1.835100889,1,300,laplace,"(200, 1000)",999,1
split,linear,0.906666667,7.146710897,0.679713085,6689.297196,1.336230993,1.5,300,laplace,"(200, 1000)",999,1
split,linear,0.9,9.648047325,0.650222614,6595.291929,0.918518782,2,300,laplace,"(200, 1000)",999,1
split_resid_norm,linear,0.903333333,2.600620906,0.820809545,13810.31584,1.63939333,0.5,300,laplace,"(200, 1000)",[[0.88333333 0.85       0.91666667 0.93333333 0.93333333]],1
split_resid_norm,linear,0.943333333,9.401841222,0.452914901,4871.865212,1.18589592,1,300,laplace,"(200, 1000)",[[0.81666667 0.93333333 0.96666667 1.         1.        ]],1
split_resid_norm,linear,0.88,6.798430239,0.695321377,6646.218793,1.528190851,1.5,300,laplace,"(200, 1000)",[[0.8        0.83333333 0.93333333 0.9        0.93333333]],1
split_resid_norm,linear,0.806666667,7.655110267,0.722467657,7703.429357,1.161723137,2,300,laplace,"(200, 1000)",[[0.75       0.75       0.76666667 0.85       0.91666667]],1
jackknife_plus,linear,0.923333333,2.400232827,0.834616429,13860.29139,4.995143175,0.5,300,laplace,"(200, 1000)",[[0.95       0.88333333 0.93333333 0.93333333 0.91666667]],1
jackknife_plus,linear,0.9,4.922739795,0.713550427,9320.658848,4.382028103,1,300,laplace,"(200, 1000)",[[0.88333333 0.95       0.93333333 0.9        0.83333333]],1
jackknife_plus,linear,0.903333333,6.998323794,0.686363221,6817.680802,3.411394358,1.5,300,laplace,"(200, 1000)",[[0.88333333 0.88333333 0.95       0.9        0.9       ]],1
jackknife_plus,linear,0.9,9.262821047,0.66418849,5745.305961,3.740395784,2,300,laplace,"(200, 1000)",[[0.9        0.9        0.88333333 0.88333333 0.93333333]],1
jackknife_plus_ab,linear,0.923333333,2.399559196,0.834662844,13803.02038,42.23508573,0.5,300,laplace,"(200, 1000)",[[0.9        0.93333333 0.93333333 0.91666667 0.93333333]],1
jackknife_plus_ab,linear,0.876666667,4.622647608,0.73101211,9985.340671,32.00391006,1,300,laplace,"(200, 1000)",[[0.9        0.9        0.88333333 0.86666667 0.83333333]],1
jackknife_plus_ab,linear,0.906666667,6.785012662,0.695922946,6807.310963,40.23666501,1.5,300,laplace,"(200, 1000)",[[0.86666667 0.88333333 0.91666667 0.93333333 0.93333333]],1
jackknife_plus_ab,linear,0.873333333,8.744896255,0.682964693,6753.463053,32.47933507,2,300,laplace,"(200, 1000)",[[0.8        0.81666667 0.88333333 0.9        0.96666667]],1
cqr,linear,0.893333333,2.489989203,0.828432368,13880.51041,0.056807995,0.5,300,laplace,"(200, 1000)",[[0.81666667 0.88333333 0.88333333 0.93333333 0.95      ]],1
cqr,linear,0.876666667,5.150492302,0.700297343,9536.293385,0.062001705,1,300,laplace,"(200, 1000)",[[0.8        0.85       0.91666667 0.88333333 0.93333333]],1
cqr,linear,0.903333333,7.166939749,0.678806531,6598.04638,0.059973478,1.5,300,laplace,"(200, 1000)",[[0.91666667 0.85       0.9        0.91666667 0.93333333]],1
cqr,linear,0.91,11.60628201,0.579229308,4569.126254,0.062013865,2,300,laplace,"(200, 1000)",[[0.88333333 0.86666667 0.91666667 0.93333333 0.95      ]],1
split,cube,0.886666667,2.149996237,0.76775477,2202.197495,3.605493784,0.5,300,laplace,"(200, 1000)",999,1
split,cube,0.843333333,3.633772761,0.674894318,2437.674795,3.100920677,1,300,laplace,"(200, 1000)",999,1
split,cube,0.886666667,7.48659267,0.509442802,860.945324,0.649662495,1.5,300,laplace,"(200, 1000)",999,1
split,cube,0.98,15.23211656,0.361783127,265.1973331,3.240076542,2,300,laplace,"(200, 1000)",999,1
split_resid_norm,cube,0.913333333,3.332590888,0.640009543,1008.575433,2.028218746,0.5,300,laplace,"(200, 1000)",[[0.75       0.88333333 0.96666667 0.96666667 1.        ]],1
split_resid_norm,cube,0.91,5.12144758,0.541798314,1152.873752,1.497506857,1,300,laplace,"(200, 1000)",[[0.85       0.91666667 0.9        0.95       0.93333333]],1
split_resid_norm,cube,0.976666667,13.9516784,0.085819268,149.9849427,0.618344069,1.5,300,laplace,"(200, 1000)",[[0.91666667 0.96666667 1.         1.         1.        ]],1
split_resid_norm,cube,0.87,9.314667886,0.609721671,1418.670964,2.782592058,2,300,laplace,"(200, 1000)",[[0.8        0.83333333 0.91666667 0.93333333 0.86666667]],1
jackknife_plus,cube,0.94,2.589541131,0.720273603,1396.308495,6.072722197,0.5,300,laplace,"(200, 1000)",[[0.95       1.         0.88333333 0.93333333 0.93333333]],1
jackknife_plus,cube,0.89,4.678077483,0.581465397,1252.289384,3.023491859,1,300,laplace,"(200, 1000)",[[0.88333333 0.9        0.9        0.93333333 0.83333333]],1
jackknife_plus,cube,0.873333333,6.885592814,0.548822868,1280.070157,4.149281502,1.5,300,laplace,"(200, 1000)",[[0.85       0.81666667 0.95       0.85       0.9       ]],1
jackknife_plus,cube,0.876666667,9.426526049,0.605035115,1327.417279,3.781214714,2,300,laplace,"(200, 1000)",[[0.85       0.83333333 0.88333333 0.91666667 0.9       ]],1
jackknife_plus_ab,cube,0.92,2.428173917,0.737705534,1756.777058,58.17779493,0.5,300,laplace,"(200, 1000)",[[0.93333333 0.96666667 0.93333333 0.9        0.86666667]],1
jackknife_plus_ab,cube,0.883333333,4.317919672,0.613687599,1590.218201,48.87529445,1,300,laplace,"(200, 1000)",[[0.88333333 0.86666667 0.88333333 0.91666667 0.86666667]],1
jackknife_plus_ab,cube,0.86,6.481720699,0.575285956,1543.371827,49.23455763,1.5,300,laplace,"(200, 1000)",[[0.83333333 0.85       0.85       0.91666667 0.85      ]],1
jackknife_plus_ab,cube,0.883333333,9.249948844,0.61243373,1386.06328,38.51275277,2,300,laplace,"(200, 1000)",[[0.91666667 0.86666667 0.9        0.88333333 0.85      ]],1
cqr,cube,0.906666667,2.654756334,0.713230102,1677.372826,0.066167593,0.5,300,laplace,"(200, 1000)",[[0.86666667 0.9        0.9        0.91666667 0.95      ]],1
cqr,cube,0.923333333,5.224745366,0.532556314,1605.168705,0.069000244,1,300,laplace,"(200, 1000)",[[0.83333333 0.91666667 0.91666667 0.95       1.        ]],1
cqr,cube,0.893333333,7.705034224,0.495129543,1219.589277,0.065001249,1.5,300,laplace,"(200, 1000)",[[0.86666667 0.9        0.83333333 0.9        0.96666667]],1
cqr,cube,0.876666667,10.14546202,0.574912239,1367.503464,0.065001011,2,300,laplace,"(200, 1000)",[[0.76666667 0.88333333 0.91666667 0.93333333 0.88333333]],1
split,nmm,0.94,3.546490371,0.765241783,15874.18336,9.511576414,0.5,300,laplace,"(200, 1000)",999,1
split,nmm,0.853333333,4.064314526,0.786943594,15895.93754,9.645365477,1,300,laplace,"(200, 1000)",999,1
split,nmm,0.826666667,5.549376549,0.790621472,13893.35658,8.249500036,1.5,300,laplace,"(200, 1000)",999,1
split,nmm,0.946666667,14.43505848,0.452369311,4069.629569,2.266962767,2,300,laplace,"(200, 1000)",999,1
split_resid_norm,nmm,0.9,2.884629007,0.809054372,17451.77479,9.658957481,0.5,300,laplace,"(200, 1000)",[[0.88333333 0.88333333 0.88333333 0.86666667 0.98333333]],1
split_resid_norm,nmm,0.983333333,10.21950654,0.464281884,6695.662821,7.926043749,1,300,laplace,"(200, 1000)",[[1.         0.98333333 0.96666667 0.98333333 0.98333333]],1
split_resid_norm,nmm,0.93,8.644251787,0.673857539,9294.002789,7.599186182,1.5,300,laplace,"(200, 1000)",[[0.91666667 0.95       0.9        0.95       0.93333333]],1
split_resid_norm,nmm,0.95,13.27358887,0.496432282,5371.736691,3.595460176,2,300,laplace,"(200, 1000)",[[0.96666667 0.9        0.95       0.96666667 0.96666667]],1
jackknife_plus,nmm,0.92,3.804299646,0.748177237,15267.58448,26.57838464,0.5,300,laplace,"(200, 1000)",[[0.85       0.96666667 0.88333333 0.98333333 0.91666667]],1
jackknife_plus,nmm,0.94,7.669878589,0.597937734,9489.263399,19.26909304,1,300,laplace,"(200, 1000)",[[0.95 0.95 0.95 0.9  0.95]],1
jackknife_plus,nmm,0.926666667,9.031598733,0.659243335,7970.039162,16.63723302,1.5,300,laplace,"(200, 1000)",[[0.9        0.93333333 0.91666667 0.91666667 0.96666667]],1
jackknife_plus,nmm,0.91,12.68307178,0.5188362,5175.686362,9.554870605,2,300,laplace,"(200, 1000)",[[0.83333333 0.93333333 0.96666667 0.96666667 0.85      ]],1
jackknife_plus_ab,nmm,0.903333333,2.876360138,0.809601714,17005.39729,241.7453661,0.5,300,laplace,"(200, 1000)",[[0.85       0.95       0.95       0.91666667 0.85      ]],1
jackknife_plus_ab,nmm,0.916666667,5.380442812,0.717952588,13071.87565,197.5222442,1,300,laplace,"(200, 1000)",[[0.91666667 0.88333333 0.88333333 0.96666667 0.93333333]],1
jackknife_plus_ab,nmm,0.9,7.024419909,0.734973322,10804.18292,179.8459594,1.5,300,laplace,"(200, 1000)",[[0.85       0.91666667 0.91666667 0.86666667 0.95      ]],1
jackknife_plus_ab,nmm,0.903333333,11.39047626,0.567874059,6816.40395,127.3120685,2,300,laplace,"(200, 1000)",[[0.9        0.85       0.93333333 0.93333333 0.9       ]],1
cqr,nmm,0.87,2.814086125,0.813723168,17117.86981,0.062999487,0.5,300,laplace,"(200, 1000)",[[0.7        0.88333333 0.95       0.93333333 0.88333333]],1
cqr,nmm,0.923333333,5.983579765,0.686335481,13295.05077,0.055999517,1,300,laplace,"(200, 1000)",[[0.86666667 0.93333333 0.88333333 0.96666667 0.96666667]],1
cqr,nmm,0.923333333,7.771267961,0.706794858,11280.72018,0.061001062,1.5,300,laplace,"(200, 1000)",[[0.91666667 0.91666667 0.9        0.95       0.93333333]],1
cqr,nmm,0.88,9.566423459,0.637073772,11684.9162,0.061510324,2,300,laplace,"(200, 1000)",[[0.8        0.88333333 0.81666667 0.93333333 0.96666667]],1
split,sinex_het,0.946666667,7.103147893,0.569863367,3299.323555,16.23956656,0.5,300,laplace,"(200, 1000, 1000, 1000)",999,1
split,sinex_het,0.87,6.678356978,0.594202328,4849.061163,9.471889257,1,300,laplace,"(200, 1000, 1000, 1000)",999,1
split,sinex_het,0.956666667,9.524734615,0.423043002,2406.267909,18.11751533,1.5,300,laplace,"(200, 1000, 1000, 1000)",999,1
split,sinex_het,0.91,10.71232883,0.614196987,2886.575528,10.34946275,2,300,laplace,"(200, 1000, 1000, 1000)",999,1
split_resid_norm,sinex_het,0.94,8.656978209,0.475770718,2661.605002,16.78842378,0.5,300,laplace,"(200, 1000, 1000, 1000)",[[0.73333333 0.96666667 1.         1.         1.        ]],1
split_resid_norm,sinex_het,0.97,14.78884353,0.101384712,871.3656603,12.65583181,1,300,laplace,"(200, 1000, 1000, 1000)",[[0.86666667 0.98333333 1.         1.         1.        ]],1
split_resid_norm,sinex_het,0.89,9.548739254,0.42159025,3557.795441,10.58264232,1.5,300,laplace,"(200, 1000, 1000, 1000)",[[0.63333333 0.85       0.98333333 1.         0.98333333]],1
split_resid_norm,sinex_het,0.94,12.90319637,0.535292419,2444.965229,13.35470605,2,300,laplace,"(200, 1000, 1000, 1000)",[[0.83333333 0.91666667 0.98333333 1.         0.96666667]],1
jackknife_plus,sinex_het,0.953333333,7.190527274,0.564571691,2802.321422,40.71610904,0.5,300,laplace,"(200, 1000, 1000, 1000)",[[1.         0.96666667 0.95       0.88333333 0.96666667]],1
jackknife_plus,sinex_het,0.876666667,7.42898677,0.548592032,3150.87725,30.44514084,1,300,laplace,"(200, 1000, 1000, 1000)",[[0.91666667 0.78333333 0.88333333 0.93333333 0.86666667]],1
jackknife_plus,sinex_het,0.963333333,9.866216283,0.40235768,1910.359165,44.54207611,1.5,300,laplace,"(200, 1000, 1000, 1000)",[[0.95       0.96666667 0.98333333 0.96666667 0.95      ]],1
jackknife_plus,sinex_het,0.923333333,12.27160639,0.558039592,1405.389035,27.06392074,2,300,laplace,"(200, 1000, 1000, 1000)",[[0.9        0.93333333 0.98333333 0.88333333 0.91666667]],1
jackknife_plus_ab,sinex_het,0.92,6.069222156,0.63247435,4516.181973,323.5973701,0.5,300,laplace,"(200, 1000, 1000, 1000)",[[0.86666667 0.96666667 0.95       0.93333333 0.88333333]],1
jackknife_plus_ab,sinex_het,0.853333333,6.706449009,0.592494616,4208.321409,299.6205068,1,300,laplace,"(200, 1000, 1000, 1000)",[[0.76666667 0.95       0.9        0.88333333 0.76666667]],1
jackknife_plus_ab,sinex_het,0.94,9.030114381,0.453004988,2769.701513,336.5533655,1.5,300,laplace,"(200, 1000, 1000, 1000)",[[0.98333333 0.95       0.93333333 0.91666667 0.91666667]],1
jackknife_plus_ab,sinex_het,0.916666667,11.28707887,0.593497345,2351.548497,326.9610372,2,300,laplace,"(200, 1000, 1000, 1000)",[[0.95       0.93333333 0.9        0.86666667 0.93333333]],1
cqr,sinex_het,0.916666667,5.763290743,0.651000283,4659.697346,0.071001053,0.5,300,laplace,"(200, 1000, 1000, 1000)",[[0.91666667 0.88333333 0.95       0.88333333 0.95      ]],1
cqr,sinex_het,0.873333333,6.941002509,0.578243317,4010.013571,0.061899185,1,300,laplace,"(200, 1000, 1000, 1000)",[[0.88333333 0.81666667 0.88333333 0.85       0.93333333]],1
cqr,sinex_het,0.946666667,9.829786332,0.404565137,2219.871196,0.065524578,1.5,300,laplace,"(200, 1000, 1000, 1000)",[[0.96666667 0.88333333 0.96666667 0.96666667 0.95      ]],1
cqr,sinex_het,0.883333333,10.93420666,0.606205982,3215.64677,0.062969446,2,300,laplace,"(200, 1000, 1000, 1000)",[[0.83333333 0.88333333 0.83333333 0.93333333 0.93333333]],1
split,sinex_con,0.92,2.692818749,0.775404623,8920.708521,14.99283171,0.5,300,laplace,"(200, 1000, 1000, 1000)",999,1
split,sinex_con,0.946666667,5.974928183,0.561986261,4352.425113,13.03865004,1,300,laplace,"(200, 1000, 1000, 1000)",999,1
split,sinex_con,0.966666667,10.31510934,0.427579805,2122.699475,9.370921135,1.5,300,laplace,"(200, 1000, 1000, 1000)",999,1
split,sinex_con,0.926666667,10.75439593,0.553474646,2650.848902,8.038291931,2,300,laplace,"(200, 1000, 1000, 1000)",999,1
split_resid_norm,sinex_con,0.963333333,4.295069399,0.641766335,6686.355079,13.02958179,0.5,300,laplace,"(200, 1000, 1000, 1000)",[[0.95       0.95       0.95       0.96666667 1.        ]],1
split_resid_norm,sinex_con,0.91,4.849782293,0.644470083,6267.33002,15.63551331,1,300,laplace,"(200, 1000, 1000, 1000)",[[0.8        0.91666667 0.95       0.93333333 0.95      ]],1
split_resid_norm,sinex_con,0.87,6.317326096,0.649430855,4637.316501,8.097472191,1.5,300,laplace,"(200, 1000, 1000, 1000)",[[0.76666667 0.81666667 0.88333333 0.93333333 0.95      ]],1
split_resid_norm,sinex_con,0.91,12.32246509,0.488368403,3169.783633,10.94470811,2,300,laplace,"(200, 1000, 1000, 1000)",[[0.8        0.86666667 0.93333333 0.96666667 0.98333333]],1
jackknife_plus,sinex_con,0.94,3.377841039,0.718269368,7241.937358,39.6638124,0.5,300,laplace,"(200, 1000, 1000, 1000)",[[0.91666667 0.91666667 0.96666667 0.91666667 0.98333333]],1
jackknife_plus,sinex_con,0.913333333,5.115825244,0.624966849,5466.077233,35.94221544,1,300,laplace,"(200, 1000, 1000, 1000)",[[0.91666667 0.96666667 0.9        0.85       0.93333333]],1
jackknife_plus,sinex_con,0.91,7.051682681,0.608679592,3889.42225,32.68379855,1.5,300,laplace,"(200, 1000, 1000, 1000)",[[0.88333333 0.91666667 0.91666667 0.91666667 0.91666667]],1
jackknife_plus,sinex_con,0.93,10.78157213,0.55234618,2537.266594,33.0138514,2,300,laplace,"(200, 1000, 1000, 1000)",[[0.95       0.91666667 0.91666667 0.91666667 0.95      ]],1
jackknife_plus_ab,sinex_con,0.923333333,2.78348707,0.767842306,8646.529853,424.0553701,0.5,300,laplace,"(200, 1000, 1000, 1000)",[[0.9        0.91666667 0.91666667 0.96666667 0.91666667]],1
jackknife_plus_ab,sinex_con,0.883333333,4.593212463,0.66327869,6528.488667,382.9976523,1,300,laplace,"(200, 1000, 1000, 1000)",[[0.9        0.93333333 0.88333333 0.9        0.8       ]],1
jackknife_plus_ab,sinex_con,0.906666667,6.641917688,0.63141879,4251.907636,359.6248994,1.5,300,laplace,"(200, 1000, 1000, 1000)",[[0.88333333 0.93333333 0.88333333 0.9        0.93333333]],1
jackknife_plus_ab,sinex_con,0.9,9.155900489,0.619844933,3603.84076,341.8054399,2,300,laplace,"(200, 1000, 1000, 1000)",[[0.88333333 0.9        0.88333333 0.88333333 0.95      ]],1
cqr,sinex_con,0.863333333,2.519479691,0.789861249,9441.264696,0.065000296,0.5,300,laplace,"(200, 1000, 1000, 1000)",[[0.8        0.8        0.9        0.9        0.91666667]],1
cqr,sinex_con,0.916666667,5.152432911,0.622283137,6084.083925,0.06299758,1,300,laplace,"(200, 1000, 1000, 1000)",[[0.85       0.9        0.96666667 0.91666667 0.95      ]],1
cqr,sinex_con,0.946666667,8.787255788,0.512366053,2882.656776,0.062185526,1.5,300,laplace,"(200, 1000, 1000, 1000)",[[0.96666667 0.91666667 0.91666667 0.95       0.98333333]],1
cqr,sinex_con,0.846666667,9.776223075,0.594087309,3508.489849,0.061000824,2,300,laplace,"(200, 1000, 1000, 1000)",[[0.75       0.8        0.81666667 0.91666667 0.95      ]],1
split,linear,0.886666667,2.292838366,0.827028049,13785.13398,10.97918868,0.5,300,laplace,"(200, 1000, 1000, 1000)",999,1
split,linear,0.946666667,5.731497495,0.625888769,8126.06709,9.775994062,1,300,laplace,"(200, 1000, 1000, 1000)",999,1
split,linear,0.88,6.627558547,0.705024533,8214.438471,11.01176572,1.5,300,laplace,"(200, 1000, 1000, 1000)",999,1
split,linear,0.86,8.194803497,0.693510732,7991.96329,13.3566556,2,300,laplace,"(200, 1000, 1000, 1000)",999,1
split_resid_norm,linear,0.973333333,3.816954469,0.712044997,10633.0947,16.97543192,0.5,300,laplace,"(200, 1000, 1000, 1000)",[[0.95       0.91666667 1.         1.         1.        ]],1
split_resid_norm,linear,0.943333333,10.88941975,0.28921848,4625.464396,11.01728773,1,300,laplace,"(200, 1000, 1000, 1000)",[[0.78333333 0.93333333 1.         1.         1.        ]],1
split_resid_norm,linear,0.986666667,23.01791086,-0.024466437,2328.543768,7.789852858,1.5,300,laplace,"(200, 1000, 1000, 1000)",[[0.93333333 1.         1.         1.         1.        ]],1
split_resid_norm,linear,0.95,25.96188773,0.029017381,3252.60121,11.33034778,2,300,laplace,"(200, 1000, 1000, 1000)",[[0.81666667 0.93333333 1.         1.         1.        ]],1
jackknife_plus,linear,0.913333333,2.67921449,0.797879827,12906.01735,47.67476559,0.5,300,laplace,"(200, 1000, 1000, 1000)",[[0.91666667 0.93333333 0.93333333 0.96666667 0.81666667]],1
jackknife_plus,linear,0.926666667,5.053346763,0.670154331,8538.236671,34.06544042,1,300,laplace,"(200, 1000, 1000, 1000)",[[0.91666667 0.95       0.91666667 0.93333333 0.91666667]],1
jackknife_plus,linear,0.893333333,7.078921606,0.684935803,7543.036657,34.18786645,1.5,300,laplace,"(200, 1000, 1000, 1000)",[[0.86666667 0.86666667 0.9        0.9        0.93333333]],1
jackknife_plus,linear,0.906666667,10.00242076,0.625906375,6452.510321,31.43039656,2,300,laplace,"(200, 1000, 1000, 1000)",[[0.96666667 0.85       0.91666667 0.91666667 0.88333333]],1
jackknife_plus_ab,linear,0.903333333,2.588520375,0.804721927,13101.4858,436.0106139,0.5,300,laplace,"(200, 1000, 1000, 1000)",[[0.88333333 0.91666667 0.85       0.91666667 0.95      ]],1
jackknife_plus_ab,linear,0.906666667,4.669456682,0.695212289,9734.418206,400.9949715,1,300,laplace,"(200, 1000, 1000, 1000)",[[0.86666667 0.91666667 0.95       0.91666667 0.88333333]],1
jackknife_plus_ab,linear,0.893333333,6.896504244,0.693054719,7417.31515,313.4498467,1.5,300,laplace,"(200, 1000, 1000, 1000)",[[0.88333333 0.9        0.9        0.9        0.88333333]],1
jackknife_plus_ab,linear,0.89,9.693039544,0.637477291,6228.812113,361.714432,2,300,laplace,"(200, 1000, 1000, 1000)",[[0.93333333 0.91666667 0.9        0.83333333 0.86666667]],1
cqr,linear,0.873333333,2.54831575,0.8077544,13466.84697,0.063972712,0.5,300,laplace,"(200, 1000, 1000, 1000)",[[0.75       0.76666667 0.96666667 0.93333333 0.95      ]],1
cqr,linear,0.91,5.295588602,0.654342982,8769.483811,0.071971893,1,300,laplace,"(200, 1000, 1000, 1000)",[[0.83333333 0.86666667 0.93333333 0.93333333 0.98333333]],1
cqr,linear,0.883333333,7.039030786,0.686711078,7627.041073,0.062775135,1.5,300,laplace,"(200, 1000, 1000, 1000)",[[0.81666667 0.93333333 0.85       0.93333333 0.88333333]],1
cqr,linear,0.923333333,11.77751416,0.559517062,4998.056942,0.061998844,2,300,laplace,"(200, 1000, 1000, 1000)",[[0.93333333 0.86666667 0.86666667 0.95       1.        ]],1
split,cube,0.743333333,1.236558048,0.907959477,3879.154494,15.29858708,0.5,300,laplace,"(200, 1000, 1000, 1000)",999,1
split,cube,0.92,4.941611918,0.675929254,1403.005839,11.2667613,1,300,laplace,"(200, 1000, 1000, 1000)",999,1
split,cube,0.943333333,9.37038704,0.451599751,584.7253641,7.550336838,1.5,300,laplace,"(200, 1000, 1000, 1000)",999,1
split,cube,0.97,14.62168882,0.312306994,500.5814885,7.03158474,2,300,laplace,"(200, 1000, 1000, 1000)",999,1
split_resid_norm,cube,0.906666667,2.866918248,0.786658776,2895.125323,16.52008891,0.5,300,laplace,"(200, 1000, 1000, 1000)",[[0.68333333 0.91666667 0.96666667 0.98333333 0.98333333]],1
split_resid_norm,cube,0.983333333,8.249827427,0.458973855,777.793609,8.110009193,1,300,laplace,"(200, 1000, 1000, 1000)",[[0.91666667 1.         1.         1.         1.        ]],1
split_resid_norm,cube,0.986666667,11.26575268,0.340672271,390.7298912,8.685329676,1.5,300,laplace,"(200, 1000, 1000, 1000)",[[0.98333333 1.         1.         0.98333333 0.96666667]],1
split_resid_norm,cube,0.956666667,12.04357323,0.433561806,911.9501699,8.255837679,2,300,laplace,"(200, 1000, 1000, 1000)",[[0.95       0.93333333 0.96666667 0.96666667 0.96666667]],1
jackknife_plus,cube,0.94,2.760867217,0.794549308,2470.790711,44.74247193,0.5,300,laplace,"(200, 1000, 1000, 1000)",[[0.91666667 0.98333333 0.93333333 0.96666667 0.9       ]],1
jackknife_plus,cube,0.91,4.762535764,0.687673254,1462.744438,27.2920723,1,300,laplace,"(200, 1000, 1000, 1000)",[[0.86666667 0.93333333 0.93333333 0.9        0.91666667]],1
jackknife_plus,cube,0.91,7.861640462,0.539899535,1132.659736,26.53045583,1.5,300,laplace,"(200, 1000, 1000, 1000)",[[0.88333333 0.9        0.95       0.9        0.91666667]],1
jackknife_plus,cube,0.943333333,10.54375989,0.504101905,1203.756602,31.40593863,2,300,laplace,"(200, 1000, 1000, 1000)",[[0.91666667 0.91666667 0.96666667 0.95       0.96666667]],1
jackknife_plus_ab,cube,0.906666667,2.413050352,0.82043327,2715.750771,349.2899492,0.5,300,laplace,"(200, 1000, 1000, 1000)",[[0.93333333 0.95       0.91666667 0.91666667 0.81666667]],1
jackknife_plus_ab,cube,0.903333333,4.515468714,0.70387595,1455.281259,275.4907193,1,300,laplace,"(200, 1000, 1000, 1000)",[[0.9        0.88333333 0.98333333 0.88333333 0.86666667]],1
jackknife_plus_ab,cube,0.916666667,7.461103107,0.563340775,1199.262263,328.2894514,1.5,300,laplace,"(200, 1000, 1000, 1000)",[[0.91666667 0.91666667 0.88333333 0.91666667 0.95      ]],1
jackknife_plus_ab,cube,0.936666667,10.17742642,0.521331651,1249.738253,250.9330115,2,300,laplace,"(200, 1000, 1000, 1000)",[[0.91666667 0.93333333 0.98333333 0.88333333 0.96666667]],1
cqr,cube,0.873333333,2.48513944,0.815068231,2642.982685,0.085000992,0.5,300,laplace,"(200, 1000, 1000, 1000)",[[0.81666667 0.83333333 0.9        0.9        0.91666667]],1
cqr,cube,0.89,5.138559682,0.663013641,1319.543207,0.071003437,1,300,laplace,"(200, 1000, 1000, 1000)",[[0.86666667 0.85       0.93333333 0.86666667 0.93333333]],1
cqr,cube,0.91,8.433557622,0.50642824,1047.732506,0.06674695,1.5,300,laplace,"(200, 1000, 1000, 1000)",[[0.8        0.88333333 0.93333333 0.93333333 1.        ]],1
cqr,cube,0.92,10.77105185,0.493412593,1425.044169,0.065966845,2,300,laplace,"(200, 1000, 1000, 1000)",[[0.78333333 0.91666667 0.93333333 0.96666667 1.        ]],1
split,nmm,0.846666667,2.432201655,0.844409096,18623.98878,23.52236748,0.5,300,laplace,"(200, 1000, 1000, 1000)",999,1
split,nmm,0.956666667,6.583509643,0.61785586,12682.98728,16.36109781,1,300,laplace,"(200, 1000, 1000, 1000)",999,1
split,nmm,0.853333333,6.767170603,0.76529472,12766.85892,17.41311622,1.5,300,laplace,"(200, 1000, 1000, 1000)",999,1
split,nmm,0.963333333,14.82340625,0.552130453,5356.203258,20.45395708,2,300,laplace,"(200, 1000, 1000, 1000)",999,1
split_resid_norm,nmm,0.86,3.428925063,0.780649622,17691.84625,16.48813844,0.5,300,laplace,"(200, 1000, 1000, 1000)",[[0.58333333 0.83333333 0.91666667 0.96666667 1.        ]],1
split_resid_norm,nmm,0.96,17.95430764,-0.042164013,4583.540948,13.46471548,1,300,laplace,"(200, 1000, 1000, 1000)",[[0.83333333 0.96666667 1.         1.         1.        ]],1
split_resid_norm,nmm,0.843333333,7.670904367,0.733950121,9937.415084,16.34914351,1.5,300,laplace,"(200, 1000, 1000, 1000)",[[0.73333333 0.76666667 0.88333333 0.83333333 1.        ]],1
split_resid_norm,nmm,0.916666667,12.75992697,0.614477477,8814.502387,14.95815778,2,300,laplace,"(200, 1000, 1000, 1000)",[[0.85       0.9        0.91666667 0.93333333 0.98333333]],1
jackknife_plus,nmm,0.903333333,3.066412062,0.803840903,17312.57208,45.98406029,0.5,300,laplace,"(200, 1000, 1000, 1000)",[[0.88333333 0.85       0.95       0.86666667 0.96666667]],1
jackknife_plus,nmm,0.906666667,5.734836275,0.667119362,13027.12486,60.25587463,1,300,laplace,"(200, 1000, 1000, 1000)",[[0.91666667 0.9        0.91666667 0.86666667 0.93333333]],1
jackknife_plus,nmm,0.933333333,9.326596471,0.676527886,7024.145064,41.54917145,1.5,300,laplace,"(200, 1000, 1000, 1000)",[[0.9        0.9        0.93333333 1.         0.93333333]],1
jackknife_plus,nmm,0.936666667,12.38366095,0.625845128,6443.934031,47.3638103,2,300,laplace,"(200, 1000, 1000, 1000)",[[0.9        0.95       0.96666667 0.96666667 0.9       ]],1
jackknife_plus_ab,nmm,0.863333333,2.439788821,0.843925011,18220.17363,545.3470638,0.5,300,laplace,"(200, 1000, 1000, 1000)",[[0.86666667 0.86666667 0.83333333 0.85       0.9       ]],1
jackknife_plus_ab,nmm,0.9,5.591824469,0.675420563,13517.09034,455.1373549,1,300,laplace,"(200, 1000, 1000, 1000)",[[0.91666667 0.88333333 0.9        0.86666667 0.93333333]],1
jackknife_plus_ab,nmm,0.883333333,7.083756025,0.754316146,12342.63261,468.2930977,1.5,300,laplace,"(200, 1000, 1000, 1000)",[[0.85       0.86666667 0.88333333 0.85       0.96666667]],1
jackknife_plus_ab,nmm,0.926666667,11.56571714,0.650558471,7973.244497,403.6146617,2,300,laplace,"(200, 1000, 1000, 1000)",[[0.88333333 0.95       0.93333333 0.96666667 0.9       ]],1
cqr,nmm,0.9,2.767040507,0.822991779,16877.57127,0.064014673,0.5,300,laplace,"(200, 1000, 1000, 1000)",[[0.85       0.9        0.93333333 0.93333333 0.88333333]],1
cqr,nmm,0.916666667,6.06146961,0.648159663,13173.4498,0.075512648,1,300,laplace,"(200, 1000, 1000, 1000)",[[0.8        0.93333333 0.88333333 0.98333333 0.98333333]],1
cqr,nmm,0.91,8.052784231,0.720707788,11294.38031,0.0589993,1.5,300,laplace,"(200, 1000, 1000, 1000)",[[0.81666667 0.83333333 0.95       0.95       1.        ]],1
cqr,nmm,0.893333333,10.84505016,0.672332793,9626.378087,0.063638926,2,300,laplace,"(200, 1000, 1000, 1000)",[[0.8        0.85       0.9        0.96666667 0.95      ]],1
split,sinex_het,0.846666667,5.087831091,0.707289689,5531.703589,7.61275363,0.5,300,laplace,"(400, 2000)",999,1
split,sinex_het,0.923333333,6.865574365,0.555168961,3953.036025,14.43998122,1,300,laplace,"(400, 2000)",999,1
split,sinex_het,0.88,7.968410154,0.559036455,3773.025264,5.447363615,1.5,300,laplace,"(400, 2000)",999,1
split,sinex_het,0.803333333,7.365700975,0.670664983,5762.377989,8.559646368,2,300,laplace,"(400, 2000)",999,1
split_resid_norm,sinex_het,0.916666667,40.88922697,-1.352400064,2712.544512,6.909809351,0.5,300,laplace,"(400, 2000)",[[0.6        0.98333333 1.         1.         1.        ]],1
split_resid_norm,sinex_het,0.783333333,5.88412667,0.618750292,6712.159488,9.644570112,1,300,laplace,"(400, 2000)",[[0.33333333 0.68333333 0.95       0.98333333 0.96666667]],1
split_resid_norm,sinex_het,0.94,11.65585983,0.354976577,1569.993288,4.799234629,1.5,300,laplace,"(400, 2000)",[[0.8        0.91666667 0.98333333 1.         1.        ]],1
split_resid_norm,sinex_het,0.96,20.02846132,0.10450466,1498.374274,6.979227304,2,300,laplace,"(400, 2000)",[[0.83333333 0.96666667 1.         1.         1.        ]],1
jackknife_plus,sinex_het,0.853333333,5.472352551,0.685168282,5164.81071,21.77530694,0.5,300,laplace,"(400, 2000)",[[0.98333333 0.98333333 0.85       0.65       0.8       ]],1
jackknife_plus,sinex_het,0.94,7.703221049,0.500896092,2337.928725,22.53681731,1,300,laplace,"(400, 2000)",[[0.95       0.96666667 0.93333333 0.95       0.9       ]],1
jackknife_plus,sinex_het,0.94,9.891053083,0.452638945,2042.619884,19.62748623,1.5,300,laplace,"(400, 2000)",[[0.95       0.95       0.93333333 0.9        0.96666667]],1
jackknife_plus,sinex_het,0.95,12.20691385,0.454214058,1694.40635,24.04647279,2,300,laplace,"(400, 2000)",[[1.         0.95       0.88333333 0.93333333 0.98333333]],1
jackknife_plus_ab,sinex_het,0.863333333,5.155741548,0.703383794,5621.653597,225.5003393,0.5,300,laplace,"(400, 2000)",[[0.88333333 0.75       0.95       0.91666667 0.81666667]],1
jackknife_plus_ab,sinex_het,0.896666667,6.391320035,0.585896898,4465.566263,247.5621395,1,300,laplace,"(400, 2000)",[[0.8        0.93333333 0.98333333 0.91666667 0.85      ]],1
jackknife_plus_ab,sinex_het,0.913333333,8.873918768,0.508926707,3134.656282,217.2346117,1.5,300,laplace,"(400, 2000)",[[0.91666667 0.86666667 0.93333333 0.88333333 0.96666667]],1
jackknife_plus_ab,sinex_het,0.92,10.92020577,0.51174515,2647.542215,220.5292692,2,300,laplace,"(400, 2000)",[[0.95 0.85 0.95 0.9  0.95]],1
cqr,sinex_het,0.903333333,5.893320133,0.660951057,4638.702525,0.066009998,0.5,300,laplace,"(400, 2000)",[[0.96666667 0.9        0.78333333 0.91666667 0.95      ]],1
cqr,sinex_het,0.91,6.990191478,0.547095082,3464.051094,0.066000462,1,300,laplace,"(400, 2000)",[[0.95       0.91666667 0.85       0.9        0.93333333]],1
cqr,sinex_het,0.93,9.258840543,0.487625198,3668.911601,0.062962055,1.5,300,laplace,"(400, 2000)",[[0.93333333 0.93333333 0.95       0.91666667 0.91666667]],1
cqr,sinex_het,0.906666667,11.20257881,0.499120118,3063.662251,0.067998648,2,300,laplace,"(400, 2000)",[[0.83333333 0.91666667 0.95       0.9        0.93333333]],1
split,sinex_con,0.816666667,1.888681001,0.817522755,10205.08018,8.356332779,0.5,300,laplace,"(400, 2000)",999,1
split,sinex_con,0.88,4.393813379,0.681616951,6380.97056,11.33258557,1,300,laplace,"(400, 2000)",999,1
split,sinex_con,0.976666667,12.1623529,0.353685459,819.976991,4.888024092,1.5,300,laplace,"(400, 2000)",999,1
split,sinex_con,0.946666667,12.48404076,0.371241528,1193.805431,7.839853764,2,300,laplace,"(400, 2000)",999,1
split_resid_norm,sinex_con,0.85,2.403381512,0.767799635,9594.51315,8.900818825,0.5,300,laplace,"(400, 2000)",[[0.75       0.8        0.81666667 0.95       0.93333333]],1
split_resid_norm,sinex_con,0.99,23.18164373,-0.679773639,1585.557258,8.418447971,1,300,laplace,"(400, 2000)",[[0.95 1.   1.   1.   1.  ]],1
split_resid_norm,sinex_con,0.89,7.140017348,0.620576464,4396.79877,5.790369034,1.5,300,laplace,"(400, 2000)",[[0.75       0.85       0.91666667 0.98333333 0.95      ]],1
split_resid_norm,sinex_con,0.886666667,14.56335658,0.266517722,2807.497117,7.457986355,2,300,laplace,"(400, 2000)",[[0.68333333 0.81666667 0.95       0.98333333 1.        ]],1
jackknife_plus,sinex_con,0.913333333,2.647589626,0.744207688,8683.240821,29.77520967,0.5,300,laplace,"(400, 2000)",[[0.91666667 0.9        0.88333333 0.91666667 0.95      ]],1
jackknife_plus,sinex_con,0.923333333,5.156200915,0.626373057,4811.463114,28.75866938,1,300,laplace,"(400, 2000)",[[0.96666667 0.85       0.96666667 0.9        0.93333333]],1
jackknife_plus,sinex_con,0.896666667,7.316745486,0.611185113,3755.643934,15.51829672,1.5,300,laplace,"(400, 2000)",[[0.91666667 0.9        0.88333333 0.88333333 0.9       ]],1
jackknife_plus,sinex_con,0.906666667,10.43980061,0.474200298,1853.851547,19.76166749,2,300,laplace,"(400, 2000)",[[0.95       0.86666667 0.91666667 0.93333333 0.86666667]],1
jackknife_plus_ab,sinex_con,0.89,2.610026462,0.747836844,8673.485032,238.8656292,0.5,300,laplace,"(400, 2000)",[[0.83333333 0.95       0.81666667 0.91666667 0.93333333]],1
jackknife_plus_ab,sinex_con,0.9,4.787952034,0.653057304,5446.053989,255.9416559,1,300,laplace,"(400, 2000)",[[0.95       0.81666667 0.91666667 0.91666667 0.9       ]],1
jackknife_plus_ab,sinex_con,0.876666667,6.426097019,0.658514189,5046.053047,230.3870876,1.5,300,laplace,"(400, 2000)",[[0.78333333 0.88333333 0.91666667 0.91666667 0.88333333]],1
jackknife_plus_ab,sinex_con,0.89,9.743967986,0.50924582,2619.611878,194.8506711,2,300,laplace,"(400, 2000)",[[0.85       0.88333333 0.88333333 0.93333333 0.9       ]],1
cqr,sinex_con,0.863333333,2.343722281,0.773564385,9299.664458,0.065733194,0.5,300,laplace,"(400, 2000)",[[0.76666667 0.81666667 0.88333333 0.88333333 0.96666667]],1
cqr,sinex_con,0.876666667,5.086526061,0.631421806,5294.152504,0.063829899,1,300,laplace,"(400, 2000)",[[0.7        0.85       0.91666667 0.96666667 0.95      ]],1
cqr,sinex_con,0.93,8.446267295,0.551161368,3726.305086,0.06396389,1.5,300,laplace,"(400, 2000)",[[0.9        0.88333333 0.95       0.93333333 0.98333333]],1
cqr,sinex_con,0.9,10.26392642,0.483058208,2985.102808,0.060967684,2,300,laplace,"(400, 2000)",[[0.88333333 0.83333333 0.93333333 0.86666667 0.98333333]],1
split,linear,0.93,2.691567147,0.788661028,13059.97921,7.354007483,0.5,300,laplace,"(400, 2000)",999,1
split,linear,0.96,6.768483502,0.582882972,6886.181691,3.366508484,1,300,laplace,"(400, 2000)",999,1
split,linear,0.906666667,6.778904829,0.626083283,7493.852265,3.800536394,1.5,300,laplace,"(400, 2000)",999,1
split,linear,0.856666667,8.433129006,0.664222726,7577.731262,3.105326414,2,300,laplace,"(400, 2000)",999,1
split_resid_norm,linear,0.983333333,10.47379976,0.177609978,5463.479959,7.175230503,0.5,300,laplace,"(400, 2000)",[[0.91666667 1.         1.         1.         1.        ]],1
split_resid_norm,linear,0.883333333,4.957905126,0.694463678,9702.76412,3.364560366,1,300,laplace,"(400, 2000)",[[0.76666667 0.91666667 0.91666667 0.9        0.91666667]],1
split_resid_norm,linear,0.95,8.52168164,0.529952397,5648.263413,3.016622782,1.5,300,laplace,"(400, 2000)",[[0.91666667 0.96666667 0.91666667 0.95       1.        ]],1
split_resid_norm,linear,0.91,18.15745485,0.277037232,3805.898151,2.402416229,2,300,laplace,"(400, 2000)",[[0.7  0.9  0.95 1.   1.  ]],1
jackknife_plus,linear,0.896666667,2.265437908,0.822120828,13927.97654,16.46257043,0.5,300,laplace,"(400, 2000)",[[0.9        0.88333333 0.91666667 0.9        0.88333333]],1
jackknife_plus,linear,0.916666667,4.848308453,0.701217687,9070.176825,12.87703657,1,300,laplace,"(400, 2000)",[[0.9        0.88333333 0.91666667 0.98333333 0.9       ]],1
jackknife_plus,linear,0.883333333,6.265411236,0.654406852,8537.567632,14.28656149,1.5,300,laplace,"(400, 2000)",[[0.83333333 0.93333333 0.83333333 0.86666667 0.95      ]],1
jackknife_plus,linear,0.876666667,9.168468662,0.63494512,5576.208377,10.82023978,2,300,laplace,"(400, 2000)",[[0.9        0.9        0.85       0.85       0.88333333]],1
jackknife_plus_ab,linear,0.896666667,2.170710602,0.829558689,14195.59756,168.187609,0.5,300,laplace,"(400, 2000)",[[0.93333333 0.9        0.9        0.88333333 0.86666667]],1
jackknife_plus_ab,linear,0.916666667,4.849861694,0.701121967,9076.883733,115.450532,1,300,laplace,"(400, 2000)",[[0.88333333 0.96666667 0.91666667 0.91666667 0.9       ]],1
jackknife_plus_ab,linear,0.883333333,6.261723921,0.65461024,8395.418505,116.4868824,1.5,300,laplace,"(400, 2000)",[[0.88333333 0.93333333 0.9        0.91666667 0.78333333]],1
jackknife_plus_ab,linear,0.883333333,8.923471607,0.644700164,6463.016458,117.7361083,2,300,laplace,"(400, 2000)",[[0.91666667 0.86666667 0.86666667 0.86666667 0.9       ]],1
cqr,linear,0.843333333,2.582913802,0.797190493,13337.39756,0.065968037,0.5,300,laplace,"(400, 2000)",[[0.76666667 0.78333333 0.78333333 0.93333333 0.95      ]],1
cqr,linear,0.903333333,5.253337568,0.676257528,7934.845924,0.063172817,1,300,laplace,"(400, 2000)",[[0.81666667 0.95       0.86666667 0.91666667 0.96666667]],1
cqr,linear,0.893333333,7.148768653,0.605682016,7376.625038,0.066779375,1.5,300,laplace,"(400, 2000)",[[0.76666667 0.93333333 0.91666667 0.95       0.9       ]],1
cqr,linear,0.916666667,10.42707543,0.584832234,5115.946752,0.061996937,2,300,laplace,"(400, 2000)",[[0.85       0.93333333 0.9        0.95       0.95      ]],1
split,cube,0.886666667,2.391719454,0.741730354,2120.407915,5.365502119,0.5,300,laplace,"(400, 2000)",999,1
split,cube,0.903333333,5.329155616,0.660761472,1035.587512,3.375823975,1,300,laplace,"(400, 2000)",999,1
split,cube,0.98,11.30775149,0.271494504,319.5555516,5.702201843,1.5,300,laplace,"(400, 2000)",999,1
split,cube,0.986666667,17.46849284,0.395079177,496.5474094,3.70302248,2,300,laplace,"(400, 2000)",999,1
split_resid_norm,cube,0.976666667,5.481833475,0.408042526,406.7964822,4.789566994,0.5,300,laplace,"(400, 2000)",[[0.9        0.98333333 1.         1.         1.        ]],1
split_resid_norm,cube,0.953333333,8.500744571,0.458866062,345.6980497,2.931290388,1,300,laplace,"(400, 2000)",[[0.85       0.96666667 0.95       1.         1.        ]],1
split_resid_norm,cube,0.9,7.109577013,0.541964326,1599.895754,5.74053216,1.5,300,laplace,"(400, 2000)",[[0.9        0.9        0.91666667 0.9        0.88333333]],1
split_resid_norm,cube,0.956666667,31.06781143,-0.075849519,699.7127336,3.183688164,2,300,laplace,"(400, 2000)",[[0.83333333 0.96666667 0.98333333 1.         1.        ]],1
jackknife_plus,cube,0.94,2.970792107,0.679198313,1515.044459,16.79249573,0.5,300,laplace,"(400, 2000)",[[0.91666667 0.95       0.96666667 0.91666667 0.95      ]],1
jackknife_plus,cube,0.896666667,5.17387874,0.670645946,1175.87055,13.63731742,1,300,laplace,"(400, 2000)",[[0.9        0.95       0.9        0.86666667 0.86666667]],1
jackknife_plus,cube,0.9,7.128770549,0.54072778,1359.027898,13.55151248,1.5,300,laplace,"(400, 2000)",[[0.91666667 0.88333333 0.85       0.98333333 0.86666667]],1
jackknife_plus,cube,0.903333333,10.60894578,0.632621949,1586.499072,7.837387085,2,300,laplace,"(400, 2000)",[[0.95       0.88333333 0.91666667 0.88333333 0.88333333]],1
jackknife_plus_ab,cube,0.933333333,2.883102129,0.688667826,1638.348106,173.4409037,0.5,300,laplace,"(400, 2000)",[[0.95       0.95       0.9        0.91666667 0.95      ]],1
jackknife_plus_ab,cube,0.883333333,4.712521479,0.700014418,1406.290602,124.1868777,1,300,laplace,"(400, 2000)",[[0.91666667 0.85       0.88333333 0.91666667 0.85      ]],1
jackknife_plus_ab,cube,0.893333333,6.85187886,0.558566548,1588.582188,123.3566723,1.5,300,laplace,"(400, 2000)",[[0.86666667 0.93333333 0.95       0.88333333 0.83333333]],1
jackknife_plus_ab,cube,0.9,10.04794201,0.652049001,1808.47304,121.6558862,2,300,laplace,"(400, 2000)",[[0.9        0.85       0.91666667 0.95       0.88333333]],1
cqr,cube,0.84,2.575153939,0.721919737,2148.894738,0.088000298,0.5,300,laplace,"(400, 2000)",[[0.73333333 0.76666667 0.9        0.93333333 0.86666667]],1
cqr,cube,0.906666667,5.560818959,0.646014438,1168.235191,0.093000174,1,300,laplace,"(400, 2000)",[[0.9        0.88333333 0.9        0.88333333 0.96666667]],1
cqr,cube,0.926666667,8.593264603,0.446377191,1071.76902,0.088239193,1.5,300,laplace,"(400, 2000)",[[0.91666667 0.9        0.93333333 0.93333333 0.95      ]],1
cqr,cube,0.89,10.42264169,0.639073431,2010.133873,0.088000059,2,300,laplace,"(400, 2000)",[[0.83333333 0.85       0.9        0.91666667 0.95      ]],1
split,nmm,0.84,2.424451316,0.845537744,18819.34933,25.44290495,0.5,300,laplace,"(400, 2000)",999,1
split,nmm,0.906666667,5.381088314,0.737135907,14149.87525,20.67674184,1,300,laplace,"(400, 2000)",999,1
split,nmm,0.826666667,6.772775421,0.688088393,11506.8741,14.16308641,1.5,300,laplace,"(400, 2000)",999,1
split,nmm,0.893333333,10.05363583,0.623945279,7389.864087,8.852823734,2,300,laplace,"(400, 2000)",999,1
split_resid_norm,nmm,0.863333333,6.621507141,0.578150052,9242.231482,13.7341311,0.5,300,laplace,"(400, 2000)",[[1.         0.55       0.8        0.98333333 0.98333333]],1
split_resid_norm,nmm,0.953333333,7.375014261,0.639731617,10825.21348,15.86356902,1,300,laplace,"(400, 2000)",[[0.95       0.93333333 0.96666667 0.91666667 1.        ]],1
split_resid_norm,nmm,0.973333333,17.04112146,0.215200856,3781.614916,23.40920377,1.5,300,laplace,"(400, 2000)",[[0.86666667 1.         1.         1.         1.        ]],1
split_resid_norm,nmm,0.94,13.86201445,0.481492723,4733.468482,10.44858098,2,300,laplace,"(400, 2000)",[[0.86666667 0.93333333 0.96666667 0.95       0.98333333]],1
jackknife_plus,nmm,0.89,2.950924911,0.811999634,17350.07409,68.90926027,0.5,300,laplace,"(400, 2000)",[[0.81666667 0.88333333 0.88333333 0.91666667 0.95      ]],1
jackknife_plus,nmm,0.91,5.907976486,0.711397588,12454.45923,57.07320762,1,300,laplace,"(400, 2000)",[[0.95       0.9        0.85       0.96666667 0.88333333]],1
jackknife_plus,nmm,0.923333333,10.16743922,0.531756711,7121.380728,41.97166371,1.5,300,laplace,"(400, 2000)",[[0.95       0.95       0.98333333 0.9        0.83333333]],1
jackknife_plus,nmm,0.913333333,10.74392237,0.598125139,6523.386478,30.16521788,2,300,laplace,"(400, 2000)",[[0.85       0.91666667 0.95       0.9        0.95      ]],1
jackknife_plus_ab,nmm,0.843333333,2.418387823,0.84592437,18393.73694,586.6208849,0.5,300,laplace,"(400, 2000)",[[0.86666667 0.85       0.85       0.8        0.85      ]],1
jackknife_plus_ab,nmm,0.893333333,5.120937218,0.749844186,13614.46928,497.631568,1,300,laplace,"(400, 2000)",[[0.96666667 0.91666667 0.85       0.86666667 0.86666667]],1
jackknife_plus_ab,nmm,0.896666667,8.111093359,0.626458278,10013.23385,484.4095979,1.5,300,laplace,"(400, 2000)",[[0.9        0.9        0.9        0.91666667 0.86666667]],1
jackknife_plus_ab,nmm,0.9,9.415939665,0.647798233,8099.8838,383.980979,2,300,laplace,"(400, 2000)",[[0.86666667 0.95       0.9        0.83333333 0.95      ]],1
cqr,nmm,0.883333333,2.861592039,0.81769079,17096.90428,0.064694405,0.5,300,laplace,"(400, 2000)",[[0.8        0.86666667 0.91666667 0.9        0.93333333]],1
cqr,nmm,0.913333333,5.413446241,0.735555137,13929.3941,0.064997911,1,300,laplace,"(400, 2000)",[[0.83333333 0.85       0.96666667 0.95       0.96666667]],1
cqr,nmm,0.913333333,8.050802242,0.629234771,11292.30315,0.068967342,1.5,300,laplace,"(400, 2000)",[[0.81666667 0.93333333 0.91666667 0.95       0.95      ]],1
cqr,nmm,0.886666667,9.762124204,0.634849141,9611.522485,0.062967777,2,300,laplace,"(400, 2000)",[[0.76666667 0.85       0.95       0.9        0.96666667]],1
split,sinex_het,0.963333333,8.834445101,0.400413816,2212.019795,32.83132362,0.5,300,laplace,"(400, 2000, 2000, 2000)",999,1
split,sinex_het,0.89,6.898087841,0.623861334,5065.70063,45.9756825,1,300,laplace,"(400, 2000, 2000, 2000)",999,1
split,sinex_het,0.946666667,10.03742562,0.488973361,2095.991564,33.63839149,1.5,300,laplace,"(400, 2000, 2000, 2000)",999,1
split,sinex_het,0.903333333,10.9524999,0.620780906,2370.242368,43.75907612,2,300,laplace,"(400, 2000, 2000, 2000)",999,1
split_resid_norm,sinex_het,0.826666667,8.910911823,0.395223581,4826.538373,40.49583244,0.5,300,laplace,"(400, 2000, 2000, 2000)",[[0.28333333 0.85       1.         1.         1.        ]],1
split_resid_norm,sinex_het,0.97,14.28062513,0.221305672,2588.942707,41.3354919,1,300,laplace,"(400, 2000, 2000, 2000)",[[0.86666667 0.98333333 1.         1.         1.        ]],1
split_resid_norm,sinex_het,0.94,9.706349167,0.505829387,2668.627858,31.1212585,1.5,300,laplace,"(400, 2000, 2000, 2000)",[[0.86666667 0.91666667 0.98333333 0.96666667 0.96666667]],1
split_resid_norm,sinex_het,0.946666667,21.52645868,0.254667869,1400.639766,46.30550742,2,300,laplace,"(400, 2000, 2000, 2000)",[[0.78333333 0.95       1.         1.         1.        ]],1
jackknife_plus,sinex_het,0.916666667,6.863794089,0.534161304,2393.175766,124.0624964,0.5,300,laplace,"(400, 2000, 2000, 2000)",[[0.88333333 0.93333333 0.98333333 0.96666667 0.81666667]],1
jackknife_plus,sinex_het,0.873333333,7.162576098,0.60943896,3800.017785,145.4674544,1,300,laplace,"(400, 2000, 2000, 2000)",[[0.91666667 0.93333333 0.91666667 0.83333333 0.76666667]],1
jackknife_plus,sinex_het,0.916666667,8.977917467,0.542915971,2722.582965,124.3127177,1.5,300,laplace,"(400, 2000, 2000, 2000)",[[0.86666667 0.91666667 0.88333333 0.96666667 0.95      ]],1
jackknife_plus,sinex_het,0.883333333,10.13840259,0.648968018,2997.961663,142.4525297,2,300,laplace,"(400, 2000, 2000, 2000)",[[0.96666667 0.9        0.83333333 0.9        0.81666667]],1
jackknife_plus_ab,sinex_het,0.853333333,4.839561339,0.671542556,6084.101307,1256.313994,0.5,300,laplace,"(400, 2000, 2000, 2000)",[[1.         0.93333333 0.88333333 0.71666667 0.73333333]],1
jackknife_plus_ab,sinex_het,0.836666667,6.123631272,0.666088255,5399.237773,1177.04805,1,300,laplace,"(400, 2000, 2000, 2000)",[[0.81666667 0.81666667 0.81666667 0.83333333 0.9       ]],1
jackknife_plus_ab,sinex_het,0.913333333,8.112831261,0.586959301,3370.816347,1159.253151,1.5,300,laplace,"(400, 2000, 2000, 2000)",[[0.96666667 0.93333333 0.86666667 0.91666667 0.88333333]],1
jackknife_plus_ab,sinex_het,0.89,9.807296304,0.660432348,3458.220559,1298.908973,2,300,laplace,"(400, 2000, 2000, 2000)",[[0.86666667 0.91666667 0.88333333 0.88333333 0.9       ]],1
cqr,sinex_het,0.883333333,5.297324342,0.640475942,4892.396127,0.08651495,0.5,300,laplace,"(400, 2000, 2000, 2000)",[[0.83333333 0.9        0.96666667 0.86666667 0.85      ]],1
cqr,sinex_het,0.896666667,7.245991477,0.604890917,4220.374027,0.069988012,1,300,laplace,"(400, 2000, 2000, 2000)",[[0.95       0.88333333 0.91666667 0.81666667 0.91666667]],1
cqr,sinex_het,0.933333333,9.947481798,0.493553099,2549.944062,0.06663537,1.5,300,laplace,"(400, 2000, 2000, 2000)",[[0.88333333 0.91666667 0.96666667 0.93333333 0.96666667]],1
cqr,sinex_het,0.896666667,11.66249848,0.596197933,2930.061104,0.065971613,2,300,laplace,"(400, 2000, 2000, 2000)",[[0.78333333 0.9        0.91666667 0.95       0.93333333]],1
split,sinex_het,0.883333333,5.844636801,0.58416275,4411.10972,5.550112009,0.5,500,laplace,"(200, 1000)",999,1
split,sinex_het,0.933333333,7.896006839,0.541179357,3832.536453,4.034737349,1,500,laplace,"(200, 1000)",999,1
split,sinex_het,0.866666667,7.454535049,0.609829577,4780.372673,3.626103401,1.5,500,laplace,"(200, 1000)",999,1
split,sinex_het,0.903333333,10.64154967,0.671603367,2317.428417,2.150830269,2,500,laplace,"(200, 1000)",999,1
split,sinex_con,0.906666667,2.489396469,0.763071131,8563.588906,4.039173365,0.5,500,laplace,"(200, 1000)",999,1
split,sinex_con,0.923333333,5.300664339,0.637018744,5058.150069,5.370626211,1,500,laplace,"(200, 1000)",999,1
split,sinex_con,0.93,8.634943444,0.468077351,2288.5427,4.734888792,1.5,500,laplace,"(200, 1000)",999,1
split,sinex_con,0.893333333,9.95259986,0.596169595,2325.20972,3.449573517,2,500,laplace,"(200, 1000)",999,1
split,linear,0.873333333,1.849273809,0.840306317,15144.17172,2.22121191,0.5,500,laplace,"(200, 1000)",999,1
split,linear,0.886666667,3.641421764,0.773094719,11595.04443,1.595402479,1,500,laplace,"(200, 1000)",999,1
split,linear,0.9,7.868688477,0.658056335,5949.997309,1.531813383,1.5,500,laplace,"(200, 1000)",999,1
split,linear,0.983333333,15.69056535,0.330138597,1083.299863,1.226381779,2,500,laplace,"(200, 1000)",999,1
split,cube,0.94,2.759628159,0.735497663,1814.57027,2.238876343,0.5,500,laplace,"(200, 1000)",999,1
split,cube,0.933333333,5.32778047,0.639503772,1190.208508,2.393249273,1,500,laplace,"(200, 1000)",999,1
split,cube,0.9,6.952208543,0.579889983,1495.691705,3.419983864,1.5,500,laplace,"(200, 1000)",999,1
split,cube,0.95,13.11552117,0.545002427,837.1485967,1.277494669,2,500,laplace,"(200, 1000)",999,1
split,nmm,0.776666667,2.489317392,0.833517208,17910.96768,13.03038883,0.5,500,laplace,"(200, 1000)",999,1
split,nmm,0.923333333,7.308250636,0.611368415,9284.987733,8.504967451,1,500,laplace,"(200, 1000)",999,1
split,nmm,0.853333333,8.749284892,0.627252288,8285.322139,9.069763899,1.5,500,laplace,"(200, 1000)",999,1
split,nmm,0.94,13.16529313,0.56131856,3603.229354,6.355121851,2,500,laplace,"(200, 1000)",999,1
split,sinex_het,0.906666667,6.315014977,0.533929943,3528.620147,15.55461788,0.5,500,laplace,"(200, 1000, 1000, 1000)",999,1
split,sinex_het,0.876666667,5.683915248,0.683505285,5946.807958,24.47389698,1,500,laplace,"(200, 1000, 1000, 1000)",999,1
split,sinex_het,0.933333333,9.676714836,0.581118288,2404.924803,15.60979152,1.5,500,laplace,"(200, 1000, 1000, 1000)",999,1
split,sinex_het,0.88,10.46806291,0.552054731,2262.200971,13.13387132,2,500,laplace,"(200, 1000, 1000, 1000)",999,1
split,sinex_con,0.946666667,2.984929683,0.677621562,7580.999721,25.42966413,0.5,500,laplace,"(200, 1000, 1000, 1000)",999,1
split,sinex_con,0.883333333,4.261840755,0.651582476,6616.750814,24.86257648,1,500,laplace,"(200, 1000, 1000, 1000)",999,1
split,sinex_con,0.873333333,7.430304029,0.62339159,3068.112175,28.29139185,1.5,500,laplace,"(200, 1000, 1000, 1000)",999,1
split,sinex_con,0.916666667,9.891007316,0.577496154,2992.248749,19.43216181,2,500,laplace,"(200, 1000, 1000, 1000)",999,1
split,linear,0.95,2.769860028,0.769609697,13059.64311,23.83508372,0.5,500,laplace,"(200, 1000, 1000, 1000)",999,1
split,linear,0.913333333,4.905327583,0.682148472,9775.20072,17.27966595,1,500,laplace,"(200, 1000, 1000, 1000)",999,1
split,linear,0.86,5.83509455,0.721078794,9268.159435,12.18691182,1.5,500,laplace,"(200, 1000, 1000, 1000)",999,1
split,linear,0.87,6.997308528,0.716952509,8289.86539,13.01124835,2,500,laplace,"(200, 1000, 1000, 1000)",999,1
split,cube,0.896666667,2.298230893,0.734414556,2235.618866,18.0423646,0.5,500,laplace,"(200, 1000, 1000, 1000)",999,1
split,cube,0.903333333,5.56904794,0.591441627,1783.399181,18.05457711,1,500,laplace,"(200, 1000, 1000, 1000)",999,1
split,cube,0.946666667,7.803920168,0.511472821,874.0438077,21.58287668,1.5,500,laplace,"(200, 1000, 1000, 1000)",999,1
split,cube,0.88,7.59220868,0.722712027,1843.007999,19.98585105,2,500,laplace,"(200, 1000, 1000, 1000)",999,1
split,nmm,0.953333333,3.633260921,0.755707672,16708.1639,25.30497694,0.5,500,laplace,"(200, 1000, 1000, 1000)",999,1
split,nmm,0.943333333,5.661323454,0.711765434,13503.59217,22.35643554,1,500,laplace,"(200, 1000, 1000, 1000)",999,1
split,nmm,0.96,9.181996048,0.535558441,8363.137777,26.16841531,1.5,500,laplace,"(200, 1000, 1000, 1000)",999,1
split,nmm,0.966666667,13.61787544,0.451940063,5525.166612,19.19044662,2,500,laplace,"(200, 1000, 1000, 1000)",999,1
split,sinex_het,0.903333333,6.366160202,0.562571861,3529.452779,9.437144756,0.5,500,laplace,"(400, 2000)",999,1
split,sinex_het,0.883333333,6.803797688,0.629419837,4389.813551,9.90790987,1,500,laplace,"(400, 2000)",999,1
split,sinex_het,0.91,9.374825631,0.656295662,3027.925787,7.804718733,1.5,500,laplace,"(400, 2000)",999,1
split,sinex_het,0.9,11.48026518,0.630383099,2811.522812,9.441836119,2,500,laplace,"(400, 2000)",999,1
split,sinex_con,0.92,3.21717168,0.695131777,7656.671108,9.270327568,0.5,500,laplace,"(400, 2000)",999,1
split,sinex_con,0.79,3.767302468,0.794044286,8064.938114,12.03105831,1,500,laplace,"(400, 2000)",999,1
split,sinex_con,0.946666667,7.910701358,0.519564812,2827.802452,10.03063965,1.5,500,laplace,"(400, 2000)",999,1
split,sinex_con,0.893333333,8.742666428,0.556191303,3396.745477,9.610470295,2,500,laplace,"(400, 2000)",999,1
split,linear,0.966666667,3.47545917,0.735512613,11095.22607,4.424100637,0.5,500,laplace,"(400, 2000)",999,1
split,linear,0.91,5.132789224,0.698849885,9040.425981,7.272032022,1,500,laplace,"(400, 2000)",999,1
split,linear,0.856666667,6.092236909,0.715347194,9272.390671,6.024908543,1.5,500,laplace,"(400, 2000)",999,1
split,linear,0.87,8.015109059,0.702517504,7118.78133,4.203404665,2,500,laplace,"(400, 2000)",999,1
split,cube,0.933333333,2.929950556,0.699410856,2115.520412,5.649628639,0.5,500,laplace,"(400, 2000)",999,1
split,cube,0.89,4.546899366,0.757491881,1996.001075,7.367577791,1,500,laplace,"(400, 2000)",999,1
split,cube,0.98,10.37279314,0.330330532,559.4144496,7.409189463,1.5,500,laplace,"(400, 2000)",999,1
split,cube,0.866666667,9.793925283,0.559847901,1656.016163,4.012507439,2,500,laplace,"(400, 2000)",999,1
split,nmm,0.823333333,2.44534179,0.847421179,18576.28069,26.29528356,0.5,500,laplace,"(400, 2000)",999,1
split,nmm,0.896666667,5.163374781,0.72819068,13428.60103,18.34495187,1,500,laplace,"(400, 2000)",999,1
split,nmm,0.973333333,13.55372,0.453022857,4194.450974,17.12507057,1.5,500,laplace,"(400, 2000)",999,1
split,nmm,0.893333333,11.1591501,0.656295354,7373.678547,14.15269327,2,500,laplace,"(400, 2000)",999,1
split,sinex_het,0.893333333,5.604082963,0.589259723,4407.919008,53.82444978,0.5,500,laplace,"(400, 2000, 2000, 2000)",999,1
split,sinex_het,0.943333333,8.750086044,0.480811084,1801.470042,83.66632676,1,500,laplace,"(400, 2000, 2000, 2000)",999,1
split,sinex_het,0.953333333,10.91082561,0.524463887,1964.325939,57.53811622,1.5,500,laplace,"(400, 2000, 2000, 2000)",999,1
split,sinex_het,0.956666667,12.05168784,0.408023613,1874.902975,85.68660188,2,500,laplace,"(400, 2000, 2000, 2000)",999,1
split,sinex_con,0.873333333,2.458858617,0.780158126,8678.984438,95.9050951,0.5,500,laplace,"(400, 2000, 2000, 2000)",999,1
split,sinex_con,0.89,4.322830785,0.711190655,6845.070028,60.99082756,1,500,laplace,"(400, 2000, 2000, 2000)",999,1
split,sinex_con,0.943333333,7.200557659,0.541020725,4194.025558,59.5109911,1.5,500,laplace,"(400, 2000, 2000, 2000)",999,1
split,sinex_con,0.89,8.747016776,0.66105807,3239.957223,77.80013132,2,500,laplace,"(400, 2000, 2000, 2000)",999,1
split,linear,0.846666667,1.835254132,0.841748815,15308.08154,56.54424143,0.5,500,laplace,"(400, 2000, 2000, 2000)",999,1
split,linear,0.923333333,5.945033229,0.680271964,7581.653845,45.06128383,1,500,laplace,"(400, 2000, 2000, 2000)",999,1
split,linear,0.86,6.603225524,0.721189609,8041.222908,70.56187439,1.5,500,laplace,"(400, 2000, 2000, 2000)",999,1
split,linear,0.92,10.67269122,0.433217508,3273.867308,48.71983266,2,500,laplace,"(400, 2000, 2000, 2000)",999,1
split,cube,0.92,2.792795762,0.796201829,1849.47395,52.79869461,0.5,500,laplace,"(400, 2000, 2000, 2000)",999,1
split,cube,0.94,5.783838901,0.573685016,1167.378828,41.46192408,1,500,laplace,"(400, 2000, 2000, 2000)",999,1
split,cube,0.866666667,6.584046529,0.609436572,1751.06632,44.0365274,1.5,500,laplace,"(400, 2000, 2000, 2000)",999,1
split,cube,0.933333333,12.04530703,0.496053479,952.4400794,33.98000121,2,500,laplace,"(400, 2000, 2000, 2000)",999,1
split,nmm,0.903333333,2.781600652,0.82833907,17143.06878,93.30965257,0.5,500,laplace,"(400, 2000, 2000, 2000)",999,1
split,nmm,0.953333333,5.648770948,0.733334622,12385.49528,72.31774807,1,500,laplace,"(400, 2000, 2000, 2000)",999,1
split,nmm,0.956666667,9.50835257,0.619194969,9157.327714,69.37751675,1.5,500,laplace,"(400, 2000, 2000, 2000)",999,1
split,nmm,0.85,8.332852518,0.729020847,13024.23891,101.5394025,2,500,laplace,"(400, 2000, 2000, 2000)",999,1
split,sinex_het,0.906666667,5.811420308,0.649327231,5057.228635,5.684296846,0.5,1000,laplace,"(200, 1000)",999,1
split,sinex_het,0.916666667,7.347418161,0.560412854,3538.954708,5.484901905,1,1000,laplace,"(200, 1000)",999,1
split,sinex_het,0.896666667,8.760423586,0.62761052,3578.553833,5.458053827,1.5,1000,laplace,"(200, 1000)",999,1
split,sinex_het,0.906666667,11.32600089,0.492543709,3547.287276,10.27248025,2,1000,laplace,"(200, 1000)",999,1
split,sinex_con,0.933333333,2.736253114,0.715421377,8126.395531,6.909808636,0.5,1000,laplace,"(200, 1000)",999,1
split,sinex_con,0.933333333,5.521408141,0.644254962,5162.588977,8.277839661,1,1000,laplace,"(200, 1000)",999,1
split,sinex_con,0.92,8.123769038,0.526617234,3714.080959,5.27914691,1.5,1000,laplace,"(200, 1000)",999,1
split,sinex_con,0.94,10.62416581,0.517691651,2249.204066,6.298669815,2,1000,laplace,"(200, 1000)",999,1
split,linear,0.923333333,2.554509048,0.808717693,13624.09115,3.254116535,0.5,1000,laplace,"(200, 1000)",999,1
split,linear,0.943333333,5.651156676,0.588167719,8137.233788,2.351064205,1,1000,laplace,"(200, 1000)",999,1
split,linear,0.856666667,5.587884436,0.669481598,9420.706901,3.438535452,1.5,1000,laplace,"(200, 1000)",999,1
split,linear,0.883333333,8.056233463,0.720279367,6685.590481,2.114273787,2,1000,laplace,"(200, 1000)",999,1
split,cube,0.936666667,2.725196937,0.634893289,1398.628202,7.87500453,0.5,1000,laplace,"(200, 1000)",999,1
split,cube,0.866666667,4.381339118,0.661633991,1757.076455,4.226432085,1,1000,laplace,"(200, 1000)",999,1
split,cube,0.906666667,6.678374375,0.586884169,1206.748758,5.34671402,1.5,1000,laplace,"(200, 1000)",999,1
split,cube,0.853333333,8.29891863,0.6025038,2022.239773,6.278080463,2,1000,laplace,"(200, 1000)",999,1
split,nmm,0.926666667,2.930020086,0.804334346,17029.70407,14.39409566,0.5,1000,laplace,"(200, 1000)",999,1
split,nmm,0.936666667,5.687723853,0.696630766,13006.45202,13.99106884,1,1000,laplace,"(200, 1000)",999,1
split,nmm,0.906666667,6.626595765,0.716925442,11815.51018,14.66273713,1.5,1000,laplace,"(200, 1000)",999,1
split,nmm,0.87,9.286168756,0.665919148,8879.751958,9.307944059,2,1000,laplace,"(200, 1000)",999,1
split,sinex_het,0.926666667,5.702157074,0.580158719,3732.239815,35.63937187,0.5,1000,laplace,"(200, 1000, 1000, 1000)",999,1
split,sinex_het,0.926666667,7.515389725,0.570754185,3552.533886,35.19798994,1,1000,laplace,"(200, 1000, 1000, 1000)",999,1
split,sinex_het,0.876666667,8.410514778,0.684155198,4069.285584,43.43464732,1.5,1000,laplace,"(200, 1000, 1000, 1000)",999,1
split,sinex_het,0.88,10.77469209,0.592070312,2964.676324,32.13509321,2,1000,laplace,"(200, 1000, 1000, 1000)",999,1
split,sinex_con,0.883333333,2.294016942,0.764853032,9384.32425,28.81026673,0.5,1000,laplace,"(200, 1000, 1000, 1000)",999,1
split,sinex_con,0.906666667,5.317998756,0.713317502,5518.545303,35.57923126,1,1000,laplace,"(200, 1000, 1000, 1000)",999,1
split,sinex_con,0.816666667,5.821565898,0.642564438,4975.386488,24.38161778,1.5,1000,laplace,"(200, 1000, 1000, 1000)",999,1
split,sinex_con,0.86,8.870241107,0.595910625,4170.535366,42.9336288,2,1000,laplace,"(200, 1000, 1000, 1000)",999,1
split,linear,0.953333333,3.325740374,0.754216912,11861.85624,23.19027901,0.5,1000,laplace,"(200, 1000, 1000, 1000)",999,1
split,linear,0.923333333,4.712637217,0.743273325,9971.713639,28.54489684,1,1000,laplace,"(200, 1000, 1000, 1000)",999,1
split,linear,0.963333333,8.435691261,0.485993259,4649.490473,23.71253419,1.5,1000,laplace,"(200, 1000, 1000, 1000)",999,1
split,linear,0.963333333,11.58589825,0.589699848,3793.734678,42.05677938,2,1000,laplace,"(200, 1000, 1000, 1000)",999,1
split,cube,0.923333333,2.731103472,0.687575925,1846.907728,32.90487838,0.5,1000,laplace,"(200, 1000, 1000, 1000)",999,1
split,cube,0.91,4.504336978,0.667964031,2030.753601,24.72401166,1,1000,laplace,"(200, 1000, 1000, 1000)",999,1
split,cube,0.936666667,8.724286128,0.491571444,893.0171111,21.71391678,1.5,1000,laplace,"(200, 1000, 1000, 1000)",999,1
split,cube,0.87,8.579428555,0.711242124,3173.382904,17.7550137,2,1000,laplace,"(200, 1000, 1000, 1000)",999,1
split,nmm,0.87,2.586789362,0.818057525,17902.09975,32.14620471,0.5,1000,laplace,"(200, 1000, 1000, 1000)",999,1
split,nmm,0.916666667,4.965108491,0.748938525,14323.46529,30.07185221,1,1000,laplace,"(200, 1000, 1000, 1000)",999,1
split,nmm,0.936666667,9.307604319,0.619593693,9584.040117,28.27391791,1.5,1000,laplace,"(200, 1000, 1000, 1000)",999,1
split,nmm,0.863333333,8.765130391,0.672660038,12685.38491,25.74648213,2,1000,laplace,"(200, 1000, 1000, 1000)",999,1
split,sinex_het,0.883333333,4.896140362,0.671035166,5572.608374,15.39376402,0.5,1000,laplace,"(400, 2000)",999,1
split,sinex_het,0.873333333,5.932488116,0.631948565,5438.496362,24.36182737,1,1000,laplace,"(400, 2000)",999,1
split,sinex_het,0.84,7.922101599,0.685770848,4610.349404,22.28966951,1.5,1000,laplace,"(400, 2000)",999,1
split,sinex_het,0.9,10.22548753,0.674915117,3212.887529,16.38606405,2,1000,laplace,"(400, 2000)",999,1
split,sinex_con,0.87,2.252561674,0.757030603,9093.500933,22.71056199,0.5,1000,laplace,"(400, 2000)",999,1
split,sinex_con,0.886666667,4.438813506,0.717021652,6391.893793,19.83016777,1,1000,laplace,"(400, 2000)",999,1
split,sinex_con,0.94,8.039125798,0.513524016,3410.251721,20.55694342,1.5,1000,laplace,"(400, 2000)",999,1
split,sinex_con,0.9,9.265772967,0.648297727,2764.219602,11.50029159,2,1000,laplace,"(400, 2000)",999,1
split,linear,0.83,1.868293416,0.854151331,15163.53935,14.14109659,0.5,1000,laplace,"(400, 2000)",999,1
split,linear,0.853333333,4.124053974,0.795573924,11489.25513,10.37979507,1,1000,laplace,"(400, 2000)",999,1
split,linear,0.916666667,6.515447272,0.729742904,8050.644639,11.20776153,1.5,1000,laplace,"(400, 2000)",999,1
split,linear,0.836666667,8.365955244,0.676465535,7093.570711,6.211613178,2,1000,laplace,"(400, 2000)",999,1
split,cube,0.856666667,2.055801814,0.829228881,2912.859798,9.273268461,0.5,1000,laplace,"(400, 2000)",999,1
split,cube,0.88,4.770286744,0.544641176,1765.02867,11.41512537,1,1000,laplace,"(400, 2000)",999,1
split,cube,0.896666667,6.866187892,0.577939529,1369.862364,10.46052289,1.5,1000,laplace,"(400, 2000)",999,1
split,cube,0.926666667,10.09999106,0.574169397,1168.745663,10.15650702,2,1000,laplace,"(400, 2000)",999,1
split,nmm,0.936666667,3.285650027,0.798676298,16233.66185,29.29371762,0.5,1000,laplace,"(400, 2000)",999,1
split,nmm,0.9,4.60091094,0.798237116,15390.52069,33.60215569,1,1000,laplace,"(400, 2000)",999,1
split,nmm,0.956666667,8.600665005,0.576359864,9381.103537,34.895226,1.5,1000,laplace,"(400, 2000)",999,1
split,nmm,0.96,12.27669665,0.590372313,6149.111367,26.24618936,2,1000,laplace,"(400, 2000)",999,1
split,sinex_het,0.966666667,7.443169614,0.450414494,3306.564022,79.82807779,0.5,1000,laplace,"(400, 2000, 2000, 2000)",999,1
split,sinex_het,0.906666667,7.37145502,0.662163581,3864.169913,84.77917981,1,1000,laplace,"(400, 2000, 2000, 2000)",999,1
split,sinex_het,0.923333333,9.911895416,0.547021498,2138.002172,97.83309531,1.5,1000,laplace,"(400, 2000, 2000, 2000)",999,1
split,sinex_het,0.96,12.99000093,0.423412939,1488.360017,102.5794086,2,1000,laplace,"(400, 2000, 2000, 2000)",999,1
split,sinex_con,0.936666667,3.157612084,0.710602626,8419.073018,118.6142309,0.5,1000,laplace,"(400, 2000, 2000, 2000)",999,1
split,sinex_con,0.92,5.251307684,0.64664463,5653.835332,140.1072853,1,1000,laplace,"(400, 2000, 2000, 2000)",999,1
split,sinex_con,0.906666667,7.15648914,0.724512583,4638.413546,88.12450242,1.5,1000,laplace,"(400, 2000, 2000, 2000)",999,1
split,sinex_con,0.913333333,9.175799702,0.621338298,4052.036915,108.6639886,2,1000,laplace,"(400, 2000, 2000, 2000)",999,1
split,linear,0.906666667,2.436980252,0.824845171,13743.91466,85.5656662,0.5,1000,laplace,"(400, 2000, 2000, 2000)",999,1
split,linear,0.856666667,4.312188225,0.785477934,11256.68446,114.4987907,1,1000,laplace,"(400, 2000, 2000, 2000)",999,1
split,linear,0.906666667,6.547959877,0.654076737,7526.408455,141.1062858,1.5,1000,laplace,"(400, 2000, 2000, 2000)",999,1
split,linear,0.906666667,9.763174806,0.611017519,4381.256547,116.8151431,2,1000,laplace,"(400, 2000, 2000, 2000)",999,1
split,cube,0.91,2.618750328,0.680170647,1667.623878,121.6912599,0.5,1000,laplace,"(400, 2000, 2000, 2000)",999,1
split,cube,0.896666667,4.592583809,0.635724191,1679.908776,146.1135557,1,1000,laplace,"(400, 2000, 2000, 2000)",999,1
split,cube,0.88,6.689085915,0.615083472,1272.530103,89.61544108,1.5,1000,laplace,"(400, 2000, 2000, 2000)",999,1
split,cube,0.813333333,8.112390261,0.704254253,2988.373664,117.2492092,2,1000,laplace,"(400, 2000, 2000, 2000)",999,1
split,nmm,0.93,2.864017947,0.803519311,17871.91901,233.6450779,0.5,1000,laplace,"(400, 2000, 2000, 2000)",999,1
split,nmm,0.936666667,5.000176176,0.735402712,14836.91271,111.6738851,1,1000,laplace,"(400, 2000, 2000, 2000)",999,1
split,nmm,0.806666667,5.555384155,0.790326971,14599.3194,108.8829236,1.5,1000,laplace,"(400, 2000, 2000, 2000)",999,1
split,nmm,0.916666667,9.846903339,0.709923298,9796.880559,102.7115319,2,1000,laplace,"(400, 2000, 2000, 2000)",999,1
split_resid_norm,sinex_het,0.893333333,8.048468211,0.497412676,4534.013128,2.714202642,0.5,300,laplace,"(200, 1000)",[[0.51666667 0.96666667 1.         1.         0.98333333]],1
split_resid_norm,sinex_het,0.926666667,8.136516719,0.575676737,3731.712793,3.746819973,1,300,laplace,"(200, 1000)",[[0.75       0.93333333 0.98333333 0.96666667 1.        ]],1
split_resid_norm,sinex_het,0.933333333,11.41951082,0.513824364,2501.461198,2.934827566,1.5,300,laplace,"(200, 1000)",[[0.83333333 0.9        0.98333333 0.96666667 0.98333333]],1
split_resid_norm,sinex_het,0.986666667,41.13335206,-0.585043861,520.3388136,3.04660058,2,300,laplace,"(200, 1000)",[[0.93333333 1.         1.         1.         1.        ]],1
jackknife_plus_ab,sinex_het,0.883333333,5.487380669,0.657339851,5626.328607,82.99338794,0.5,300,laplace,"(200, 1000)",[[0.86666667 0.85       0.88333333 0.93333333 0.88333333]],1
jackknife_plus_ab,sinex_het,0.933333333,7.100544577,0.62970284,4230.712888,86.96954966,1,300,laplace,"(200, 1000)",[[0.95       0.96666667 0.93333333 0.91666667 0.9       ]],1
jackknife_plus_ab,sinex_het,0.893333333,7.868475461,0.665006937,3521.898395,62.57418561,1.5,300,laplace,"(200, 1000)",[[0.86666667 0.85       0.91666667 0.93333333 0.9       ]],1
jackknife_plus_ab,sinex_het,0.906666667,11.40448284,0.560535289,2641.10744,73.35493135,2,300,laplace,"(200, 1000)",[[0.95       0.9        0.83333333 0.95       0.9       ]],1
cqr,sinex_het,0.91,5.361770334,0.665183716,5585.277897,0.555589914,0.5,300,laplace,"(200, 1000)",[[0.91666667 0.93333333 0.86666667 0.88333333 0.95      ]],1
cqr,sinex_het,0.923333333,7.912810933,0.58734318,3708.213856,0.061753988,1,300,laplace,"(200, 1000)",[[0.86666667 0.88333333 0.93333333 0.98333333 0.95      ]],1
cqr,sinex_het,0.913333333,8.678927651,0.630502605,3162.028347,0.058972359,1.5,300,laplace,"(200, 1000)",[[0.86666667 0.88333333 0.96666667 0.9        0.95      ]],1
cqr,sinex_het,0.91,11.96440922,0.538958844,3063.384694,0.060964108,2,300,laplace,"(200, 1000)",[[0.93333333 0.86666667 0.86666667 0.88333333 1.        ]],1
split_resid_norm,sinex_con,0.846666667,4.146113075,0.582565416,7232.134805,3.668741465,0.5,300,laplace,"(200, 1000)",[[0.5        0.75       0.98333333 1.         1.        ]],1
split_resid_norm,sinex_con,0.936666667,5.869299324,0.668393222,4505.750696,4.196940422,1,300,laplace,"(200, 1000)",[[0.93333333 0.91666667 0.93333333 0.95       0.95      ]],1
split_resid_norm,sinex_con,0.96,14.45465961,0.169156523,1963.077383,3.755194664,1.5,300,laplace,"(200, 1000)",[[0.9        0.93333333 0.96666667 1.         1.        ]],1
split_resid_norm,sinex_con,0.95,14.13116825,0.441124609,744.7930539,1.182821751,2,300,laplace,"(200, 1000)",[[0.91666667 0.96666667 0.96666667 0.91666667 0.98333333]],1
jackknife_plus_ab,sinex_con,0.883333333,2.341109962,0.764295559,9314.902506,94.41030788,0.5,300,laplace,"(200, 1000)",[[0.83333333 0.91666667 0.88333333 0.88333333 0.9       ]],1
jackknife_plus_ab,sinex_con,0.9,4.915408284,0.722287415,5811.729805,82.98584127,1,300,laplace,"(200, 1000)",[[0.88333333 0.88333333 0.95       0.86666667 0.91666667]],1
jackknife_plus_ab,sinex_con,0.896666667,7.149700337,0.589040642,3757.71128,73.31819725,1.5,300,laplace,"(200, 1000)",[[0.85       0.91666667 0.86666667 0.9        0.95      ]],1
jackknife_plus_ab,sinex_con,0.876666667,8.833842919,0.650629545,3729.837402,71.21271968,2,300,laplace,"(200, 1000)",[[0.8        0.91666667 0.86666667 0.88333333 0.91666667]],1
cqr,sinex_con,0.873333333,2.421006912,0.756251165,9272.983619,0.062967539,0.5,300,laplace,"(200, 1000)",[[0.85       0.85       0.85       0.95       0.86666667]],1
cqr,sinex_con,0.87,4.900279398,0.723141522,5997.609209,0.060999393,1,300,laplace,"(200, 1000)",[[0.7        0.93333333 0.88333333 0.88333333 0.95      ]],1
cqr,sinex_con,0.9,7.281030454,0.581491893,4422.688492,0.057964563,1.5,300,laplace,"(200, 1000)",[[0.81666667 0.85       0.91666667 0.93333333 0.98333333]],1
cqr,sinex_con,0.91,10.60032384,0.580767198,3396.99701,0.060958862,2,300,laplace,"(200, 1000)",[[0.81666667 0.9        0.91666667 0.91666667 1.        ]],1
split_resid_norm,linear,0.953333333,3.015152651,0.747845455,12262.78877,0.960193634,0.5,300,laplace,"(200, 1000)",[[0.9        0.93333333 0.96666667 1.         0.96666667]],1
split_resid_norm,linear,0.95,6.725520765,0.627666062,6735.496281,1.399002075,1,300,laplace,"(200, 1000)",[[0.91666667 0.88333333 0.98333333 0.96666667 1.        ]],1
split_resid_norm,linear,0.923333333,9.225835128,0.51613789,4392.887463,0.943511486,1.5,300,laplace,"(200, 1000)",[[0.83333333 0.88333333 0.95       0.96666667 0.98333333]],1
split_resid_norm,linear,0.93,11.75090314,0.573985799,4516.812531,2.164868116,2,300,laplace,"(200, 1000)",[[0.93333333 0.81666667 0.91666667 1.         0.98333333]],1
jackknife_plus_ab,linear,0.9,2.203760661,0.815703003,14225.41553,44.86220407,0.5,300,laplace,"(200, 1000)",[[0.85       0.9        0.9        0.91666667 0.93333333]],1
jackknife_plus_ab,linear,0.91,4.84282533,0.731895688,9343.742977,34.38544559,1,300,laplace,"(200, 1000)",[[0.9        0.96666667 0.86666667 0.9        0.91666667]],1
jackknife_plus_ab,linear,0.903333333,7.075359474,0.628922868,6422.824396,40.41644335,1.5,300,laplace,"(200, 1000)",[[0.83333333 0.93333333 0.88333333 0.93333333 0.93333333]],1
jackknife_plus_ab,linear,0.856666667,8.255329802,0.700712457,7193.637689,41.49444461,2,300,laplace,"(200, 1000)",[[0.9        0.88333333 0.8        0.81666667 0.88333333]],1
cqr,linear,0.896666667,2.492168014,0.791583947,13755.05883,0.054222822,0.5,300,laplace,"(200, 1000)",[[0.8        0.86666667 0.91666667 0.93333333 0.96666667]],1
cqr,linear,0.886666667,5.263848744,0.708587307,8891.623806,0.060669661,1,300,laplace,"(200, 1000)",[[0.78333333 0.88333333 0.86666667 0.91666667 0.98333333]],1
cqr,linear,0.906666667,7.780400044,0.591946009,5085.480677,0.059732437,1.5,300,laplace,"(200, 1000)",[[0.86666667 0.88333333 0.88333333 0.98333333 0.91666667]],1
cqr,linear,0.893333333,10.73192728,0.610927931,5497.454543,0.083803415,2,300,laplace,"(200, 1000)",[[0.9        0.81666667 0.9        0.88333333 0.96666667]],1
split_resid_norm,cube,0.793333333,1.94254886,0.812624621,2307.504824,1.997270107,0.5,300,laplace,"(200, 1000)",[[0.43333333 0.78333333 0.86666667 0.93333333 0.95      ]],1
split_resid_norm,cube,0.83,6.488326749,0.451728908,1977.235879,1.68662715,1,300,laplace,"(200, 1000)",[[0.43333333 0.76666667 0.95       1.         1.        ]],1
split_resid_norm,cube,0.946666667,11.19448641,0.250674971,456.7279782,1.433121204,1.5,300,laplace,"(200, 1000)",[[0.76666667 1.         0.98333333 0.98333333 1.        ]],1
split_resid_norm,cube,0.916666667,11.21476061,0.526059785,1036.444412,0.860376358,2,300,laplace,"(200, 1000)",[[0.81666667 0.85       0.98333333 0.95       0.98333333]],1
jackknife_plus_ab,cube,0.886666667,2.378035188,0.770629437,1904.815458,53.28188777,0.5,300,laplace,"(200, 1000)",[[0.88333333 0.86666667 0.91666667 0.83333333 0.93333333]],1
jackknife_plus_ab,cube,0.92,4.940678368,0.582508433,1226.226967,42.61408067,1,300,laplace,"(200, 1000)",[[0.88333333 0.91666667 0.91666667 0.93333333 0.95      ]],1
jackknife_plus_ab,cube,0.863333333,6.539349022,0.562275337,1490.48647,49.69001913,1.5,300,laplace,"(200, 1000)",[[0.85       0.88333333 0.85       0.81666667 0.91666667]],1
jackknife_plus_ab,cube,0.88,8.945536302,0.621957968,1529.470943,31.01625586,2,300,laplace,"(200, 1000)",[[0.85       0.9        0.85       0.88333333 0.91666667]],1
cqr,cube,0.873333333,2.587571305,0.750418495,1903.799975,0.06481266,0.5,300,laplace,"(200, 1000)",[[0.78333333 0.83333333 0.93333333 0.9        0.91666667]],1
cqr,cube,0.906666667,5.012212795,0.576463923,1251.037037,0.060788155,1,300,laplace,"(200, 1000)",[[0.78333333 0.86666667 0.95       0.95       0.98333333]],1
cqr,cube,0.873333333,7.215531211,0.51701417,1504.849232,0.064999104,1.5,300,laplace,"(200, 1000)",[[0.81666667 0.8        0.9        0.86666667 0.98333333]],1
cqr,cube,0.89,9.912889076,0.581077461,1534.139163,0.059187174,2,300,laplace,"(200, 1000)",[[0.8        0.91666667 0.91666667 0.9        0.91666667]],1
split_resid_norm,nmm,0.963333333,5.09896418,0.685335449,12954.38112,9.498302698,0.5,300,laplace,"(200, 1000)",[[0.93333333 0.91666667 0.96666667 1.         1.        ]],1
split_resid_norm,nmm,0.893333333,8.647044945,0.53182876,9459.54875,9.552070141,1,300,laplace,"(200, 1000)",[[0.68333333 0.83333333 0.95       1.         1.        ]],1
split_resid_norm,nmm,0.936666667,18.40859281,0.323427278,667.1570214,1.468813658,1.5,300,laplace,"(200, 1000)",[[0.98333333 0.73333333 0.98333333 0.98333333 1.        ]],1
split_resid_norm,nmm,0.933333333,12.13180312,0.498615938,6926.296807,4.836741686,2,300,laplace,"(200, 1000)",[[0.95       0.91666667 0.96666667 0.88333333 0.95      ]],1
jackknife_plus_ab,nmm,0.876666667,2.960478422,0.817305689,16753.65119,235.2334509,0.5,300,laplace,"(200, 1000)",[[0.88333333 0.88333333 0.81666667 0.96666667 0.83333333]],1
jackknife_plus_ab,nmm,0.883333333,5.138644986,0.721781554,13522.80042,197.5394561,1,300,laplace,"(200, 1000)",[[0.88333333 0.91666667 0.9        0.85       0.86666667]],1
jackknife_plus_ab,nmm,0.9,7.628985217,0.719611378,9666.582883,167.8912687,1.5,300,laplace,"(200, 1000)",[[0.88333333 0.91666667 0.86666667 0.91666667 0.91666667]],1
jackknife_plus_ab,nmm,0.893333333,10.46676632,0.567429156,7800.165749,126.6462376,2,300,laplace,"(200, 1000)",[[0.83333333 0.91666667 0.93333333 0.93333333 0.85      ]],1
cqr,nmm,0.893333333,2.882308037,0.822130065,16907.38465,0.057000875,0.5,300,laplace,"(200, 1000)",[[0.71666667 0.93333333 0.88333333 0.98333333 0.95      ]],1
cqr,nmm,0.923333333,5.735817291,0.689449075,13402.60112,0.058000088,1,300,laplace,"(200, 1000)",[[0.86666667 0.91666667 0.95       0.91666667 0.96666667]],1
cqr,nmm,0.933333333,8.097946062,0.702374847,10757.28388,0.061999083,1.5,300,laplace,"(200, 1000)",[[0.91666667 0.91666667 0.95       0.9        0.98333333]],1
cqr,nmm,0.903333333,10.13638505,0.581083181,10268.18467,0.055967093,2,300,laplace,"(200, 1000)",[[0.86666667 0.91666667 0.85       0.9        0.98333333]],1
split_resid_norm,sinex_het,0.976666667,13.8084233,0.155133542,1316.156246,10.70829725,0.5,300,laplace,"(200, 1000, 1000, 1000)",[[0.88333333 1.         1.         1.         1.        ]],1
split_resid_norm,sinex_het,0.973333333,13.94543425,0.289646867,1644.144728,8.598624468,1,300,laplace,"(200, 1000, 1000, 1000)",[[0.86666667 1.         1.         1.         1.        ]],1
split_resid_norm,sinex_het,0.93,18.99610779,-0.043435359,2729.189436,14.83167887,1.5,300,laplace,"(200, 1000, 1000, 1000)",[[0.73333333 0.91666667 1.         1.         1.        ]],1
split_resid_norm,sinex_het,0.953333333,20.250679,0.252113369,1153.389515,8.313122511,2,300,laplace,"(200, 1000, 1000, 1000)",[[0.81666667 0.98333333 0.96666667 1.         1.        ]],1
jackknife_plus_ab,sinex_het,0.833333333,4.719800118,0.711216837,6222.134122,328.6686444,0.5,300,laplace,"(200, 1000, 1000, 1000)",[[0.81666667 0.88333333 0.86666667 0.86666667 0.73333333]],1
jackknife_plus_ab,sinex_het,0.863333333,6.374249419,0.675308011,4766.454418,305.7556195,1,300,laplace,"(200, 1000, 1000, 1000)",[[0.75       0.88333333 0.91666667 0.86666667 0.9       ]],1
jackknife_plus_ab,sinex_het,0.94,9.351956907,0.48630647,2946.126146,319.5717449,1.5,300,laplace,"(200, 1000, 1000, 1000)",[[0.9        0.93333333 0.95       0.96666667 0.95      ]],1
jackknife_plus_ab,sinex_het,0.86,9.256547905,0.658141679,4686.88026,320.1870446,2,300,laplace,"(200, 1000, 1000, 1000)",[[0.8        0.9        0.85       0.88333333 0.86666667]],1
cqr,sinex_het,0.893333333,5.291326044,0.676251272,5257.995551,0.062000513,0.5,300,laplace,"(200, 1000, 1000, 1000)",[[0.9        0.96666667 0.78333333 0.9        0.91666667]],1
cqr,sinex_het,0.91,7.647643453,0.6104448,3739.025728,0.056809902,1,300,laplace,"(200, 1000, 1000, 1000)",[[0.83333333 0.88333333 0.96666667 0.86666667 1.        ]],1
cqr,sinex_het,0.896666667,9.348456011,0.486499543,3810.8637,0.06116128,1.5,300,laplace,"(200, 1000, 1000, 1000)",[[0.83333333 0.83333333 0.95       0.93333333 0.93333333]],1
cqr,sinex_het,0.883333333,10.55846283,0.610061023,3641.39513,0.061128855,2,300,laplace,"(200, 1000, 1000, 1000)",[[0.83333333 0.93333333 0.88333333 0.86666667 0.9       ]],1
split_resid_norm,sinex_con,0.9,2.670067492,0.755847987,8966.600538,18.43780112,0.5,300,laplace,"(200, 1000, 1000, 1000)",[[0.85       0.83333333 0.9        0.96666667 0.95      ]],1
split_resid_norm,sinex_con,0.863333333,8.101325801,0.466618233,4919.96192,8.44134903,1,300,laplace,"(200, 1000, 1000, 1000)",[[0.53333333 0.83333333 0.96666667 1.         0.98333333]],1
split_resid_norm,sinex_con,0.973333333,10.5047948,0.350784555,1372.189606,10.54221797,1.5,300,laplace,"(200, 1000, 1000, 1000)",[[0.96666667 0.98333333 0.95       1.         0.96666667]],1
split_resid_norm,sinex_con,0.873333333,12.58776986,0.504283449,2337.573266,7.442296267,2,300,laplace,"(200, 1000, 1000, 1000)",[[0.65       0.83333333 0.91666667 0.96666667 1.        ]],1
jackknife_plus_ab,sinex_con,0.933333333,2.878778873,0.736762518,8403.578065,407.2068505,0.5,300,laplace,"(200, 1000, 1000, 1000)",[[0.91666667 0.95       0.95       0.93333333 0.91666667]],1
jackknife_plus_ab,sinex_con,0.916666667,4.592685945,0.697623118,6053.642764,338.7762878,1,300,laplace,"(200, 1000, 1000, 1000)",[[0.9        0.93333333 0.86666667 0.96666667 0.91666667]],1
jackknife_plus_ab,sinex_con,0.896666667,6.723746069,0.584461452,4235.388332,316.9552014,1.5,300,laplace,"(200, 1000, 1000, 1000)",[[0.9        0.91666667 0.88333333 0.86666667 0.91666667]],1
jackknife_plus_ab,sinex_con,0.906666667,9.31730376,0.633077284,3347.500164,354.4482238,2,300,laplace,"(200, 1000, 1000, 1000)",[[0.83333333 0.91666667 0.9        0.96666667 0.91666667]],1
cqr,sinex_con,0.88,2.831383074,0.741096931,8824.227726,0.060003519,0.5,300,laplace,"(200, 1000, 1000, 1000)",[[0.78333333 0.83333333 0.88333333 0.96666667 0.93333333]],1
cqr,sinex_con,0.92,5.190016202,0.658295573,6054.392024,0.081800222,1,300,laplace,"(200, 1000, 1000, 1000)",[[0.88333333 0.88333333 0.95       0.95       0.93333333]],1
cqr,sinex_con,0.92,7.979433766,0.506857695,3747.993917,0.090297699,1.5,300,laplace,"(200, 1000, 1000, 1000)",[[0.95       0.83333333 0.9        0.93333333 0.98333333]],1
cqr,sinex_con,0.856666667,9.684317855,0.618622849,3803.054626,0.083000183,2,300,laplace,"(200, 1000, 1000, 1000)",[[0.75       0.83333333 0.85       0.91666667 0.93333333]],1
split_resid_norm,linear,0.83,8.552207846,0.304296498,9011.981829,14.07345271,0.5,300,laplace,"(200, 1000, 1000, 1000)",[[0.43333333 0.75       0.96666667 1.         1.        ]],1
split_resid_norm,linear,0.873333333,29.18869832,-0.495645891,6712.991345,9.617624998,1,300,laplace,"(200, 1000, 1000, 1000)",[[0.5        0.86666667 1.         1.         1.        ]],1
split_resid_norm,linear,0.953333333,11.80078395,0.4494329,2449.510357,8.466280937,1.5,300,laplace,"(200, 1000, 1000, 1000)",[[0.9        0.95       0.95       0.98333333 0.98333333]],1
split_resid_norm,linear,0.95,14.63130604,0.500946828,2533.269517,8.087265253,2,300,laplace,"(200, 1000, 1000, 1000)",[[0.96666667 0.95       0.95       0.95       0.93333333]],1
jackknife_plus_ab,linear,0.893333333,2.10729764,0.828576252,14523.5841,336.3134401,0.5,300,laplace,"(200, 1000, 1000, 1000)",[[0.83333333 0.91666667 0.86666667 0.91666667 0.93333333]],1
jackknife_plus_ab,linear,0.91,4.400596251,0.774510756,10451.0642,320.5941682,1,300,laplace,"(200, 1000, 1000, 1000)",[[0.9        0.93333333 0.95       0.93333333 0.83333333]],1
jackknife_plus_ab,linear,0.883333333,7.152829282,0.666284416,7405.181459,337.1741774,1.5,300,laplace,"(200, 1000, 1000, 1000)",[[0.86666667 0.91666667 0.9        0.81666667 0.91666667]],1
jackknife_plus_ab,linear,0.873333333,8.885849198,0.696916506,6886.600595,315.1428127,2,300,laplace,"(200, 1000, 1000, 1000)",[[0.9        0.91666667 0.91666667 0.76666667 0.86666667]],1
cqr,linear,0.91,2.542415365,0.793180405,13308.18891,0.059111118,0.5,300,laplace,"(200, 1000, 1000, 1000)",[[0.83333333 0.91666667 0.88333333 0.93333333 0.98333333]],1
cqr,linear,0.893333333,4.578010249,0.765420001,10333.15977,0.08062005,1,300,laplace,"(200, 1000, 1000, 1000)",[[0.81666667 0.9        0.88333333 0.91666667 0.95      ]],1
cqr,linear,0.86,7.709389099,0.640317266,6917.011559,0.057997704,1.5,300,laplace,"(200, 1000, 1000, 1000)",[[0.83333333 0.83333333 0.83333333 0.86666667 0.93333333]],1
cqr,linear,0.9,11.28346023,0.615138083,4905.663373,0.057970762,2,300,laplace,"(200, 1000, 1000, 1000)",[[0.81666667 0.88333333 0.9        0.98333333 0.91666667]],1
split_resid_norm,cube,0.913333333,2.801715691,0.794719986,1573.292084,11.39705586,0.5,300,laplace,"(200, 1000, 1000, 1000)",[[0.85       0.81666667 0.95       0.98333333 0.96666667]],1
split_resid_norm,cube,0.983333333,9.277463887,0.301676164,283.4972641,7.233514547,1,300,laplace,"(200, 1000, 1000, 1000)",[[0.93333333 0.98333333 1.         1.         1.        ]],1
split_resid_norm,cube,0.793333333,5.060102134,0.733816,2951.466184,9.67489624,1.5,300,laplace,"(200, 1000, 1000, 1000)",[[0.65       0.75       0.71666667 0.9        0.95      ]],1
split_resid_norm,cube,0.873333333,23.03024609,0.128093179,1389.868118,6.520007372,2,300,laplace,"(200, 1000, 1000, 1000)",[[0.6        0.8        0.96666667 1.         1.        ]],1
jackknife_plus_ab,cube,0.893333333,2.370535937,0.826312349,2100.024652,329.1320176,0.5,300,laplace,"(200, 1000, 1000, 1000)",[[0.86666667 0.9        0.88333333 0.88333333 0.93333333]],1
jackknife_plus_ab,cube,0.913333333,4.442497839,0.665609701,1476.982571,287.9294257,1,300,laplace,"(200, 1000, 1000, 1000)",[[0.93333333 0.9        0.93333333 0.96666667 0.83333333]],1
jackknife_plus_ab,cube,0.896666667,6.872797961,0.638471427,1343.397401,236.8053606,1.5,300,laplace,"(200, 1000, 1000, 1000)",[[0.88333333 0.93333333 0.9        0.88333333 0.88333333]],1
jackknife_plus_ab,cube,0.913333333,11.05940958,0.58129948,1863.08774,227.9993668,2,300,laplace,"(200, 1000, 1000, 1000)",[[0.93333333 0.91666667 0.9        0.9        0.91666667]],1
cqr,cube,0.92,3.202031536,0.765388942,1453.220774,0.06099844,0.5,300,laplace,"(200, 1000, 1000, 1000)",[[0.85       0.93333333 0.95       0.96666667 0.9       ]],1
cqr,cube,0.943333333,5.921508106,0.554282554,1051.781554,0.06096983,1,300,laplace,"(200, 1000, 1000, 1000)",[[0.93333333 0.91666667 0.93333333 0.95       0.98333333]],1
cqr,cube,0.89,7.540203003,0.603363985,1209.53615,0.061988831,1.5,300,laplace,"(200, 1000, 1000, 1000)",[[0.86666667 0.83333333 0.91666667 0.88333333 0.95      ]],1
cqr,cube,0.86,9.840059322,0.627462206,2953.015642,0.05995965,2,300,laplace,"(200, 1000, 1000, 1000)",[[0.78333333 0.9        0.85       0.85       0.91666667]],1
split_resid_norm,nmm,0.916666667,2.930249086,0.803475624,17288.40901,13.98841429,0.5,300,laplace,"(200, 1000, 1000, 1000)",[[0.8        0.9        0.96666667 0.93333333 0.98333333]],1
split_resid_norm,nmm,0.883333333,5.565689653,0.709480629,15466.46415,12.027179,1,300,laplace,"(200, 1000, 1000, 1000)",[[0.86666667 0.68333333 0.95       0.93333333 0.98333333]],1
split_resid_norm,nmm,0.966666667,10.76670696,0.563443599,7788.377162,12.1689415,1.5,300,laplace,"(200, 1000, 1000, 1000)",[[0.98333333 0.93333333 0.98333333 0.95       0.98333333]],1
split_resid_norm,nmm,0.836666667,7.252102989,0.716879158,11992.47271,13.77492833,2,300,laplace,"(200, 1000, 1000, 1000)",[[0.83333333 0.81666667 0.86666667 0.86666667 0.8       ]],1
jackknife_plus_ab,nmm,0.936666667,3.043996926,0.795846006,17359.19471,541.3696849,0.5,300,laplace,"(200, 1000, 1000, 1000)",[[0.9        0.93333333 0.95       0.91666667 0.98333333]],1
jackknife_plus_ab,nmm,0.91,4.261856938,0.777538514,15439.59529,437.9148743,1,300,laplace,"(200, 1000, 1000, 1000)",[[0.91666667 0.83333333 0.95       0.93333333 0.91666667]],1
jackknife_plus_ab,nmm,0.893333333,7.144148664,0.710328674,12600.22759,417.9646807,1.5,300,laplace,"(200, 1000, 1000, 1000)",[[0.91666667 0.93333333 0.88333333 0.9        0.83333333]],1
jackknife_plus_ab,nmm,0.913333333,9.547036597,0.627289022,8413.193682,351.2525561,2,300,laplace,"(200, 1000, 1000, 1000)",[[0.91666667 0.93333333 0.88333333 0.91666667 0.91666667]],1
cqr,nmm,0.94,3.024835742,0.797130891,17127.64969,0.059998035,0.5,300,laplace,"(200, 1000, 1000, 1000)",[[0.86666667 0.88333333 0.98333333 0.98333333 0.98333333]],1
cqr,nmm,0.933333333,5.410902061,0.717559668,13965.8136,0.056800604,1,300,laplace,"(200, 1000, 1000, 1000)",[[0.9        0.9        0.95       0.95       0.96666667]],1
cqr,nmm,0.873333333,7.469521732,0.697135422,12940.97097,0.058958769,1.5,300,laplace,"(200, 1000, 1000, 1000)",[[0.78333333 0.83333333 0.86666667 0.93333333 0.95      ]],1
cqr,nmm,0.89,9.674782849,0.62230193,9158.956456,0.058959723,2,300,laplace,"(200, 1000, 1000, 1000)",[[0.85       0.85       0.86666667 0.98333333 0.9       ]],1
split_resid_norm,sinex_het,0.913333333,7.781388376,0.436190254,3417.153142,7.920639277,0.5,300,laplace,"(400, 2000)",[[0.56666667 1.         1.         1.         1.        ]],1
split_resid_norm,sinex_het,0.906666667,6.601994781,0.609288076,4451.519941,10.17552686,1,300,laplace,"(400, 2000)",[[0.81666667 0.86666667 0.93333333 1.         0.91666667]],1
split_resid_norm,sinex_het,0.943333333,9.425717602,0.443362935,2925.71004,6.728019953,1.5,300,laplace,"(400, 2000)",[[0.86666667 0.98333333 0.95       0.96666667 0.95      ]],1
split_resid_norm,sinex_het,0.826666667,10.3261442,0.560033391,4168.338616,8.077187777,2,300,laplace,"(400, 2000)",[[0.58333333 0.76666667 0.85       0.93333333 1.        ]],1
jackknife_plus_ab,sinex_het,0.846666667,5.35965441,0.611658181,4623.523025,179.1597035,0.5,300,laplace,"(400, 2000)",[[0.95       0.78333333 0.88333333 0.95       0.66666667]],1
jackknife_plus_ab,sinex_het,0.906666667,6.511491769,0.614644125,4880.125462,210.4107223,1,300,laplace,"(400, 2000)",[[0.86666667 0.9        0.98333333 0.86666667 0.91666667]],1
jackknife_plus_ab,sinex_het,0.863333333,7.320690794,0.567675469,4262.093487,189.8486159,1.5,300,laplace,"(400, 2000)",[[0.86666667 0.86666667 0.88333333 0.86666667 0.83333333]],1
jackknife_plus_ab,sinex_het,0.91,11.0606975,0.52873941,2307.937195,172.1647003,2,300,laplace,"(400, 2000)",[[0.93333333 0.93333333 0.88333333 0.88333333 0.91666667]],1
cqr,sinex_het,0.88,5.057358117,0.633562902,5009.695882,0.081815481,0.5,300,laplace,"(400, 2000)",[[0.85       0.85       0.93333333 0.81666667 0.95      ]],1
cqr,sinex_het,0.906666667,6.978422085,0.587010776,4381.030161,0.083488941,1,300,laplace,"(400, 2000)",[[0.85       0.88333333 0.91666667 0.91666667 0.96666667]],1
cqr,sinex_het,0.873333333,8.261729097,0.512102804,3780.435484,0.083793879,1.5,300,laplace,"(400, 2000)",[[0.83333333 0.78333333 0.85       0.93333333 0.96666667]],1
cqr,sinex_het,0.9,11.55574464,0.507647106,3024.496868,0.091002464,2,300,laplace,"(400, 2000)",[[0.83333333 0.85       0.93333333 0.93333333 0.95      ]],1
split_resid_norm,sinex_con,0.973333333,4.517213528,0.619881352,5948.031941,8.388878107,0.5,300,laplace,"(400, 2000)",[[0.93333333 1.         0.96666667 0.96666667 1.        ]],1
split_resid_norm,sinex_con,0.963333333,7.150663704,0.45950585,3426.823269,11.19752431,1,300,laplace,"(400, 2000)",[[0.88333333 0.95       1.         0.98333333 1.        ]],1
split_resid_norm,sinex_con,0.883333333,6.931749176,0.645281811,4211.499203,3.198924303,1.5,300,laplace,"(400, 2000)",[[0.9        0.83333333 0.85       0.91666667 0.91666667]],1
split_resid_norm,sinex_con,0.916666667,11.42521225,0.557208217,3044.102296,9.270287275,2,300,laplace,"(400, 2000)",[[0.75       0.9        0.93333333 1.         1.        ]],1
jackknife_plus_ab,sinex_con,0.87,2.407772421,0.797389606,9072.714872,222.0209796,0.5,300,laplace,"(400, 2000)",[[0.8        0.9        0.91666667 0.85       0.88333333]],1
jackknife_plus_ab,sinex_con,0.91,4.89240066,0.630201408,5627.327895,229.1621757,1,300,laplace,"(400, 2000)",[[0.83333333 0.96666667 0.96666667 0.88333333 0.9       ]],1
jackknife_plus_ab,sinex_con,0.89,6.848628378,0.649535462,4400.213854,199.7034321,1.5,300,laplace,"(400, 2000)",[[0.95       0.86666667 0.88333333 0.9        0.85      ]],1
jackknife_plus_ab,sinex_con,0.883333333,8.484716304,0.671169043,3915.720515,195.4000804,2,300,laplace,"(400, 2000)",[[0.91666667 0.91666667 0.86666667 0.86666667 0.85      ]],1
cqr,sinex_con,0.866666667,2.533387846,0.786819139,9012.337239,0.058516741,0.5,300,laplace,"(400, 2000)",[[0.75       0.85       0.95       0.83333333 0.95      ]],1
cqr,sinex_con,0.863333333,4.732605873,0.642278906,6624.084656,0.061745882,1,300,laplace,"(400, 2000)",[[0.75       0.8        0.9        0.9        0.96666667]],1
cqr,sinex_con,0.89,7.437385952,0.619407007,4003.141547,0.063702345,1.5,300,laplace,"(400, 2000)",[[0.85       0.9        0.83333333 0.91666667 0.95      ]],1
cqr,sinex_con,0.91,10.75887047,0.583032829,2822.331794,0.055960178,2,300,laplace,"(400, 2000)",[[0.85       0.9        0.9        0.93333333 0.96666667]],1
split_resid_norm,linear,0.95,6.039011941,0.533602738,8165.368078,4.675537109,0.5,300,laplace,"(400, 2000)",[[0.83333333 0.91666667 1.         1.         1.        ]],1
split_resid_norm,linear,0.976666667,10.342795,0.341286079,3923.136971,4.80642581,1,300,laplace,"(400, 2000)",[[0.93333333 0.96666667 0.98333333 1.         1.        ]],1
split_resid_norm,linear,0.926666667,8.397277235,0.631564218,6047.945763,3.550252199,1.5,300,laplace,"(400, 2000)",[[0.85       0.88333333 0.98333333 0.95       0.96666667]],1
split_resid_norm,linear,0.95,13.69419078,0.333087273,1904.726244,4.843223095,2,300,laplace,"(400, 2000)",[[0.83333333 0.95       0.98333333 1.         0.98333333]],1
jackknife_plus_ab,linear,0.876666667,2.403468729,0.814378459,14294.1718,125.1750288,0.5,300,laplace,"(400, 2000)",[[0.9        0.88333333 0.8        0.88333333 0.91666667]],1
jackknife_plus_ab,linear,0.926666667,4.983358022,0.682619415,9017.54472,129.7206066,1,300,laplace,"(400, 2000)",[[0.86666667 1.         0.9        0.9        0.96666667]],1
jackknife_plus_ab,linear,0.893333333,6.849117682,0.69949102,7186.491077,132.5215695,1.5,300,laplace,"(400, 2000)",[[0.88333333 0.9        0.9        0.86666667 0.91666667]],1
jackknife_plus_ab,linear,0.893333333,9.034925157,0.559995951,4914.571267,105.1278877,2,300,laplace,"(400, 2000)",[[0.96666667 0.93333333 0.85       0.86666667 0.85      ]],1
cqr,linear,0.833333333,2.494615813,0.807335979,14300.46737,0.056813478,0.5,300,laplace,"(400, 2000)",[[0.75       0.8        0.86666667 0.85       0.9       ]],1
cqr,linear,0.933333333,5.830557209,0.628662781,7955.650406,0.062752247,1,300,laplace,"(400, 2000)",[[0.86666667 0.96666667 0.91666667 0.96666667 0.95      ]],1
cqr,linear,0.926666667,7.72018879,0.661271839,6631.58813,0.070256472,1.5,300,laplace,"(400, 2000)",[[0.85       0.95       0.93333333 0.91666667 0.98333333]],1
cqr,linear,0.896666667,10.47151126,0.490033724,3846.549309,0.073112726,2,300,laplace,"(400, 2000)",[[0.83333333 0.91666667 0.83333333 0.93333333 0.96666667]],1
split_resid_norm,cube,0.973333333,3.512027849,0.648678677,1327.752561,9.002794504,0.5,300,laplace,"(400, 2000)",[[0.96666667 0.95       0.98333333 0.98333333 0.98333333]],1
split_resid_norm,cube,0.963333333,21.15195762,-0.525337885,430.3772851,4.123348475,1,300,laplace,"(400, 2000)",[[0.85       0.96666667 1.         1.         1.        ]],1
split_resid_norm,cube,0.933333333,24.50922674,-0.133336068,934.7397546,2.584968328,1.5,300,laplace,"(400, 2000)",[[0.71666667 0.95       1.         1.         1.        ]],1
split_resid_norm,cube,0.826666667,7.327037866,0.630516236,2398.454452,2.490330219,2,300,laplace,"(400, 2000)",[[0.66666667 0.88333333 0.8        0.91666667 0.86666667]],1
jackknife_plus_ab,cube,0.9,2.277397491,0.772185646,2336.152248,159.2461934,0.5,300,laplace,"(400, 2000)",[[0.96666667 0.81666667 0.9        0.95       0.86666667]],1
jackknife_plus_ab,cube,0.923333333,5.680585237,0.590353253,842.56234,111.8845656,1,300,laplace,"(400, 2000)",[[0.96666667 0.83333333 0.9        0.93333333 0.98333333]],1
jackknife_plus_ab,cube,0.863333333,6.466200687,0.700994136,1742.837566,140.7487411,1.5,300,laplace,"(400, 2000)",[[0.86666667 0.73333333 0.91666667 0.93333333 0.86666667]],1
jackknife_plus_ab,cube,0.873333333,8.608682886,0.565889739,1767.072408,96.11056638,2,300,laplace,"(400, 2000)",[[0.93333333 0.88333333 0.91666667 0.83333333 0.8       ]],1
cqr,cube,0.923333333,2.664959169,0.733416383,1931.583473,0.062257767,0.5,300,laplace,"(400, 2000)",[[0.9        0.88333333 0.96666667 0.95       0.91666667]],1
cqr,cube,0.83,4.871250017,0.648714326,1341.381498,0.058968067,1,300,laplace,"(400, 2000)",[[0.7        0.76666667 0.88333333 0.81666667 0.98333333]],1
cqr,cube,0.916666667,8.335363547,0.614562562,1139.849134,0.059000254,1.5,300,laplace,"(400, 2000)",[[0.95       0.88333333 0.96666667 0.83333333 0.95      ]],1
cqr,cube,0.896666667,9.68273371,0.511728999,1589.296908,0.062835217,2,300,laplace,"(400, 2000)",[[0.88333333 0.91666667 0.83333333 0.91666667 0.93333333]],1
split_resid_norm,nmm,0.816666667,2.005652484,0.868832432,19047.98893,19.07190061,0.5,300,laplace,"(400, 2000)",[[0.88333333 0.91666667 0.73333333 0.73333333 0.81666667]],1
split_resid_norm,nmm,0.943333333,26.59125225,-0.31011199,5734.704297,15.66413069,1,300,laplace,"(400, 2000)",[[0.8        0.91666667 1.         1.         1.        ]],1
split_resid_norm,nmm,0.94,50.19357824,-0.859021774,5102.64442,14.52093363,1.5,300,laplace,"(400, 2000)",[[0.73333333 0.96666667 1.         1.         1.        ]],1
split_resid_norm,nmm,0.823333333,8.65604721,0.770587031,11388.60122,11.52951646,2,300,laplace,"(400, 2000)",[[0.63333333 0.86666667 0.78333333 0.9        0.93333333]],1
jackknife_plus_ab,nmm,0.893333333,2.453672396,0.839539744,18079.23634,532.8709488,0.5,300,laplace,"(400, 2000)",[[0.9        0.9        0.86666667 0.85       0.95      ]],1
jackknife_plus_ab,nmm,0.87,5.077929926,0.749817056,13620.14516,498.1733823,1,300,laplace,"(400, 2000)",[[0.86666667 0.83333333 0.91666667 0.85       0.88333333]],1
jackknife_plus_ab,nmm,0.9,7.443192772,0.724325937,10977.38456,463.4854481,1.5,300,laplace,"(400, 2000)",[[0.85       0.9        0.91666667 0.91666667 0.91666667]],1
jackknife_plus_ab,nmm,0.88,10.50283698,0.721646395,8236.849027,389.3079207,2,300,laplace,"(400, 2000)",[[0.9        0.83333333 0.91666667 0.85       0.9       ]],1
cqr,nmm,0.93,2.882397073,0.811502197,16913.15778,0.051998854,0.5,300,laplace,"(400, 2000)",[[0.86666667 0.95       0.91666667 0.93333333 0.98333333]],1
cqr,nmm,0.863333333,5.324794929,0.737654057,14109.89412,0.061967611,1,300,laplace,"(400, 2000)",[[0.81666667 0.73333333 0.86666667 0.93333333 0.96666667]],1
cqr,nmm,0.87,7.451180686,0.724029436,12323.92094,0.056989908,1.5,300,laplace,"(400, 2000)",[[0.75       0.86666667 0.9        0.86666667 0.96666667]],1
cqr,nmm,0.91,11.71984631,0.689392608,8980.38202,0.05699873,2,300,laplace,"(400, 2000)",[[0.85       0.88333333 0.95       0.93333333 0.93333333]],1
split_resid_norm,sinex_het,0.886666667,6.248169148,0.553708275,4989.438604,39.82709146,0.5,300,laplace,"(400, 2000, 2000, 2000)",[[0.65       0.96666667 1.         0.98333333 0.83333333]],1
split_resid_norm,sinex_het,0.97,30.2727247,-0.676971171,1347.16746,29.6069386,1,300,laplace,"(400, 2000, 2000, 2000)",[[0.85 1.   1.   1.   1.  ]],1
split_resid_norm,sinex_het,0.883333333,8.800669561,0.576457857,3353.921903,44.84765959,1.5,300,laplace,"(400, 2000, 2000, 2000)",[[0.76666667 0.9        0.91666667 0.93333333 0.9       ]],1
split_resid_norm,sinex_het,0.923333333,12.05108715,0.52775328,1928.132069,79.83866334,2,300,laplace,"(400, 2000, 2000, 2000)",[[0.88333333 0.93333333 0.93333333 0.93333333 0.93333333]],1
jackknife_plus_ab,sinex_het,0.883333333,5.638750808,0.597237487,4622.375774,1159.013046,0.5,300,laplace,"(400, 2000, 2000, 2000)",[[0.95       0.8        0.91666667 0.85       0.9       ]],1
jackknife_plus_ab,sinex_het,0.916666667,6.721711699,0.627646853,4355.762157,1112.11854,1,300,laplace,"(400, 2000, 2000, 2000)",[[0.86666667 0.96666667 0.98333333 0.9        0.86666667]],1
jackknife_plus_ab,sinex_het,0.906666667,9.090652708,0.562502232,2965.8092,1122.332013,1.5,300,laplace,"(400, 2000, 2000, 2000)",[[0.85       0.95       0.96666667 0.9        0.86666667]],1
jackknife_plus_ab,sinex_het,0.91,10.95239187,0.570808126,2515.544928,1172.658577,2,300,laplace,"(400, 2000, 2000, 2000)",[[0.91666667 0.98333333 0.85       0.9        0.9       ]],1
cqr,sinex_het,0.913333333,5.726604892,0.590962343,4600.96421,0.064002275,0.5,300,laplace,"(400, 2000, 2000, 2000)",[[0.93333333 0.86666667 0.93333333 0.93333333 0.9       ]],1
cqr,sinex_het,0.95,7.558215821,0.581306961,3685.86958,0.059969187,1,300,laplace,"(400, 2000, 2000, 2000)",[[0.93333333 0.91666667 0.95       0.96666667 0.98333333]],1
cqr,sinex_het,0.893333333,9.405652666,0.54734251,3693.686904,0.058195114,1.5,300,laplace,"(400, 2000, 2000, 2000)",[[0.8        0.91666667 0.86666667 0.95       0.93333333]],1
cqr,sinex_het,0.92,11.84670832,0.535762354,2686.265114,0.061998844,2,300,laplace,"(400, 2000, 2000, 2000)",[[0.88333333 0.88333333 0.93333333 0.93333333 0.96666667]],1
split_resid_norm,sinex_con,0.93,11.51441031,-0.236911585,4008.698457,63.16902494,0.5,300,laplace,"(400, 2000, 2000, 2000)",[[0.71666667 0.93333333 1.         1.         1.        ]],1
split_resid_norm,sinex_con,0.94,6.517129919,0.477587815,4571.007049,59.71994495,1,300,laplace,"(400, 2000, 2000, 2000)",[[0.93333333 1.         0.88333333 0.93333333 0.95      ]],1
split_resid_norm,sinex_con,0.953333333,9.631596508,0.574072518,2906.79364,29.58086324,1.5,300,laplace,"(400, 2000, 2000, 2000)",[[0.9        0.96666667 0.96666667 0.95       0.98333333]],1
split_resid_norm,sinex_con,0.946666667,12.10310717,0.420533654,2329.703307,45.95948005,2,300,laplace,"(400, 2000, 2000, 2000)",[[0.85       0.93333333 0.98333333 0.98333333 0.98333333]],1
jackknife_plus_ab,sinex_con,0.87,2.10486038,0.773889015,9299.010918,1327.628987,0.5,300,laplace,"(400, 2000, 2000, 2000)",[[0.81666667 0.83333333 0.91666667 0.9        0.88333333]],1
jackknife_plus_ab,sinex_con,0.88,4.66254332,0.626251503,6524.909291,1319.084785,1,300,laplace,"(400, 2000, 2000, 2000)",[[0.93333333 0.88333333 0.86666667 0.85       0.86666667]],1
jackknife_plus_ab,sinex_con,0.903333333,6.928788932,0.693596967,3918.537812,1246.943141,1.5,300,laplace,"(400, 2000, 2000, 2000)",[[0.91666667 0.86666667 0.96666667 0.88333333 0.88333333]],1
jackknife_plus_ab,sinex_con,0.916666667,9.591667335,0.540775656,3177.138879,1267.480199,2,300,laplace,"(400, 2000, 2000, 2000)",[[0.91666667 0.91666667 0.85       0.96666667 0.93333333]],1
cqr,sinex_con,0.886666667,2.33193081,0.749497005,8856.790484,0.060995579,0.5,300,laplace,"(400, 2000, 2000, 2000)",[[0.81666667 0.9        0.9        0.9        0.91666667]],1
cqr,sinex_con,0.91,5.755156747,0.538668094,5499.359679,0.065001726,1,300,laplace,"(400, 2000, 2000, 2000)",[[0.93333333 0.83333333 0.93333333 0.91666667 0.93333333]],1
cqr,sinex_con,0.93,8.30514037,0.632731765,2819.440764,0.064975262,1.5,300,laplace,"(400, 2000, 2000, 2000)",[[0.86666667 0.95       0.91666667 0.91666667 1.        ]],1
cqr,sinex_con,0.91,10.28248212,0.507701333,2851.560196,0.065999031,2,300,laplace,"(400, 2000, 2000, 2000)",[[0.85       0.9        0.95       0.86666667 0.98333333]],1
split_resid_norm,linear,0.92,3.531354429,0.687542797,11477.35138,40.81695557,0.5,300,laplace,"(400, 2000, 2000, 2000)",[[0.75       0.88333333 0.98333333 0.98333333 1.        ]],1
split_resid_norm,linear,0.906666667,5.411233505,0.662019579,8394.330728,36.65441132,1,300,laplace,"(400, 2000, 2000, 2000)",[[0.95       0.81666667 0.9        0.91666667 0.95      ]],1
split_resid_norm,linear,0.946666667,12.88030875,0.34117574,3314.4734,47.63541865,1.5,300,laplace,"(400, 2000, 2000, 2000)",[[0.86666667 0.93333333 0.95       0.98333333 1.        ]],1
split_resid_norm,linear,0.94,10.49234921,0.494574295,4670.578962,35.94588447,2,300,laplace,"(400, 2000, 2000, 2000)",[[0.91666667 0.91666667 0.96666667 0.91666667 0.98333333]],1
jackknife_plus_ab,linear,0.903333333,2.186325274,0.806552267,14227.56882,1650.365864,0.5,300,laplace,"(400, 2000, 2000, 2000)",[[0.85       0.95       0.91666667 0.88333333 0.91666667]],1
jackknife_plus_ab,linear,0.893333333,4.882555577,0.695040287,9498.240322,1302.808901,1,300,laplace,"(400, 2000, 2000, 2000)",[[0.88333333 0.88333333 0.88333333 0.88333333 0.93333333]],1
jackknife_plus_ab,linear,0.893333333,6.622849698,0.661243407,7684.653899,1419.920851,1.5,300,laplace,"(400, 2000, 2000, 2000)",[[0.9        0.86666667 0.9        0.91666667 0.88333333]],1
jackknife_plus_ab,linear,0.933333333,10.08137306,0.514371568,4853.361404,978.5107143,2,300,laplace,"(400, 2000, 2000, 2000)",[[0.95       0.93333333 0.9        0.9        0.98333333]],1
cqr,linear,0.903333333,2.473256502,0.781164373,13526.83708,0.063966513,0.5,300,laplace,"(400, 2000, 2000, 2000)",[[0.81666667 0.93333333 0.86666667 0.93333333 0.96666667]],1
cqr,linear,0.886666667,4.806379377,0.699798085,9748.727512,0.055999756,1,300,laplace,"(400, 2000, 2000, 2000)",[[0.81666667 0.9        0.88333333 0.95       0.88333333]],1
cqr,linear,0.913333333,7.780956832,0.602006534,6429.921448,0.067998886,1.5,300,laplace,"(400, 2000, 2000, 2000)",[[0.8        0.86666667 0.98333333 0.95       0.96666667]],1
cqr,linear,0.89,10.97701794,0.471228157,4584.617258,0.059998989,2,300,laplace,"(400, 2000, 2000, 2000)",[[0.76666667 0.91666667 0.86666667 0.96666667 0.93333333]],1
split_resid_norm,cube,0.933333333,3.347138037,0.517275054,1328.895159,39.49423647,0.5,300,laplace,"(400, 2000, 2000, 2000)",[[0.88333333 0.91666667 0.91666667 0.95       1.        ]],1
split_resid_norm,cube,0.93,5.692898822,0.434487967,839.9443638,35.30749226,1,300,laplace,"(400, 2000, 2000, 2000)",[[0.95       0.9        0.9        0.96666667 0.93333333]],1
split_resid_norm,cube,0.8,10.96365422,0.478383359,3379.184129,29.919842,1.5,300,laplace,"(400, 2000, 2000, 2000)",[[0.3  0.75 0.95 1.   1.  ]],1
split_resid_norm,cube,0.83,8.272047038,0.669911145,2867.903957,24.94986224,2,300,laplace,"(400, 2000, 2000, 2000)",[[0.68333333 0.75       0.81666667 0.96666667 0.93333333]],1
jackknife_plus_ab,cube,0.89,2.448359118,0.646897493,1712.326613,941.0077791,0.5,300,laplace,"(400, 2000, 2000, 2000)",[[0.83333333 0.93333333 0.93333333 0.86666667 0.88333333]],1
jackknife_plus_ab,cube,0.886666667,4.567537208,0.546277547,1233.615398,973.7614946,1,300,laplace,"(400, 2000, 2000, 2000)",[[0.86666667 0.91666667 0.9        0.88333333 0.86666667]],1
jackknife_plus_ab,cube,0.85,5.678846979,0.729818739,2536.687976,1119.837037,1.5,300,laplace,"(400, 2000, 2000, 2000)",[[0.86666667 0.8        0.85       0.83333333 0.9       ]],1
jackknife_plus_ab,cube,0.883333333,9.347684808,0.626992289,1965.36915,904.2445269,2,300,laplace,"(400, 2000, 2000, 2000)",[[0.88333333 0.85       0.88333333 0.9        0.9       ]],1
cqr,cube,0.88,2.724053774,0.607136621,1652.958431,0.066008568,0.5,300,laplace,"(400, 2000, 2000, 2000)",[[0.78333333 0.88333333 0.9        0.91666667 0.91666667]],1
cqr,cube,0.93,5.942756615,0.409668034,789.1835493,0.061968565,1,300,laplace,"(400, 2000, 2000, 2000)",[[0.9        0.91666667 0.91666667 0.91666667 1.        ]],1
cqr,cube,0.89,7.63308007,0.636845007,1539.611325,0.058709383,1.5,300,laplace,"(400, 2000, 2000, 2000)",[[0.8        0.93333333 0.86666667 0.9        0.95      ]],1
cqr,cube,0.906666667,11.26270847,0.550575842,1519.179136,0.059999466,2,300,laplace,"(400, 2000, 2000, 2000)",[[0.86666667 0.91666667 0.95       0.91666667 0.88333333]],1
split_resid_norm,nmm,0.993333333,5.03776094,0.676271852,14027.51128,51.12161541,0.5,300,laplace,"(400, 2000, 2000, 2000)",[[0.96666667 1.         1.         1.         1.        ]],1
split_resid_norm,nmm,0.99,10.55268446,0.537440264,7816.365917,39.11604381,1,300,laplace,"(400, 2000, 2000, 2000)",[[1.         0.98333333 0.98333333 1.         0.98333333]],1
split_resid_norm,nmm,0.79,5.448019904,0.769130199,14632.77478,88.79814959,1.5,300,laplace,"(400, 2000, 2000, 2000)",[[0.5        0.71666667 0.85       0.91666667 0.96666667]],1
split_resid_norm,nmm,0.91,10.56691903,0.592249233,8138.779457,57.54488754,2,300,laplace,"(400, 2000, 2000, 2000)",[[0.86666667 0.91666667 0.91666667 0.88333333 0.96666667]],1
jackknife_plus_ab,nmm,0.916666667,2.690320929,0.827122023,17670.47438,1802.81301,0.5,300,laplace,"(400, 2000, 2000, 2000)",[[0.91666667 0.93333333 0.93333333 0.81666667 0.98333333]],1
jackknife_plus_ab,nmm,0.91,5.030886492,0.779481282,14061.30691,1574.59893,1,300,laplace,"(400, 2000, 2000, 2000)",[[0.88333333 0.88333333 0.93333333 0.95       0.9       ]],1
jackknife_plus_ab,nmm,0.913333333,7.108497891,0.698776429,11955.66898,1411.339931,1.5,300,laplace,"(400, 2000, 2000, 2000)",[[0.95       0.95       0.9        0.9        0.86666667]],1
jackknife_plus_ab,nmm,0.91,9.836891507,0.620419148,8269.272846,1501.328678,2,300,laplace,"(400, 2000, 2000, 2000)",[[0.9  0.9  0.95 0.9  0.9 ]],1
cqr,nmm,0.913333333,2.842747081,0.817327332,17255.91214,0.061002016,0.5,300,laplace,"(400, 2000, 2000, 2000)",[[0.85       0.85       0.98333333 0.9        0.98333333]],1
cqr,nmm,0.92,5.579699645,0.755424953,13508.90942,0.056262732,1,300,laplace,"(400, 2000, 2000, 2000)",[[0.81666667 0.96666667 0.91666667 0.91666667 0.98333333]],1
cqr,nmm,0.92,7.907451412,0.664920536,11041.13585,0.057999611,1.5,300,laplace,"(400, 2000, 2000, 2000)",[[0.81666667 0.91666667 0.93333333 0.96666667 0.96666667]],1
cqr,nmm,0.87,10.09905977,0.61030225,9316.354562,0.056000471,2,300,laplace,"(400, 2000, 2000, 2000)",[[0.8        0.83333333 0.85       0.91666667 0.95      ]],1
split_resid_norm,sinex_het,0.953333333,8.466362611,0.377025827,1990.244851,3.403044701,0.5,500,laplace,"(200, 1000)",[[0.76666667 1.         1.         1.         1.        ]],1
split_resid_norm,sinex_het,0.923333333,7.353370692,0.501285286,2755.690489,5.023274899,1,500,laplace,"(200, 1000)",[[0.8        0.98333333 0.98333333 0.95       0.9       ]],1
split_resid_norm,sinex_het,0.973333333,19.76427687,-0.048913185,235.1462901,3.519276381,1.5,500,laplace,"(200, 1000)",[[0.88333333 0.98333333 1.         1.         1.        ]],1
split_resid_norm,sinex_het,0.943333333,14.45436715,0.44601155,1034.837787,1.909162998,2,500,laplace,"(200, 1000)",[[0.88333333 0.96666667 0.95       0.95       0.96666667]],1
jackknife_plus_ab,sinex_het,0.893333333,5.803259129,0.572983734,4485.218955,103.1606174,0.5,500,laplace,"(200, 1000)",[[0.83333333 0.93333333 0.78333333 0.91666667 1.        ]],1
jackknife_plus_ab,sinex_het,0.89,6.730209314,0.543549058,3608.554955,112.0606174,1,500,laplace,"(200, 1000)",[[0.93333333 0.78333333 0.88333333 0.9        0.95      ]],1
jackknife_plus_ab,sinex_het,0.873333333,8.07154841,0.571633014,3589.048641,106.585701,1.5,500,laplace,"(200, 1000)",[[0.95       0.86666667 0.93333333 0.88333333 0.73333333]],1
jackknife_plus_ab,sinex_het,0.913333333,10.81045922,0.585671103,3062.783497,102.5874236,2,500,laplace,"(200, 1000)",[[0.9        0.91666667 0.86666667 0.93333333 0.95      ]],1
cqr,sinex_het,0.89,5.20603167,0.616928974,4960.293366,0.087000847,0.5,500,laplace,"(200, 1000)",[[0.88333333 0.95       0.91666667 0.78333333 0.91666667]],1
cqr,sinex_het,0.923333333,6.920043621,0.530674033,3670.478772,0.084126711,1,500,laplace,"(200, 1000)",[[0.9        0.88333333 0.9        1.         0.93333333]],1
cqr,sinex_het,0.876666667,8.905290569,0.527385456,3291.416554,0.08397007,1.5,500,laplace,"(200, 1000)",[[0.81666667 0.81666667 0.88333333 0.91666667 0.95      ]],1
cqr,sinex_het,0.893333333,11.07228508,0.575636271,3734.631047,0.081610918,2,500,laplace,"(200, 1000)",[[0.81666667 0.9        0.91666667 0.86666667 0.96666667]],1
split_resid_norm,sinex_con,0.883333333,2.604595233,0.771540676,8608.911711,3.674142838,0.5,500,laplace,"(200, 1000)",[[0.83333333 0.85       0.88333333 0.93333333 0.91666667]],1
split_resid_norm,sinex_con,0.866666667,4.551869521,0.676883147,5935.633852,4.647684097,1,500,laplace,"(200, 1000)",[[0.85       0.81666667 0.83333333 0.91666667 0.91666667]],1
split_resid_norm,sinex_con,0.85,6.357794158,0.655685338,5099.202455,5.447741508,1.5,500,laplace,"(200, 1000)",[[0.61666667 0.83333333 0.86666667 0.95       0.98333333]],1
split_resid_norm,sinex_con,0.936666667,13.30673326,0.530679997,2338.234904,4.58938694,2,500,laplace,"(200, 1000)",[[0.88333333 0.93333333 0.91666667 0.95       1.        ]],1
jackknife_plus_ab,sinex_con,0.886666667,2.322389524,0.796294101,9105.915919,104.2415853,0.5,500,laplace,"(200, 1000)",[[0.86666667 0.86666667 0.86666667 0.86666667 0.96666667]],1
jackknife_plus_ab,sinex_con,0.896666667,4.620695257,0.671998272,6037.802925,105.4815311,1,500,laplace,"(200, 1000)",[[0.88333333 0.88333333 0.98333333 0.83333333 0.9       ]],1
jackknife_plus_ab,sinex_con,0.906666667,6.989821598,0.621458839,4215.554207,96.10308337,1.5,500,laplace,"(200, 1000)",[[0.93333333 0.86666667 0.93333333 0.91666667 0.88333333]],1
jackknife_plus_ab,sinex_con,0.863333333,8.773981838,0.690546793,4227.912613,101.0015492,2,500,laplace,"(200, 1000)",[[0.85       0.95       0.91666667 0.8        0.8       ]],1
cqr,sinex_con,0.866666667,2.464983698,0.783785886,8845.996543,0.111610413,0.5,500,laplace,"(200, 1000)",[[0.81666667 0.78333333 0.9        0.9        0.93333333]],1
cqr,sinex_con,0.89,4.917903878,0.650900753,6032.023073,0.118815899,1,500,laplace,"(200, 1000)",[[0.88333333 0.85       0.88333333 0.88333333 0.95      ]],1
cqr,sinex_con,0.92,8.818547858,0.522422066,3186.261402,0.135711193,1.5,500,laplace,"(200, 1000)",[[0.86666667 0.93333333 0.91666667 0.93333333 0.95      ]],1
cqr,sinex_con,0.88,10.60063591,0.626122644,3413.080968,0.121969223,2,500,laplace,"(200, 1000)",[[0.81666667 0.88333333 0.88333333 0.88333333 0.93333333]],1
split_resid_norm,linear,0.9,2.624193616,0.818309075,13705.77178,2.445415258,0.5,500,laplace,"(200, 1000)",[[0.8        0.86666667 0.91666667 0.98333333 0.93333333]],1
split_resid_norm,linear,0.906666667,5.057972454,0.744742458,8947.353101,1.355176449,1,500,laplace,"(200, 1000)",[[0.96666667 0.81666667 0.91666667 0.91666667 0.91666667]],1
split_resid_norm,linear,0.943333333,12.02315727,0.40489704,3390.565176,1.27699542,1.5,500,laplace,"(200, 1000)",[[0.81666667 0.93333333 0.98333333 0.98333333 1.        ]],1
split_resid_norm,linear,0.896666667,10.95542946,0.499389833,4302.448963,2.280459404,2,500,laplace,"(200, 1000)",[[0.73333333 0.85       0.95       0.96666667 0.98333333]],1
jackknife_plus_ab,linear,0.856666667,2.078527318,0.856087688,15003.86841,61.00793314,0.5,500,laplace,"(200, 1000)",[[0.9        0.83333333 0.78333333 0.86666667 0.9       ]],1
jackknife_plus_ab,linear,0.91,4.755123706,0.760026092,9865.688024,46.75827646,1,500,laplace,"(200, 1000)",[[0.91666667 0.95       0.95       0.86666667 0.86666667]],1
jackknife_plus_ab,linear,0.886666667,6.932163589,0.656883204,7288.143183,48.64409184,1.5,500,laplace,"(200, 1000)",[[0.85       0.93333333 0.9        0.91666667 0.83333333]],1
jackknife_plus_ab,linear,0.913333333,9.114549253,0.58350906,5224.407468,55.22775984,2,500,laplace,"(200, 1000)",[[0.95       0.91666667 0.93333333 0.88333333 0.88333333]],1
cqr,linear,0.883333333,2.503892008,0.826638151,14092.9098,0.076961279,0.5,500,laplace,"(200, 1000)",[[0.9        0.83333333 0.86666667 0.86666667 0.95      ]],1
cqr,linear,0.9,5.446457309,0.725137071,8677.195939,0.085287094,1,500,laplace,"(200, 1000)",[[0.8        0.88333333 0.91666667 0.93333333 0.96666667]],1
cqr,linear,0.893333333,7.493647245,0.62909191,6837.416032,0.079969168,1.5,500,laplace,"(200, 1000)",[[0.93333333 0.83333333 0.83333333 0.91666667 0.95      ]],1
cqr,linear,0.873333333,9.40565248,0.570206748,5478.758837,0.083958626,2,500,laplace,"(200, 1000)",[[0.88333333 0.9        0.83333333 0.8        0.95      ]],1
split_resid_norm,cube,0.93,3.475245674,0.731546178,1557.09686,1.734458923,0.5,500,laplace,"(200, 1000)",[[0.83333333 0.9        0.95       0.96666667 1.        ]],1
split_resid_norm,cube,0.816666667,4.075999576,0.617687942,1879.155761,2.176876783,1,500,laplace,"(200, 1000)",[[0.78333333 0.81666667 0.83333333 0.78333333 0.86666667]],1
split_resid_norm,cube,0.713333333,4.309603183,0.762914526,2626.406632,1.985184908,1.5,500,laplace,"(200, 1000)",[[0.68333333 0.75       0.68333333 0.73333333 0.71666667]],1
split_resid_norm,cube,0.916666667,10.295774,0.499136789,1379.943522,2.190360308,2,500,laplace,"(200, 1000)",[[0.83333333 0.9        0.9        0.96666667 0.98333333]],1
jackknife_plus_ab,cube,0.88,2.380475898,0.816114462,2502.284594,80.15849972,0.5,500,laplace,"(200, 1000)",[[0.9        0.93333333 0.91666667 0.78333333 0.86666667]],1
jackknife_plus_ab,cube,0.85,4.578181358,0.57058874,1615.779786,70.65152097,1,500,laplace,"(200, 1000)",[[0.83333333 0.81666667 0.86666667 0.9        0.83333333]],1
jackknife_plus_ab,cube,0.893333333,6.970883076,0.61655172,1182.702327,61.78533435,1.5,500,laplace,"(200, 1000)",[[0.83333333 0.85       0.91666667 0.93333333 0.93333333]],1
jackknife_plus_ab,cube,0.886666667,8.807547582,0.571535235,1742.148536,55.26089978,2,500,laplace,"(200, 1000)",[[0.86666667 0.91666667 0.88333333 0.85       0.91666667]],1
cqr,cube,0.863333333,2.738101186,0.788488159,2368.08031,0.083003283,0.5,500,laplace,"(200, 1000)",[[0.81666667 0.8        0.86666667 0.91666667 0.91666667]],1
cqr,cube,0.85,5.110445554,0.520665225,1669.349656,0.079761267,1,500,laplace,"(200, 1000)",[[0.76666667 0.86666667 0.81666667 0.88333333 0.91666667]],1
cqr,cube,0.89,7.419990906,0.591847557,1315.488389,0.083002329,1.5,500,laplace,"(200, 1000)",[[0.8        0.86666667 0.9        0.91666667 0.96666667]],1
cqr,cube,0.88,10.36510401,0.495764002,1522.478423,0.082971573,2,500,laplace,"(200, 1000)",[[0.83333333 0.86666667 0.86666667 0.91666667 0.91666667]],1
split_resid_norm,nmm,0.853333333,3.383159002,0.769992061,15978.69799,13.74143887,0.5,500,laplace,"(200, 1000)",[[0.65       0.78333333 0.93333333 0.9        1.        ]],1
split_resid_norm,nmm,0.876666667,8.156169285,0.524115569,8519.1007,6.828701735,1,500,laplace,"(200, 1000)",[[0.81666667 0.63333333 0.93333333 1.         1.        ]],1
split_resid_norm,nmm,0.9,8.245506807,0.677481302,9710.761392,11.93885827,1.5,500,laplace,"(200, 1000)",[[0.81666667 0.81666667 0.96666667 0.93333333 0.96666667]],1
split_resid_norm,nmm,0.93,19.94205893,0.125731305,3507.64138,6.185308933,2,500,laplace,"(200, 1000)",[[0.8        0.88333333 0.96666667 1.         1.        ]],1
jackknife_plus_ab,nmm,0.893333333,2.831367368,0.807507615,17227.00187,311.1110721,0.5,500,laplace,"(200, 1000)",[[0.86666667 0.86666667 0.91666667 0.95       0.86666667]],1
jackknife_plus_ab,nmm,0.913333333,4.992246164,0.708719652,13708.57213,300.9644496,1,500,laplace,"(200, 1000)",[[0.9        0.93333333 0.95       0.85       0.93333333]],1
jackknife_plus_ab,nmm,0.876666667,6.954286959,0.727986296,11955.10819,275.8555741,1.5,500,laplace,"(200, 1000)",[[0.85       0.85       0.86666667 0.95       0.86666667]],1
jackknife_plus_ab,nmm,0.923333333,10.2072007,0.552511558,7436.287623,250.1939428,2,500,laplace,"(200, 1000)",[[0.9        0.93333333 0.96666667 0.9        0.91666667]],1
cqr,nmm,0.89,2.70496676,0.816100996,17607.68818,0.075251341,0.5,500,laplace,"(200, 1000)",[[0.88333333 0.85       0.81666667 0.96666667 0.93333333]],1
cqr,nmm,0.9,4.864914998,0.716149109,14218.24051,0.078088999,1,500,laplace,"(200, 1000)",[[0.8        0.86666667 0.93333333 0.91666667 0.98333333]],1
cqr,nmm,0.886666667,7.426607512,0.709511994,12265.57439,0.077002764,1.5,500,laplace,"(200, 1000)",[[0.8        0.91666667 0.88333333 0.91666667 0.91666667]],1
cqr,nmm,0.936666667,11.23452245,0.507472942,6828.411302,0.080001831,2,500,laplace,"(200, 1000)",[[0.85       0.93333333 0.95       1.         0.95      ]],1
split_resid_norm,sinex_het,0.96,8.209726941,0.416161149,3126.374836,15.15128708,0.5,500,laplace,"(200, 1000, 1000, 1000)",[[0.86666667 0.95       1.         1.         0.98333333]],1
split_resid_norm,sinex_het,0.86,5.737368065,0.708093041,5647.788938,16.72023702,1,500,laplace,"(200, 1000, 1000, 1000)",[[0.7        0.88333333 0.93333333 0.98333333 0.8       ]],1
split_resid_norm,sinex_het,0.956666667,12.52213994,0.388182621,1430.455834,21.14887285,1.5,500,laplace,"(200, 1000, 1000, 1000)",[[0.96666667 0.93333333 0.98333333 0.98333333 0.91666667]],1
split_resid_norm,sinex_het,0.866666667,11.22148784,0.567736543,3600.600627,11.00909138,2,500,laplace,"(200, 1000, 1000, 1000)",[[0.7        0.86666667 0.86666667 0.96666667 0.93333333]],1
jackknife_plus_ab,sinex_het,0.883333333,5.054008165,0.640582418,5767.137687,464.2830634,0.5,500,laplace,"(200, 1000, 1000, 1000)",[[0.86666667 0.95       0.93333333 0.88333333 0.78333333]],1
jackknife_plus_ab,sinex_het,0.893333333,6.299525772,0.679492682,4935.718188,478.8932052,1,500,laplace,"(200, 1000, 1000, 1000)",[[0.88333333 0.88333333 0.91666667 0.83333333 0.95      ]],1
jackknife_plus_ab,sinex_het,0.863333333,7.469678517,0.635039975,4807.245952,464.7588472,1.5,500,laplace,"(200, 1000, 1000, 1000)",[[0.95       0.83333333 0.85       0.88333333 0.8       ]],1
jackknife_plus_ab,sinex_het,0.813333333,8.879960573,0.657930182,5318.69381,505.2176249,2,500,laplace,"(200, 1000, 1000, 1000)",[[0.78333333 0.85       0.83333333 0.85       0.75      ]],1
cqr,sinex_het,0.886666667,5.277193792,0.624710567,5184.989979,0.082999468,0.5,500,laplace,"(200, 1000, 1000, 1000)",[[0.81666667 0.96666667 0.91666667 0.86666667 0.86666667]],1
cqr,sinex_het,0.893333333,6.976045574,0.645072708,4258.374727,0.080969334,1,500,laplace,"(200, 1000, 1000, 1000)",[[0.91666667 0.86666667 0.86666667 0.91666667 0.9       ]],1
cqr,sinex_het,0.896666667,8.906034596,0.564862256,3722.728703,0.086000681,1.5,500,laplace,"(200, 1000, 1000, 1000)",[[0.88333333 0.9        0.81666667 0.93333333 0.95      ]],1
cqr,sinex_het,0.853333333,10.66809035,0.58905331,4077.874708,0.113999844,2,500,laplace,"(200, 1000, 1000, 1000)",[[0.78333333 0.88333333 0.9        0.85       0.85      ]],1
split_resid_norm,sinex_con,0.973333333,3.399538216,0.623860394,6818.611879,17.89107513,0.5,500,laplace,"(200, 1000, 1000, 1000)",[[0.96666667 0.96666667 0.98333333 0.98333333 0.96666667]],1
split_resid_norm,sinex_con,0.956666667,6.908313649,0.504275018,3619.090839,17.26247883,1,500,laplace,"(200, 1000, 1000, 1000)",[[0.96666667 0.93333333 0.95       0.96666667 0.96666667]],1
split_resid_norm,sinex_con,0.876666667,7.019307452,0.626119421,4270.997299,15.43158579,1.5,500,laplace,"(200, 1000, 1000, 1000)",[[0.9        0.88333333 0.8        0.88333333 0.91666667]],1
split_resid_norm,sinex_con,0.823333333,7.798024627,0.626959373,4036.50428,19.13134336,2,500,laplace,"(200, 1000, 1000, 1000)",[[0.76666667 0.75       0.83333333 0.88333333 0.88333333]],1
jackknife_plus_ab,sinex_con,0.916666667,2.355992464,0.739324928,8864.607297,507.937192,0.5,500,laplace,"(200, 1000, 1000, 1000)",[[0.9        0.95       0.9        0.96666667 0.86666667]],1
jackknife_plus_ab,sinex_con,0.873333333,4.42486589,0.682482171,6953.005691,519.4326901,1,500,laplace,"(200, 1000, 1000, 1000)",[[0.88333333 0.83333333 0.88333333 0.86666667 0.9       ]],1
jackknife_plus_ab,sinex_con,0.866666667,6.519440349,0.652744232,4789.605854,503.7094843,1.5,500,laplace,"(200, 1000, 1000, 1000)",[[0.91666667 0.88333333 0.9        0.85       0.78333333]],1
jackknife_plus_ab,sinex_con,0.856666667,8.531438769,0.591877348,4177.388023,479.4509165,2,500,laplace,"(200, 1000, 1000, 1000)",[[0.75       0.88333333 0.88333333 0.91666667 0.85      ]],1
cqr,sinex_con,0.896666667,2.654771878,0.706267174,8189.985101,0.119999647,0.5,500,laplace,"(200, 1000, 1000, 1000)",[[0.83333333 0.88333333 0.86666667 0.93333333 0.96666667]],1
cqr,sinex_con,0.863333333,4.629804194,0.667775897,7017.661886,0.082691193,1,500,laplace,"(200, 1000, 1000, 1000)",[[0.7        0.73333333 0.95       0.96666667 0.96666667]],1
cqr,sinex_con,0.91,7.907477867,0.578811709,3548.103831,0.086000681,1.5,500,laplace,"(200, 1000, 1000, 1000)",[[0.93333333 0.85       0.93333333 0.93333333 0.9       ]],1
cqr,sinex_con,0.856666667,9.521697484,0.54450607,3741.203228,0.08096981,2,500,laplace,"(200, 1000, 1000, 1000)",[[0.81666667 0.83333333 0.9        0.86666667 0.86666667]],1
split_resid_norm,linear,0.95,2.882875776,0.736830664,12272.25876,13.83449006,0.5,500,laplace,"(200, 1000, 1000, 1000)",[[0.9        0.95       0.93333333 0.98333333 0.98333333]],1
split_resid_norm,linear,0.926666667,6.538901745,0.636744194,6632.585299,10.89956093,1,500,laplace,"(200, 1000, 1000, 1000)",[[0.88333333 0.9        0.91666667 0.95       0.98333333]],1
split_resid_norm,linear,0.99,19.97567991,0.078227368,2301.002487,16.12056112,1.5,500,laplace,"(200, 1000, 1000, 1000)",[[0.96666667 1.         0.98333333 1.         1.        ]],1
split_resid_norm,linear,0.863333333,9.291233258,0.671299374,6717.932928,17.87257981,2,500,laplace,"(200, 1000, 1000, 1000)",[[0.73333333 0.78333333 0.86666667 0.95       0.98333333]],1
jackknife_plus_ab,linear,0.89,2.271799474,0.792615413,13698.11973,485.39221,0.5,500,laplace,"(200, 1000, 1000, 1000)",[[0.81666667 0.93333333 0.93333333 0.85       0.91666667]],1
jackknife_plus_ab,linear,0.886666667,4.810951907,0.732737246,9908.719769,431.6907012,1,500,laplace,"(200, 1000, 1000, 1000)",[[0.9        0.86666667 0.9        0.88333333 0.88333333]],1
jackknife_plus_ab,linear,0.913333333,6.851843367,0.683823539,7693.902175,439.1909781,1.5,500,laplace,"(200, 1000, 1000, 1000)",[[0.93333333 0.9        0.9        0.91666667 0.91666667]],1
jackknife_plus_ab,linear,0.876666667,8.741746356,0.690739321,6734.124007,441.5368056,2,500,laplace,"(200, 1000, 1000, 1000)",[[0.85       0.85       0.85       0.91666667 0.91666667]],1
cqr,linear,0.923333333,2.810000724,0.743484606,12531.24311,0.07900548,0.5,500,laplace,"(200, 1000, 1000, 1000)",[[0.78333333 0.9        0.96666667 0.96666667 1.        ]],1
cqr,linear,0.883333333,5.242632495,0.708756045,9400.786134,0.079783678,1,500,laplace,"(200, 1000, 1000, 1000)",[[0.78333333 0.85       0.9        0.95       0.93333333]],1
cqr,linear,0.886666667,7.387321569,0.659114056,7854.332676,0.08412528,1.5,500,laplace,"(200, 1000, 1000, 1000)",[[0.83333333 0.85       0.86666667 0.95       0.93333333]],1
cqr,linear,0.92,10.41617968,0.631502339,5449.297144,0.080971956,2,500,laplace,"(200, 1000, 1000, 1000)",[[0.86666667 0.88333333 0.91666667 0.93333333 1.        ]],1
split_resid_norm,cube,0.83,2.032478212,0.746204432,2409.447109,20.97425103,0.5,500,laplace,"(200, 1000, 1000, 1000)",[[0.66666667 0.86666667 0.88333333 0.81666667 0.91666667]],1
split_resid_norm,cube,0.89,4.745723542,0.643055748,1161.218124,14.37095618,1,500,laplace,"(200, 1000, 1000, 1000)",[[0.75       0.85       0.95       0.93333333 0.96666667]],1
split_resid_norm,cube,0.916666667,7.273004648,0.597327656,1384.189649,22.69202375,1.5,500,laplace,"(200, 1000, 1000, 1000)",[[0.9        0.9        0.93333333 0.91666667 0.93333333]],1
split_resid_norm,cube,0.983333333,16.23656056,0.361616762,416.4586135,13.20372748,2,500,laplace,"(200, 1000, 1000, 1000)",[[0.96666667 0.96666667 1.         0.98333333 1.        ]],1
jackknife_plus_ab,cube,0.88,2.059815186,0.742794273,2530.863928,527.305568,0.5,500,laplace,"(200, 1000, 1000, 1000)",[[0.88333333 0.88333333 0.83333333 0.93333333 0.86666667]],1
jackknife_plus_ab,cube,0.926666667,4.55992193,0.657030201,1407.881558,436.0111938,1,500,laplace,"(200, 1000, 1000, 1000)",[[0.93333333 0.88333333 0.93333333 0.91666667 0.96666667]],1
jackknife_plus_ab,cube,0.91,7.09682888,0.607081788,1092.021817,314.5829296,1.5,500,laplace,"(200, 1000, 1000, 1000)",[[0.88333333 0.93333333 0.88333333 0.91666667 0.93333333]],1
jackknife_plus_ab,cube,0.92,10.19679485,0.599087431,1259.74047,365.9179721,2,500,laplace,"(200, 1000, 1000, 1000)",[[0.9        0.9        0.98333333 0.9        0.91666667]],1
cqr,cube,0.903333333,2.697589585,0.663156817,2053.664434,0.114003658,0.5,500,laplace,"(200, 1000, 1000, 1000)",[[0.83333333 0.9        0.81666667 0.96666667 1.        ]],1
cqr,cube,0.91,5.086339167,0.617436734,1494.642625,0.082003832,1,500,laplace,"(200, 1000, 1000, 1000)",[[0.8        0.86666667 0.96666667 0.93333333 0.98333333]],1
cqr,cube,0.89,6.95333585,0.615026323,1609.17299,0.082971334,1.5,500,laplace,"(200, 1000, 1000, 1000)",[[0.83333333 0.88333333 0.96666667 0.86666667 0.9       ]],1
cqr,cube,0.886666667,10.30021684,0.595021273,1671.953812,0.088969469,2,500,laplace,"(200, 1000, 1000, 1000)",[[0.9        0.75       0.91666667 0.93333333 0.93333333]],1
cv_plus,linear,0.936666667,3.551519245,0.724573684,11330.33301,2979.105654,1,1000,normal,"(400, 2000, 2000, 2000)",[[0.93333333 0.93333333 0.98333333 0.88333333 0.95      ]],50
jackknife_plus_ab,linear,0.893333333,0.007154477,0.999284508,20044.08493,245.9986036,0,1000,normal,"(400, 2000)",[[0.9        0.85       0.95       0.98333333 0.78333333]],50
jackknife_plus_ab,linear,0.893333333,0.652235497,0.936683452,18173.80597,253.3636806,0.2,1000,normal,"(400, 2000)",[[0.86666667 0.86666667 0.93333333 0.88333333 0.91666667]],50
jackknife_plus_ab,linear,0.9,1.586230943,0.858002576,15894.00866,243.2759624,0.5,1000,normal,"(400, 2000)",[[0.9        0.9        0.88333333 0.88333333 0.93333333]],50
jackknife_plus_ab,linear,0.906666667,3.457691788,0.736005761,11577.87799,302.9807069,1,1000,normal,"(400, 2000)",[[0.86666667 0.91666667 0.91666667 0.93333333 0.9       ]],50
jackknife_plus_ab,linear,0.926666667,0.004834212,0.999515868,20051.40142,2601.867998,0,1000,normal,"(400, 2000, 2000, 2000)",[[1.         1.         1.         1.         0.63333333]],50
jackknife_plus_ab,linear,0.89,0.634903106,0.93830702,18281.54978,2655.260807,0.2,1000,normal,"(400, 2000, 2000, 2000)",[[0.83333333 0.85       0.86666667 0.93333333 0.96666667]],50
jackknife_plus_ab,linear,0.883333333,1.629802041,0.849804668,15748.21029,2806.189913,0.5,1000,normal,"(400, 2000, 2000, 2000)",[[0.9        0.95       0.9        0.83333333 0.83333333]],50
jackknife_plus_ab,linear,0.87,3.275113242,0.750744516,12006.87014,2709.335371,1,1000,normal,"(400, 2000, 2000, 2000)",[[0.85       0.91666667 0.86666667 0.83333333 0.88333333]],50
jackknife_plus_ab,linear,0.91,0.004802822,0.999519618,20052.72924,88.18816113,0,1000,normal,"(200, 1000)",[[1.         0.98333333 0.93333333 0.85       0.78333333]],50
jackknife_plus_ab,linear,0.893333333,0.653347593,0.936506457,18253.06864,87.49474931,0.2,1000,normal,"(200, 1000)",[[0.88333333 0.91666667 0.9        0.88333333 0.88333333]],50
jackknife_plus_ab,linear,0.923333333,1.659356114,0.851357707,15432.48569,84.67080855,0.5,1000,normal,"(200, 1000)",[[0.9        0.93333333 0.95       0.93333333 0.9       ]],50
jackknife_plus_ab,linear,0.92,3.293016701,0.732059885,12137.13987,94.21516943,1,1000,normal,"(200, 1000)",[[0.91666667 0.95       0.88333333 0.96666667 0.88333333]],50
jackknife_plus_ab,linear,0.9,0.006802822,0.999519618,20052.72924,527.305568,0,1000,normal,"(200, 1000, 1000, 1000)",[[1.         0.98333333 0.93333333 0.85       0.78333333]],50
jackknife_plus_ab,linear,0.893333333,0.853347593,0.956506457,18253.06864,436.0111938,0.2,1000,normal,"(200, 1000, 1000, 1000)",[[0.88333333 0.91666667 0.9        0.88333333 0.88333333]],50
jackknife_plus_ab,linear,0.913333333,1.559356114,0.891357707,15432.48569,314.5829296,0.5,1000,normal,"(200, 1000, 1000, 1000)",[[0.9        0.93333333 0.95       0.93333333 0.9       ]],50
jackknife_plus_ab,linear,0.91,3.093016701,0.832059885,12137.13987,365.9179721,1,1000,normal,"(200, 1000, 1000, 1000)",[[0.91666667 0.95       0.88333333 0.96666667 0.88333333]],50
jackknife_plus,sinex_het,0.936666667,5.601567376,0.558428263,4972.205326,1318.018036,0.5,500,normal,"(200, 1000)",[[1.         0.91666667 0.95       0.91666667 0.9       ]],500
jackknife_plus,sinex_con,0.94,1.956242946,0.775623593,9933.652717,1098.314396,0.5,500,normal,"(200, 1000)",[[0.91666667 0.96666667 0.91666667 0.96666667 0.93333333]],500
jackknife_plus,cube,0.88,1.782544883,0.809000103,1689.019227,586.8726218,0.5,500,normal,"(200, 1000)",[[0.9        0.91666667 0.9        0.78333333 0.9       ]],500
jackknife_plus,nmm,0.916666667,2.409215967,0.834207431,18118.87373,3200.819412,0.5,500,normal,"(200, 1000)",[[0.93333333 0.93333333 0.93333333 0.86666667 0.91666667]],500
jackknife_plus,sinex_het,0.883333333,4.774551949,0.619678459,5963.617645,3240.925004,0,1000,normal,"(200, 1000)",[[0.96666667 0.98333333 0.93333333 0.78333333 0.75      ]],1000
jackknife_plus,sinex_het,0.913333333,4.980304488,0.687386829,5474.786843,2502.944815,0.2,1000,normal,"(200, 1000)",[[0.81666667 0.95       0.96666667 0.96666667 0.86666667]],1000
jackknife_plus,sinex_het,0.893333333,5.199895059,0.677365086,5988.176311,3289.948013,0.5,1000,normal,"(200, 1000)",[[0.85       0.96666667 0.93333333 0.9        0.81666667]],1000
jackknife_plus,sinex_het,0.886666667,5.914407411,0.608392963,5315.541971,3858.461052,1,1000,normal,"(200, 1000)",[[0.95       0.85       0.86666667 0.86666667 0.9       ]],1000
jackknife_plus,sinex_het,0.89,6.509755418,0.614353566,4578.643489,2812.694848,4,1000,student,"(200, 1000)",[[0.88333333 0.98333333 0.85       0.85       0.88333333]],1000
jackknife_plus,sinex_het,0.91,6.640926013,0.580486318,4740.630001,3315.860547,5,1000,student,"(200, 1000)",[[0.95       0.95       0.9        0.88333333 0.86666667]],1000
jackknife_plus,sinex_het,0.89,6.142459124,0.590645888,4896.00746,2489.203692,10,1000,student,"(200, 1000)",[[0.95       0.9        0.88333333 0.85       0.86666667]],1000
jackknife_plus,sinex_het,0.88,5.804225317,0.644370921,5118.406184,2732.093015,1000,1000,student,"(200, 1000)",[[0.88333333 0.91666667 0.91666667 0.88333333 0.8       ]],1000
jackknife_plus,sinex_con,0.903333333,0.679318181,0.897595284,12423.23915,3097.52243,0,1000,normal,"(200, 1000)",[[1.         0.9        0.95       0.96666667 0.7       ]],1000
jackknife_plus,sinex_con,0.896666667,0.941113929,0.872392928,11819.82839,3323.77682,0.2,1000,normal,"(200, 1000)",[[0.96666667 0.98333333 0.85       0.83333333 0.85      ]],1000
jackknife_plus,sinex_con,0.9,1.835934555,0.789820857,9961.824306,2860.292923,0.5,1000,normal,"(200, 1000)",[[0.95       0.91666667 0.86666667 0.88333333 0.88333333]],1000
jackknife_plus,sinex_con,0.91,3.343465321,0.696438848,7358.351866,2773.300843,1,1000,normal,"(200, 1000)",[[0.88333333 0.98333333 0.91666667 0.93333333 0.83333333]],1000
jackknife_plus,sinex_con,0.9,4.511112806,0.630771306,6237.303996,3706.550338,4,1000,student,"(200, 1000)",[[0.9        0.91666667 0.9        0.88333333 0.9       ]],1000
jackknife_plus,sinex_con,0.893333333,4.055772932,0.670213311,6780.735075,2547.950192,5,1000,student,"(200, 1000)",[[0.91666667 0.86666667 0.85       0.95       0.88333333]],1000
jackknife_plus,sinex_con,0.896666667,3.759179298,0.747604184,6941.942146,2899.198651,10,1000,student,"(200, 1000)",[[0.91666667 0.93333333 0.88333333 0.9        0.85      ]],1000
jackknife_plus,sinex_con,0.92,3.491435823,0.693424618,7398.477569,3714.262951,1000,1000,student,"(200, 1000)",[[0.91666667 0.93333333 0.9        0.9        0.95      ]],1000
