strategy,data_name,coverage,mean_width,cwc,mwi,total_time,noise_std,num_samples,noise_type,layer_size,ssc
split,linear,0.743333333,0.027103912,0.997265131,19966.92489,10.06207728,0.0,100,normal,"(200, 1000, 1000, 1000)",999
split,linear,0.98,1.13356553,0.891421052,16747.78155,8.533937693,0.2,100,normal,"(200, 1000, 1000, 1000)",999
split,linear,1.0,3.600874516,0.67854612,10995.82906,8.313056946,0.5,100,normal,"(200, 1000, 1000, 1000)",999
split,linear,0.936666667,3.997627369,0.695532806,9918.471986,6.062062502,1.0,100,normal,"(200, 1000, 1000, 1000)",999
jackknife_plus,linear,1.0,0.333752312,0.966615103,18941.58892,25.6806531,0.0,100,normal,"(200, 1000, 1000, 1000)",[[1. 1. 1. 1. 1.]]
jackknife_plus,linear,0.946666667,0.856679044,0.917945028,17505.39201,24.23526597,0.2,100,normal,"(200, 1000, 1000, 1000)",[[0.96666667 0.95       0.96666667 0.91666667 0.93333333]]
jackknife_plus,linear,0.936666667,2.218053505,0.801995117,13439.31129,19.29246593,0.5,100,normal,"(200, 1000, 1000, 1000)",[[0.91666667 0.93333333 0.91666667 0.95       0.96666667]]
jackknife_plus,linear,0.95,5.174514332,0.605898466,7001.046936,13.72171021,1.0,100,normal,"(200, 1000, 1000, 1000)",[[0.93333333 0.91666667 0.93333333 1.         0.96666667]]
jackknife_plus_ab,linear,0.903333333,0.290956297,0.97090436,19079.49229,177.4973431,0.0,100,normal,"(200, 1000, 1000, 1000)",[[1.         1.         0.96666667 0.83333333 0.71666667]]
jackknife_plus_ab,linear,0.89,0.700656569,0.932890813,17871.79952,196.0617106,0.2,100,normal,"(200, 1000, 1000, 1000)",[[0.88333333 0.93333333 0.9        0.85       0.88333333]]
jackknife_plus_ab,linear,0.91,1.808128089,0.838589815,14661.11956,214.0112901,0.5,100,normal,"(200, 1000, 1000, 1000)",[[0.88333333 0.95       0.88333333 0.93333333 0.9       ]]
jackknife_plus_ab,linear,0.84,2.994888189,0.771901323,12316.62497,199.9948962,1.0,100,normal,"(200, 1000, 1000, 1000)",[[0.8        0.88333333 0.75       0.88333333 0.88333333]]
cqr,linear,0.903333333,2.035593241,0.796440667,13179.40624,0.046000719,0.0,100,normal,"(200, 1000, 1000, 1000)",[[0.83333333 0.93333333 0.88333333 0.91666667 0.95      ]]
cqr,linear,0.853333333,1.859207361,0.821922777,14088.36084,0.042999029,0.2,100,normal,"(200, 1000, 1000, 1000)",[[0.61666667 0.93333333 0.91666667 0.9        0.9       ]]
cqr,linear,0.88,2.53533645,0.773672299,12538.18788,0.041998625,0.5,100,normal,"(200, 1000, 1000, 1000)",[[0.75       0.86666667 0.91666667 0.88333333 0.98333333]]
cqr,linear,0.903333333,3.94108746,0.699839911,10921.63392,0.049999952,1.0,100,normal,"(200, 1000, 1000, 1000)",[[0.78333333 0.83333333 0.95       0.96666667 0.98333333]]
split,linear,0.966666667,1.422115081,0.85778468,15544.42287,1.081978321,0.0,100,normal,"(400, 2000)",999
split,linear,0.986666667,1.13824882,0.888660917,16656.92534,4.15648675,0.2,100,normal,"(400, 2000)",999
split,linear,0.84,1.394193238,0.869218918,15864.38737,2.151520491,0.5,100,normal,"(400, 2000)",999
split,linear,0.873333333,3.341018306,0.743889323,12747.94922,1.525480032,1.0,100,normal,"(400, 2000)",999
jackknife_plus,linear,0.906666667,0.239080504,0.976091906,19151.5737,10.33484173,0.0,100,normal,"(400, 2000)",[[1.         1.         1.         1.         0.53333333]]
jackknife_plus,linear,0.95,1.032309798,0.899027267,16785.70622,12.26212835,0.2,100,normal,"(400, 2000)",[[0.98333333 0.95       0.96666667 0.95       0.9       ]]
jackknife_plus,linear,0.976666667,2.137097132,0.799531562,13955.95602,8.72434473,0.5,100,normal,"(400, 2000)",[[0.96666667 0.98333333 0.93333333 1.         1.        ]]
jackknife_plus,linear,0.966666667,4.677170183,0.641462523,9197.78552,5.280201197,1.0,100,normal,"(400, 2000)",[[0.93333333 0.91666667 1.         0.98333333 1.        ]]
jackknife_plus_ab,linear,0.93,0.330238532,0.966975276,18833.35292,86.08828139,0.0,100,normal,"(400, 2000)",[[1.   1.   1.   1.   0.65]]
jackknife_plus_ab,linear,0.963333333,0.863098857,0.915576408,17442.74863,89.68725824,0.2,100,normal,"(400, 2000)",[[0.98333333 0.91666667 0.96666667 0.96666667 0.98333333]]
jackknife_plus_ab,linear,0.956666667,1.840518052,0.827353282,14776.07772,62.85549712,0.5,100,normal,"(400, 2000)",[[0.96666667 0.96666667 0.96666667 0.95       0.93333333]]
jackknife_plus_ab,linear,0.91,3.462084782,0.734609268,11863.42766,96.42745662,1.0,100,normal,"(400, 2000)",[[0.88333333 0.95       0.9        0.9        0.91666667]]
cqr,linear,0.903333333,2.035593241,0.796440667,13179.40624,0.047789335,0.0,100,normal,"(400, 2000)",[[0.83333333 0.93333333 0.88333333 0.91666667 0.95      ]]
cqr,linear,0.936666667,2.219231339,0.782935363,13190.94727,0.042001009,0.2,100,normal,"(400, 2000)",[[0.83333333 0.9        0.95       1.         1.        ]]
cqr,linear,0.91,2.614511129,0.754753854,12890.94267,0.044002056,0.5,100,normal,"(400, 2000)",[[0.85       0.86666667 0.9        0.96666667 0.96666667]]
cqr,linear,0.876666667,3.824545966,0.706824019,11727.50952,0.046000719,1.0,100,normal,"(400, 2000)",[[0.8        0.86666667 0.86666667 0.9        0.95      ]]
split,linear,0.71,1.150331904,0.884934863,15204.91713,9.428769827,0.0,100,normal,"(400, 2000, 2000, 2000)",999
split,linear,0.953333333,2.139773278,0.795571415,12737.64869,9.52871418,0.2,100,normal,"(400, 2000, 2000, 2000)",999
split,linear,0.93,2.589251908,0.765580597,11734.83565,9.531069994,0.5,100,normal,"(400, 2000, 2000, 2000)",999
split,linear,0.873333333,3.663412391,0.73630031,10241.01162,9.890387297,1.0,100,normal,"(400, 2000, 2000, 2000)",999
jackknife_plus,linear,0.906666667,1.611363089,0.838863654,13999.24057,29.27286959,0.0,100,normal,"(400, 2000, 2000, 2000)",999
jackknife_plus,linear,0.936666667,1.959416719,0.812803209,13130.41135,29.76093531,0.2,100,normal,"(400, 2000, 2000, 2000)",[[0.9        1.         1.         1.         0.78333333]]
jackknife_plus,linear,0.953333333,2.426026016,0.780356772,12358.30163,35.93875933,0.5,100,normal,"(400, 2000, 2000, 2000)",[[0.93333333 0.98333333 0.98333333 0.91666667 0.95      ]]
jackknife_plus,linear,0.89,3.767140984,0.728834186,10182.60208,41.98921013,1.0,100,normal,"(400, 2000, 2000, 2000)",[[0.88333333 0.9        0.88333333 0.88333333 0.9       ]]
jackknife_plus_ab,linear,0.906666667,1.608317403,0.839168222,14005.30996,253.8777735,0.0,100,normal,"(400, 2000, 2000, 2000)",999
jackknife_plus_ab,linear,0.923333333,1.80035764,0.827999789,13595.40524,262.3069034,0.2,100,normal,"(400, 2000, 2000, 2000)",[[0.73333333 0.98333333 1.         0.96666667 0.93333333]]
jackknife_plus_ab,linear,0.896666667,2.226120409,0.798457499,12688.59525,297.5457819,0.5,100,normal,"(400, 2000, 2000, 2000)",[[0.95       0.86666667 0.93333333 0.98333333 0.75      ]]
jackknife_plus_ab,linear,0.866666667,3.41211187,0.754389069,11069.87142,321.177295,1.0,100,normal,"(400, 2000, 2000, 2000)",[[0.81666667 0.83333333 0.93333333 0.86666667 0.88333333]]
cqr,linear,0.903333333,2.035593241,0.796440667,13179.40624,0.046000242,0.0,100,normal,"(400, 2000, 2000, 2000)",[[0.83333333 0.93333333 0.88333333 0.91666667 0.95      ]]
cqr,linear,0.9,2.108815168,0.798531306,13399.08103,0.043816328,0.2,100,normal,"(400, 2000, 2000, 2000)",[[0.68333333 0.91666667 0.96666667 0.95       0.98333333]]
cqr,linear,0.933333333,2.536152665,0.770387786,12870.79193,0.044001579,0.5,100,normal,"(400, 2000, 2000, 2000)",[[0.88333333 0.96666667 0.88333333 0.96666667 0.96666667]]
cqr,linear,0.863333333,4.264723413,0.693016428,10099.78146,0.045002699,1.0,100,normal,"(400, 2000, 2000, 2000)",[[0.71666667 0.88333333 0.86666667 0.95       0.9       ]]
split,linear,0.893333333,0.010403646,0.998959591,20037.16151,15.85171437,0.0,300,normal,"(200, 1000, 1000, 1000)",999
split,linear,0.926666667,0.757656245,0.926438385,17870.75452,13.43745637,0.2,300,normal,"(200, 1000, 1000, 1000)",999
split,linear,0.913333333,1.790701542,0.836871246,15175.6756,17.14552021,0.5,300,normal,"(200, 1000, 1000, 1000)",999
split,linear,0.946666667,4.055423832,0.716015761,10893.46545,8.917003393,1.0,300,normal,"(200, 1000, 1000, 1000)",999
jackknife_plus,linear,0.996666667,0.052804261,0.994710279,19922.48732,46.09838939,0.0,300,normal,"(200, 1000, 1000, 1000)",[[1.         1.         0.98333333 1.         1.        ]]
jackknife_plus,linear,0.93,0.824794383,0.919919764,17921.39427,30.74038649,0.2,300,normal,"(200, 1000, 1000, 1000)",[[0.85       0.93333333 0.95       0.98333333 0.93333333]]
jackknife_plus,linear,0.903333333,1.694993162,0.845590189,15447.80553,43.35654616,0.5,300,normal,"(200, 1000, 1000, 1000)",[[0.88333333 0.93333333 0.95       0.85       0.9       ]]
jackknife_plus,linear,0.9,3.402760481,0.761720333,12251.99513,39.8904283,1.0,300,normal,"(200, 1000, 1000, 1000)",[[0.86666667 0.88333333 0.98333333 0.88333333 0.88333333]]
jackknife_plus_ab,linear,0.98,0.043882494,0.995605379,19940.46419,409.3711085,0.0,300,normal,"(200, 1000, 1000, 1000)",[[1.         0.95       0.96666667 1.         0.98333333]]
jackknife_plus_ab,linear,0.893333333,0.682365239,0.933749017,18126.47496,366.2818623,0.2,300,normal,"(200, 1000, 1000, 1000)",[[0.91666667 0.88333333 0.91666667 0.86666667 0.88333333]]
jackknife_plus_ab,linear,0.883333333,1.601445916,0.85411189,15663.73715,411.9456415,0.5,300,normal,"(200, 1000, 1000, 1000)",[[0.86666667 0.93333333 0.81666667 0.9        0.9       ]]
jackknife_plus_ab,linear,0.9,3.445758916,0.758709351,12106.03804,396.7190926,1.0,300,normal,"(200, 1000, 1000, 1000)",[[0.85       0.93333333 0.88333333 0.91666667 0.91666667]]
cqr,linear,0.903333333,2.166464349,0.783353556,12073.12148,0.076999903,0.0,300,normal,"(200, 1000, 1000, 1000)",[[0.93333333 0.78333333 0.96666667 0.91666667 0.91666667]]
cqr,linear,0.88,1.528945862,0.85155408,14525.64232,0.083829403,0.2,300,normal,"(200, 1000, 1000, 1000)",[[0.76666667 0.91666667 0.88333333 0.88333333 0.95      ]]
cqr,linear,0.91,1.815914436,0.834574477,14858.04883,0.0735147,0.5,300,normal,"(200, 1000, 1000, 1000)",[[0.81666667 0.88333333 0.93333333 0.93333333 0.98333333]]
cqr,linear,0.896666667,3.531494875,0.752705648,12059.54545,0.080000639,1.0,300,normal,"(200, 1000, 1000, 1000)",[[0.83333333 0.9        0.9        0.95       0.9       ]]
split,linear,0.97,0.08046204,0.991948935,19780.94781,6.583992243,0.0,300,normal,"(400, 2000)",999
split,linear,0.88,0.633476481,0.939615625,18150.95052,5.889765263,0.2,300,normal,"(400, 2000)",999
split,linear,0.856666667,1.447519286,0.867738139,16343.37817,7.508020639,0.5,300,normal,"(400, 2000)",999
split,linear,0.92,3.380931628,0.746590069,12125.23625,5.014091492,1.0,300,normal,"(400, 2000)",999
jackknife_plus,linear,1.0,0.138351906,0.986154948,19569.94512,18.17630935,0.0,300,normal,"(400, 2000)",[[1. 1. 1. 1. 1.]]
jackknife_plus,linear,0.94,0.757687969,0.927774477,17786.27617,16.07007527,0.2,300,normal,"(400, 2000)",[[0.95       0.98333333 0.93333333 0.91666667 0.91666667]]
jackknife_plus,linear,0.916666667,1.75527561,0.839619756,15444.34284,18.69193888,0.5,300,normal,"(400, 2000)",[[0.96666667 0.9        0.88333333 0.91666667 0.91666667]]
jackknife_plus,linear,0.926666667,3.618603555,0.72877572,11022.38782,15.47398424,1.0,300,normal,"(400, 2000)",[[0.9        0.96666667 0.95       0.96666667 0.85      ]]
jackknife_plus_ab,linear,0.91,0.048597838,0.995140117,19906.68219,175.4491801,0.0,300,normal,"(400, 2000)",[[1.         0.91666667 0.81666667 0.83333333 0.98333333]]
jackknife_plus_ab,linear,0.906666667,0.68198326,0.934992215,18030.38818,167.8693075,0.2,300,normal,"(400, 2000)",[[0.9        0.98333333 0.91666667 0.83333333 0.9       ]]
jackknife_plus_ab,linear,0.893333333,1.585501551,0.855132253,16026.89425,180.4239628,0.5,300,normal,"(400, 2000)",[[0.93333333 0.88333333 0.9        0.9        0.85      ]]
jackknife_plus_ab,linear,0.896666667,3.135819528,0.76496215,12240.63242,159.6114583,1.0,300,normal,"(400, 2000)",[[0.9        0.83333333 0.96666667 0.88333333 0.9       ]]
cqr,linear,0.903333333,2.166464349,0.783353556,12073.12148,0.070316315,0.0,300,normal,"(400, 2000)",[[0.93333333 0.78333333 0.96666667 0.91666667 0.91666667]]
cqr,linear,0.866666667,1.637884635,0.84387326,14120.31331,0.069000483,0.2,300,normal,"(400, 2000)",[[0.73333333 0.91666667 0.88333333 0.86666667 0.93333333]]
cqr,linear,0.936666667,1.985654148,0.818569139,14877.78828,0.07000041,0.5,300,normal,"(400, 2000)",[[0.86666667 0.95       0.95       0.95       0.96666667]]
cqr,linear,0.893333333,3.431265568,0.742817675,11749.63485,0.079000711,1.0,300,normal,"(400, 2000)",[[0.7        0.93333333 0.96666667 0.91666667 0.95      ]]
split,linear,0.896666667,0.00965775,0.999034214,20038.54606,19.74664068,0.0,500,normal,"(200, 1000, 1000, 1000)",999
split,linear,0.906666667,0.625586136,0.939689352,18297.52043,17.96585107,0.2,500,normal,"(200, 1000, 1000, 1000)",999
split,linear,0.9,1.652007878,0.870609526,15622.82691,13.66594219,0.5,500,normal,"(200, 1000, 1000, 1000)",999
split,linear,0.933333333,3.716414427,0.724029898,11073.6548,12.703403,1.0,500,normal,"(200, 1000, 1000, 1000)",999
jackknife_plus,linear,1.0,0.062476429,0.99374242,19882.1663,49.04697657,0.0,500,normal,"(200, 1000, 1000, 1000)",[[1. 1. 1. 1. 1.]]
jackknife_plus,linear,0.923333333,0.717871381,0.930791984,17990.2725,42.78609967,0.2,500,normal,"(200, 1000, 1000, 1000)",[[0.98333333 0.9        0.91666667 0.91666667 0.9       ]]
jackknife_plus,linear,0.92,1.771044961,0.861285821,15068.15579,37.20652628,0.5,500,normal,"(200, 1000, 1000, 1000)",[[0.96666667 0.91666667 0.88333333 0.98333333 0.85      ]]
jackknife_plus,linear,0.883333333,3.272498872,0.756994272,11953.31998,49.6011982,1.0,500,normal,"(200, 1000, 1000, 1000)",[[0.85       0.86666667 0.86666667 0.93333333 0.9       ]]
jackknife_plus_ab,linear,0.936666667,0.010999465,0.998898711,20034.97643,471.0782509,0.0,500,normal,"(200, 1000, 1000, 1000)",[[1.         1.         0.91666667 0.98333333 0.78333333]]
jackknife_plus_ab,linear,0.906666667,0.655140938,0.936840075,18203.22245,480.9093504,0.2,500,normal,"(200, 1000, 1000, 1000)",[[0.9        0.86666667 0.85       0.98333333 0.93333333]]
jackknife_plus_ab,linear,0.896666667,1.651810562,0.870624971,15409.60416,467.9934335,0.5,500,normal,"(200, 1000, 1000, 1000)",[[0.91666667 0.88333333 0.91666667 0.88333333 0.88333333]]
jackknife_plus_ab,linear,0.89,3.280026866,0.756435401,12081.44491,466.8242378,1.0,500,normal,"(200, 1000, 1000, 1000)",[[0.9        0.9        0.86666667 0.91666667 0.86666667]]
cqr,linear,0.903333333,2.633005612,0.736699431,10338.84348,0.536260128,0.0,500,normal,"(200, 1000, 1000, 1000)",[[0.88333333 0.8        0.95       0.93333333 0.95      ]]
cqr,linear,0.91,1.555672145,0.850022917,14389.17604,0.070973873,0.2,500,normal,"(200, 1000, 1000, 1000)",[[0.83333333 0.95       0.9        0.93333333 0.93333333]]
cqr,linear,0.903333333,1.854246743,0.85476953,14945.57408,0.073598623,0.5,500,normal,"(200, 1000, 1000, 1000)",[[0.85       0.86666667 0.91666667 0.91666667 0.96666667]]
cqr,linear,0.89,3.52605938,0.738165799,11458.94331,0.073304892,1.0,500,normal,"(200, 1000, 1000, 1000)",[[0.81666667 0.88333333 0.88333333 0.93333333 0.93333333]]
split,linear,0.953333333,0.030310263,0.996966138,19965.34494,7.28524065,0.0,500,normal,"(400, 2000)",999
split,linear,0.91,0.631873837,0.939083124,18252.40967,5.565860033,0.2,500,normal,"(400, 2000)",999
split,linear,0.926666667,1.800663193,0.858965762,15254.43129,5.362886429,0.5,500,normal,"(400, 2000)",999
split,linear,0.923333333,3.565936419,0.735204328,11426.42829,8.554878473,1.0,500,normal,"(400, 2000)",999
jackknife_plus,linear,1.0,0.068402126,0.993149856,19864.07784,20.3791604,0.0,500,normal,"(400, 2000)",[[1. 1. 1. 1. 1.]]
jackknife_plus,linear,0.923333333,0.697593373,0.932746916,18008.9191,15.42392302,0.2,500,normal,"(400, 2000)",[[0.93333333 0.95       0.95       0.9        0.88333333]]
jackknife_plus,linear,0.913333333,1.706178703,0.866366542,15435.71436,16.99675751,0.5,500,normal,"(400, 2000)",[[0.93333333 0.93333333 0.91666667 0.91666667 0.86666667]]
jackknife_plus,linear,0.89,3.297243983,0.755156912,12004.99863,18.50209594,1.0,500,normal,"(400, 2000)",[[0.91666667 0.8        0.9        0.95       0.88333333]]
jackknife_plus_ab,linear,1.0,0.029752586,0.997014771,19970.44854,180.7288885,0.0,500,normal,"(400, 2000)",[[1. 1. 1. 1. 1.]]
jackknife_plus_ab,linear,0.893333333,0.641644069,0.938141262,18196.52962,166.6329918,0.2,500,normal,"(400, 2000)",[[0.91666667 0.85       0.9        0.91666667 0.88333333]]
jackknife_plus_ab,linear,0.903333333,1.664765518,0.869610298,15347.22877,181.5893009,0.5,500,normal,"(400, 2000)",[[0.91666667 0.93333333 0.83333333 0.96666667 0.86666667]]
jackknife_plus_ab,linear,0.89,3.298934362,0.75503139,11987.54004,168.3213716,1.0,500,normal,"(400, 2000)",[[0.86666667 0.91666667 0.85       0.91666667 0.9       ]]
cqr,linear,0.903333333,2.633005612,0.736699431,10338.84348,0.06698966,0.0,500,normal,"(400, 2000)",[[0.88333333 0.8        0.95       0.93333333 0.95      ]]
cqr,linear,0.91,1.555672145,0.850022917,14389.17604,0.066539764,0.2,500,normal,"(400, 2000)",[[0.83333333 0.95       0.9        0.93333333 0.93333333]]
cqr,linear,0.903333333,1.854246743,0.85476953,14945.57408,0.084002018,0.5,500,normal,"(400, 2000)",[[0.85       0.86666667 0.91666667 0.91666667 0.96666667]]
cqr,linear,0.89,3.52605938,0.738165799,11458.94331,0.078000546,1.0,500,normal,"(400, 2000)",[[0.81666667 0.88333333 0.88333333 0.93333333 0.93333333]]
split,linear,0.856666667,0.010533876,0.998944737,20033.29292,68.65625763,0.0,500,normal,"(400, 2000, 2000, 2000)",999
split,linear,0.976666667,0.933719888,0.910334874,17487.08632,70.09628654,0.2,500,normal,"(400, 2000, 2000, 2000)",999
split,linear,0.936666667,1.706727692,0.849123524,15224.43259,62.84555292,0.5,500,normal,"(400, 2000, 2000, 2000)",999
split,linear,0.913333333,3.38167604,0.760839113,12327.50039,67.13517022,1.0,500,normal,"(400, 2000, 2000, 2000)",999
jackknife_plus,linear,0.95,0.034206118,0.996576897,19956.77121,196.1112168,0.0,500,normal,"(400, 2000, 2000, 2000)",[[1.         1.         1.         0.98333333 0.76666667]]
jackknife_plus,linear,0.903333333,0.697406307,0.933032055,18138.34932,196.6111808,0.2,500,normal,"(400, 2000, 2000, 2000)",[[0.91666667 0.8        0.91666667 0.95       0.93333333]]
jackknife_plus,linear,0.95,1.766108961,0.84387323,15156.13778,221.9869504,0.5,500,normal,"(400, 2000, 2000, 2000)",[[0.95       0.96666667 0.96666667 0.95       0.91666667]]
jackknife_plus,linear,0.896666667,3.19633126,0.773947295,12397.49856,185.5898111,1.0,500,normal,"(400, 2000, 2000, 2000)",[[0.91666667 0.95       0.86666667 0.85       0.9       ]]
jackknife_plus_ab,linear,0.91,0.012456225,0.998754278,20027.58782,1920.099806,0.0,500,normal,"(400, 2000, 2000, 2000)",[[1.         1.         1.         0.96666667 0.58333333]]
jackknife_plus_ab,linear,0.903333333,0.661891693,0.93644232,18215.40796,2064.660847,0.2,500,normal,"(400, 2000, 2000, 2000)",[[0.86666667 0.93333333 0.95       0.85       0.91666667]]
jackknife_plus_ab,linear,0.95,1.742916564,0.845923441,15163.40232,2105.499944,0.5,500,normal,"(400, 2000, 2000, 2000)",[[0.98333333 0.95       0.93333333 0.95       0.93333333]]
jackknife_plus_ab,linear,0.9,3.14660538,0.777464045,12480.53262,1881.849207,1.0,500,normal,"(400, 2000, 2000, 2000)",[[0.96666667 0.91666667 0.85       0.85       0.91666667]]
cqr,linear,0.903333333,2.633005612,0.736699431,10338.84348,0.098768711,0.0,500,normal,"(400, 2000, 2000, 2000)",[[0.88333333 0.8        0.95       0.93333333 0.95      ]]
cqr,linear,0.906666667,1.380969215,0.867393394,15116.55134,0.069000483,0.2,500,normal,"(400, 2000, 2000, 2000)",[[0.8        0.93333333 0.93333333 0.95       0.91666667]]
cqr,linear,0.93,1.929023058,0.82947293,14585.11708,0.073000908,0.5,500,normal,"(400, 2000, 2000, 2000)",[[0.83333333 0.95       0.91666667 1.         0.95      ]]
cqr,linear,0.94,3.772072884,0.733228215,11286.05819,0.076998711,1.0,500,normal,"(400, 2000, 2000, 2000)",[[0.9  0.9  0.95 1.   0.95]]
split,linear,0.936666667,0.005104628,0.999488193,20052.89164,9.394730091,0.0,1000,normal,"(400, 2000)",999
split,linear,0.92,0.723533716,0.929761766,17943.1897,11.69463944,0.2,1000,normal,"(400, 2000)",999
split,linear,0.853333333,1.430378562,0.871952389,16192.9103,8.513241768,0.5,1000,normal,"(400, 2000)",999
split,linear,0.883333333,3.149833576,0.759510507,12342.06129,17.7236259,1.0,1000,normal,"(400, 2000)",999
jackknife_plus,linear,1.0,0.051727045,0.994817347,19933.64129,22.17037153,0.0,1000,normal,"(400, 2000)",[[1. 1. 1. 1. 1.]]
jackknife_plus,linear,0.9,0.655784417,0.936338978,18195.77946,28.50032806,0.2,1000,normal,"(400, 2000)",[[0.88333333 0.9        0.9        0.88333333 0.93333333]]
jackknife_plus,linear,0.94,1.769331086,0.841610332,15468.1471,23.25474072,0.5,1000,normal,"(400, 2000)",[[0.93333333 0.86666667 0.96666667 0.96666667 0.96666667]]
jackknife_plus,linear,0.903333333,3.475788761,0.734624085,11592.8323,34.75952315,1.0,1000,normal,"(400, 2000)",[[0.93333333 0.88333333 0.85       0.91666667 0.93333333]]
jackknife_plus_ab,linear,0.893333333,0.007154477,0.999284508,20044.08493,245.9986036,0.0,1000,normal,"(400, 2000)",[[0.9        0.85       0.95       0.98333333 0.78333333]]
jackknife_plus_ab,linear,0.893333333,0.652235497,0.936683452,18173.80597,253.3636806,0.2,1000,normal,"(400, 2000)",[[0.86666667 0.86666667 0.93333333 0.88333333 0.91666667]]
jackknife_plus_ab,linear,0.9,1.586230943,0.858002576,15894.00866,243.2759624,0.5,1000,normal,"(400, 2000)",[[0.9        0.9        0.88333333 0.88333333 0.93333333]]
jackknife_plus_ab,linear,0.906666667,3.457691788,0.736005761,11577.87799,302.9807069,1.0,1000,normal,"(400, 2000)",[[0.86666667 0.91666667 0.91666667 0.93333333 0.9       ]]
cqr,linear,0.903333333,1.808866811,0.81911331,13169.38636,0.093988419,0.0,1000,normal,"(400, 2000)",[[0.85       0.9        0.91666667 0.93333333 0.91666667]]
cqr,linear,0.923333333,1.133287296,0.889984356,15964.81525,0.104996681,0.2,1000,normal,"(400, 2000)",[[0.83333333 0.86666667 0.98333333 0.96666667 0.96666667]]
cqr,linear,0.906666667,1.741422519,0.844109982,15416.10715,0.102787971,0.5,1000,normal,"(400, 2000)",[[0.85       0.85       0.91666667 0.95       0.96666667]]
cqr,linear,0.883333333,3.497159613,0.732992228,11505.22749,0.116000414,1.0,1000,normal,"(400, 2000)",[[0.81666667 0.85       0.85       0.96666667 0.93333333]]
split,linear,0.87,0.009225701,0.999076531,20031.91006,94.2114954,0.0,1000,normal,"(400, 2000, 2000, 2000)",999
split,linear,0.886666667,0.66284228,0.935592127,18192.76425,100.0821283,0.2,1000,normal,"(400, 2000, 2000, 2000)",999
split,linear,0.91,1.801706265,0.833962915,15181.89572,112.1798911,0.5,1000,normal,"(400, 2000, 2000, 2000)",999
split,linear,0.866666667,3.205155358,0.756068546,12502.75348,77.330019,1.0,1000,normal,"(400, 2000, 2000, 2000)",999
jackknife_plus,linear,0.933333333,0.013424841,0.998656406,20024.0358,256.4868422,0.0,1000,normal,"(400, 2000, 2000, 2000)",[[1.         1.         1.         1.         0.66666667]]
jackknife_plus,linear,0.906666667,0.65829081,0.936034513,18239.46266,277.8202507,0.2,1000,normal,"(400, 2000, 2000, 2000)",[[0.91666667 0.91666667 0.88333333 0.9        0.91666667]]
jackknife_plus,linear,0.893333333,1.689137912,0.844336745,15573.59623,296.4285614,0.5,1000,normal,"(400, 2000, 2000, 2000)",[[0.91666667 0.9        0.88333333 0.91666667 0.85      ]]
jackknife_plus,linear,0.87,3.298443716,0.748968935,11980.04081,246.6506927,1.0,1000,normal,"(400, 2000, 2000, 2000)",[[0.85       0.91666667 0.9        0.78333333 0.9       ]]
jackknife_plus_ab,linear,0.926666667,0.004834212,0.999515868,20051.40142,2601.867998,0.0,1000,normal,"(400, 2000, 2000, 2000)",[[1.         1.         1.         1.         0.63333333]]
jackknife_plus_ab,linear,0.89,0.634903106,0.93830702,18281.54978,2655.260807,0.2,1000,normal,"(400, 2000, 2000, 2000)",[[0.83333333 0.85       0.86666667 0.93333333 0.96666667]]
jackknife_plus_ab,linear,0.883333333,1.629802041,0.849804668,15748.21029,2806.189913,0.5,1000,normal,"(400, 2000, 2000, 2000)",[[0.9        0.95       0.9        0.83333333 0.83333333]]
jackknife_plus_ab,linear,0.87,3.275113242,0.750744516,12006.87014,2709.335371,1.0,1000,normal,"(400, 2000, 2000, 2000)",[[0.85       0.91666667 0.86666667 0.83333333 0.88333333]]
cqr,linear,0.903333333,1.808866811,0.81911331,13169.38636,0.155999899,0.0,1000,normal,"(400, 2000, 2000, 2000)",[[0.85       0.9        0.91666667 0.93333333 0.91666667]]
cqr,linear,0.906666667,1.078478703,0.895205287,16206.7796,0.207782269,0.2,1000,normal,"(400, 2000, 2000, 2000)",[[0.8        0.9        0.93333333 0.9        1.        ]]
cqr,linear,0.886666667,1.720723444,0.841425854,15453.02735,0.278898954,0.5,1000,normal,"(400, 2000, 2000, 2000)",[[0.85       0.85       0.88333333 0.88333333 0.96666667]]
cqr,linear,0.883333333,3.5251941,0.731712408,11597.23484,0.107792139,1.0,1000,normal,"(400, 2000, 2000, 2000)",[[0.83333333 0.83333333 0.86666667 0.95       0.93333333]]
split,cube,0.963333333,0.082065124,0.990440928,4063.489823,12.41452265,0.0,100,normal,"(200, 1000, 1000, 1000)",999
split,cube,0.926666667,0.765608575,0.918528497,4030.142217,9.44013834,0.2,100,normal,"(200, 1000, 1000, 1000)",999
split,cube,0.91,1.970846094,0.818949814,2194.847149,4.320968866,0.5,100,normal,"(200, 1000, 1000, 1000)",999
split,cube,0.906666667,3.55844666,0.720404597,1237.492321,7.084203243,1.0,100,normal,"(200, 1000, 1000, 1000)",999
jackknife_plus,cube,0.983333333,0.067081925,0.992182551,4059.025016,41.13825965,0.0,100,normal,"(200, 1000, 1000, 1000)",[[1.         1.         1.         1.         0.91666667]]
jackknife_plus,cube,0.933333333,0.86048183,0.908432375,3747.797541,22.2431016,0.2,100,normal,"(200, 1000, 1000, 1000)",[[0.91666667 1.         0.91666667 0.91666667 0.91666667]]
jackknife_plus,cube,0.953333333,2.439088691,0.77593298,1161.038874,9.641969681,0.5,100,normal,"(200, 1000, 1000, 1000)",[[0.96666667 1.         0.98333333 0.95       0.86666667]]
jackknife_plus,cube,0.93,3.875208631,0.695515283,796.4857498,20.99275994,1.0,100,normal,"(200, 1000, 1000, 1000)",[[0.93333333 0.96666667 0.91666667 0.93333333 0.9       ]]
jackknife_plus_ab,cube,0.95,0.185583247,0.978389516,3719.407016,272.1105807,0.0,100,normal,"(200, 1000, 1000, 1000)",[[1.   1.   1.   1.   0.75]]
jackknife_plus_ab,cube,0.896666667,0.699423989,0.925572053,4055.894205,206.2781217,0.2,100,normal,"(200, 1000, 1000, 1000)",[[0.93333333 0.9        0.88333333 0.9        0.86666667]]
jackknife_plus_ab,cube,0.863333333,1.782724381,0.836230413,1948.266449,157.8357687,0.5,100,normal,"(200, 1000, 1000, 1000)",[[0.93333333 0.85       0.9        0.85       0.78333333]]
jackknife_plus_ab,cube,0.883333333,3.245756963,0.744973173,1320.614035,153.1364989,1.0,100,normal,"(200, 1000, 1000, 1000)",[[0.9        0.88333333 0.93333333 0.81666667 0.88333333]]
cqr,cube,0.903333333,0.928775734,0.891859726,2454.427816,0.526568174,0.0,100,normal,"(200, 1000, 1000, 1000)",[[0.88333333 0.93333333 0.81666667 0.93333333 0.95      ]]
cqr,cube,0.913333333,1.431518873,0.847667361,2584.729261,0.039964199,0.2,100,normal,"(200, 1000, 1000, 1000)",[[0.8        0.98333333 0.98333333 0.91666667 0.88333333]]
cqr,cube,0.9,2.238520616,0.794360203,1341.715056,0.040968418,0.5,100,normal,"(200, 1000, 1000, 1000)",[[0.86666667 0.96666667 0.9        0.95       0.81666667]]
cqr,cube,0.94,4.547596237,0.642683834,738.5536651,0.040998936,1.0,100,normal,"(200, 1000, 1000, 1000)",[[0.85       0.98333333 0.91666667 0.98333333 0.96666667]]
split,cube,0.996666667,10.06621761,0.174141387,74.33127774,4.046137571,4.0,100,student,"(200, 1000, 1000, 1000)",999
split,cube,0.936666667,5.266255037,0.69502701,1108.557685,3.976360083,5.0,100,student,"(200, 1000, 1000, 1000)",999
split,cube,0.893333333,3.589475383,0.761516272,2356.809754,5.482563019,10.0,100,student,"(200, 1000, 1000, 1000)",999
split,cube,0.516666667,1.445965116,0.842232881,3327.600507,13.8644681,1000.0,100,student,"(200, 1000, 1000, 1000)",999
jackknife_plus,cube,0.953333333,5.557196138,0.54407256,455.7384255,12.07022595,4.0,100,student,"(200, 1000, 1000, 1000)",[[0.93333333 0.95       0.95       0.93333333 1.        ]]
jackknife_plus,cube,0.92,5.304847526,0.692792752,977.9803992,8.069253922,5.0,100,student,"(200, 1000, 1000, 1000)",[[0.93333333 0.91666667 0.96666667 0.88333333 0.9       ]]
jackknife_plus,cube,0.91,3.696113535,0.754431223,2150.051338,14.85223389,10.0,100,student,"(200, 1000, 1000, 1000)",[[0.91666667 0.91666667 0.88333333 0.93333333 0.9       ]]
jackknife_plus,cube,0.926666667,4.062028648,0.557145354,549.4791763,9.428302765,1000.0,100,student,"(200, 1000, 1000, 1000)",[[0.86666667 0.91666667 0.96666667 0.98333333 0.9       ]]
jackknife_plus_ab,cube,0.863333333,4.105268634,0.663192881,1229.977476,193.9318776,4.0,100,student,"(200, 1000, 1000, 1000)",[[0.93333333 0.81666667 0.86666667 0.88333333 0.81666667]]
jackknife_plus_ab,cube,0.923333333,4.872754793,0.717815394,1104.601058,116.6031539,5.0,100,student,"(200, 1000, 1000, 1000)",[[0.91666667 0.91666667 0.96666667 0.95       0.86666667]]
jackknife_plus_ab,cube,0.883333333,3.486191625,0.768378235,2065.796222,151.3831789,10.0,100,student,"(200, 1000, 1000, 1000)",[[0.98333333 0.86666667 0.86666667 0.9        0.8       ]]
jackknife_plus_ab,cube,0.886666667,3.533374856,0.614781024,921.3177513,200.7581463,1000.0,100,student,"(200, 1000, 1000, 1000)",[[0.86666667 0.88333333 0.9        0.86666667 0.91666667]]
cqr,cube,0.873333333,5.025439168,0.587700325,885.5856762,0.042967558,4.0,100,student,"(200, 1000, 1000, 1000)",[[0.85       0.81666667 0.78333333 0.93333333 0.98333333]]
cqr,cube,0.913333333,5.051177734,0.707483077,1100.979769,0.046000719,5.0,100,student,"(200, 1000, 1000, 1000)",[[0.8        0.95       0.98333333 0.96666667 0.86666667]]
cqr,cube,0.883333333,4.107157265,0.727121471,1591.24333,0.04296279,10.0,100,student,"(200, 1000, 1000, 1000)",[[0.9        0.91666667 0.85       0.86666667 0.88333333]]
cqr,cube,0.896666667,4.182994603,0.543957681,667.5052545,0.04096818,1000.0,100,student,"(200, 1000, 1000, 1000)",[[0.8        0.85       0.91666667 0.98333333 0.93333333]]
split,cube,0.76,0.794883098,0.915526146,2901.028249,0.932837009,0.0,100,normal,"(400, 2000)",999
split,cube,0.863333333,0.63573759,0.890499629,3407.587101,2.65138483,0.2,100,normal,"(400, 2000)",999
split,cube,0.92,2.070470746,0.74446007,2229.309833,1.697470903,0.5,100,normal,"(400, 2000)",999
split,cube,0.803333333,2.635318934,0.749960607,1973.90878,3.183137178,1.0,100,normal,"(400, 2000)",999
jackknife_plus,cube,0.94,0.967183883,0.897235787,2684.594867,3.734022379,0.0,100,normal,"(400, 2000)",[[1.  1.  1.  1.  0.7]]
jackknife_plus,cube,0.973333333,1.550604766,0.732920548,1304.796356,4.422997236,0.2,100,normal,"(400, 2000)",[[0.98333333 1.         1.         0.96666667 0.91666667]]
jackknife_plus,cube,0.93,2.284120614,0.718090835,1491.054641,5.895269394,0.5,100,normal,"(400, 2000)",[[0.96666667 0.93333333 0.86666667 0.91666667 0.96666667]]
jackknife_plus,cube,0.893333333,3.378530924,0.679453514,1272.957707,6.839677095,1.0,100,normal,"(400, 2000)",[[0.9        0.88333333 0.91666667 0.9        0.86666667]]
jackknife_plus_ab,cube,0.91,0.332103112,0.964714123,4222.174421,98.48776484,0.0,100,normal,"(400, 2000)",[[1.   1.   1.   1.   0.55]]
jackknife_plus_ab,cube,0.906666667,0.84375479,0.854671993,2714.45011,77.52034664,0.2,100,normal,"(400, 2000)",[[0.96666667 0.9        0.91666667 0.91666667 0.83333333]]
jackknife_plus_ab,cube,0.903333333,1.906194089,0.764735554,2141.684481,69.76427913,0.5,100,normal,"(400, 2000)",[[0.95       0.88333333 0.86666667 0.93333333 0.88333333]]
jackknife_plus_ab,cube,0.86,3.081288581,0.707654013,1355.911144,62.76787591,1.0,100,normal,"(400, 2000)",[[0.86666667 0.83333333 0.76666667 0.96666667 0.86666667]]
cqr,cube,0.89,1.028732461,0.89069763,2996.886286,0.045968771,0.0,100,normal,"(400, 2000)",[[0.98333333 0.86666667 0.9        0.98333333 0.71666667]]
cqr,cube,0.92,1.568404641,0.729858355,2015.511908,0.040968418,0.2,100,normal,"(400, 2000)",[[0.85       0.9        0.93333333 0.93333333 0.98333333]]
cqr,cube,0.87,2.329459647,0.71249505,1918.136185,0.038967371,0.5,100,normal,"(400, 2000)",[[0.83333333 0.8        0.93333333 0.91666667 0.86666667]]
cqr,cube,0.91,3.774187919,0.641914547,811.0464261,0.039966106,1.0,100,normal,"(400, 2000)",[[0.85       0.86666667 0.96666667 0.88333333 0.98333333]]
split,cube,0.886666667,4.648249845,0.744946894,1703.349431,1.276974201,4.0,100,student,"(400, 2000)",999
split,cube,0.973333333,6.260175264,0.397877508,251.7708673,0.893972397,5.0,100,student,"(400, 2000)",999
split,cube,0.836666667,3.484564101,0.566157473,803.9370336,2.198987484,10.0,100,student,"(400, 2000)",999
split,cube,0.963333333,5.67331082,0.384135619,358.329291,0.904196739,1000.0,100,student,"(400, 2000)",999
jackknife_plus,cube,0.936666667,5.79644984,0.68194351,1066.182573,4.051275492,4.0,100,student,"(400, 2000)",[[0.93333333 0.95       0.91666667 0.96666667 0.91666667]]
jackknife_plus,cube,0.913333333,4.382112126,0.578516666,785.4727892,3.336335659,5.0,100,student,"(400, 2000)",[[0.95       0.91666667 1.         0.88333333 0.81666667]]
jackknife_plus,cube,0.98,5.265116633,0.344472604,321.7820221,4.476126671,10.0,100,student,"(400, 2000)",[[0.95       0.98333333 0.98333333 1.         0.98333333]]
jackknife_plus,cube,0.923333333,3.763581483,0.591446356,1032.982516,3.601550341,1000.0,100,student,"(400, 2000)",[[0.93333333 0.95       0.93333333 0.96666667 0.83333333]]
jackknife_plus_ab,cube,0.89,4.975663399,0.726981525,1366.109897,70.51044464,4.0,100,student,"(400, 2000)",[[0.88333333 0.88333333 0.86666667 0.93333333 0.88333333]]
jackknife_plus_ab,cube,0.903333333,4.094141374,0.606214557,918.4536921,74.23658848,5.0,100,student,"(400, 2000)",[[0.83333333 0.93333333 0.95       0.9        0.9       ]]
jackknife_plus_ab,cube,0.976666667,4.712105324,0.413324195,540.3549714,98.18203735,10.0,100,student,"(400, 2000)",[[0.95       1.         0.98333333 0.96666667 0.98333333]]
jackknife_plus_ab,cube,0.916666667,3.583239852,0.611023385,1267.655621,56.57573652,1000.0,100,student,"(400, 2000)",[[0.93333333 0.96666667 0.96666667 0.95       0.76666667]]
cqr,cube,0.876666667,5.009305766,0.725135221,1481.477574,0.046007156,4.0,100,student,"(400, 2000)",[[0.85       0.81666667 0.88333333 0.85       0.98333333]]
cqr,cube,0.903333333,4.644357471,0.553293306,850.2138643,0.043965578,5.0,100,student,"(400, 2000)",[[0.8        0.95       0.93333333 0.9        0.93333333]]
cqr,cube,0.896666667,4.666002274,0.419066609,574.9837612,0.040997505,10.0,100,student,"(400, 2000)",[[0.86666667 0.88333333 0.9        0.91666667 0.91666667]]
cqr,cube,0.92,4.208048373,0.543197625,940.1137832,0.042001247,1000.0,100,student,"(400, 2000)",[[0.91666667 0.91666667 0.93333333 0.85       0.98333333]]
split,cube,0.843333333,0.437541817,0.939084735,3251.394461,29.905406,0.0,100,normal,"(400, 2000, 2000, 2000)",999
split,cube,0.933333333,0.743554432,0.908953839,3846.800524,34.06922197,0.2,100,normal,"(400, 2000, 2000, 2000)",999
split,cube,1.0,4.770866533,0.403972307,775.7162132,19.96193552,0.5,100,normal,"(400, 2000, 2000, 2000)",999
split,cube,0.993333333,6.005807312,0.424797515,445.933462,20.48682523,1.0,100,normal,"(400, 2000, 2000, 2000)",999
jackknife_plus,cube,0.983333333,0.530075379,0.926199288,2957.194795,120.8893783,0.0,100,normal,"(400, 2000, 2000, 2000)",[[1.         1.         0.91666667 1.         1.        ]]
jackknife_plus,cube,0.966666667,1.425447036,0.825456264,2196.531804,53.25603485,0.2,100,normal,"(400, 2000, 2000, 2000)",[[1.         0.95       0.96666667 1.         0.91666667]]
jackknife_plus,cube,0.933333333,2.224506825,0.722091888,1994.870868,51.28826237,0.5,100,normal,"(400, 2000, 2000, 2000)",[[0.98333333 0.95       0.93333333 0.88333333 0.91666667]]
jackknife_plus,cube,0.953333333,4.258633044,0.592132991,731.8766216,39.74575162,1.0,100,normal,"(400, 2000, 2000, 2000)",[[0.93333333 0.96666667 0.98333333 0.91666667 0.96666667]]
jackknife_plus_ab,cube,0.926666667,0.147793403,0.97942429,4148.11029,907.2616537,0.0,100,normal,"(400, 2000, 2000, 2000)",[[1.         1.         1.         1.         0.63333333]]
jackknife_plus_ab,cube,0.903333333,0.751263656,0.908010876,3793.746497,688.3996353,0.2,100,normal,"(400, 2000, 2000, 2000)",[[0.85       0.9        0.91666667 0.95       0.9       ]]
jackknife_plus_ab,cube,0.9,1.737502256,0.782934099,2302.738871,523.2168353,0.5,100,normal,"(400, 2000, 2000, 2000)",[[0.91666667 0.85       0.95       0.86666667 0.91666667]]
jackknife_plus_ab,cube,0.896666667,3.262919077,0.687497944,1496.591927,553.4033632,1.0,100,normal,"(400, 2000, 2000, 2000)",[[0.93333333 0.9        0.91666667 0.9        0.83333333]]
cqr,cube,0.906666667,0.850798813,0.881556266,2577.112944,0.048784971,0.0,100,normal,"(400, 2000, 2000, 2000)",[[0.83333333 1.         0.93333333 0.83333333 0.93333333]]
cqr,cube,0.923333333,1.448159183,0.822678477,2364.171707,0.04100132,0.2,100,normal,"(400, 2000, 2000, 2000)",[[0.91666667 1.         0.95       0.96666667 0.78333333]]
cqr,cube,0.91,2.79505759,0.650813802,1426.886347,0.040966749,0.5,100,normal,"(400, 2000, 2000, 2000)",[[0.81666667 0.86666667 0.95       0.91666667 1.        ]]
cqr,cube,0.906666667,3.746149551,0.641217121,1133.236652,0.042970181,1.0,100,normal,"(400, 2000, 2000, 2000)",[[0.86666667 0.86666667 0.93333333 0.95       0.91666667]]
split,cube,0.896666667,4.632093546,0.67283574,1294.500564,24.88555837,4.0,100,student,"(400, 2000, 2000, 2000)",999
split,cube,0.98,7.770561158,0.234940114,383.1289507,15.95758319,5.0,100,student,"(400, 2000, 2000, 2000)",999
split,cube,0.99,6.393858374,0.538897181,426.3695674,12.2727139,10.0,100,student,"(400, 2000, 2000, 2000)",999
split,cube,0.916666667,3.80225708,0.606759111,1165.396484,13.71873283,1000.0,100,student,"(400, 2000, 2000, 2000)",999
jackknife_plus,cube,0.913333333,5.283607597,0.62681927,750.7970862,41.87951088,4.0,100,student,"(400, 2000, 2000, 2000)",[[0.93333333 0.91666667 0.91666667 0.91666667 0.88333333]]
jackknife_plus,cube,0.936666667,5.250968302,0.483010006,834.7486033,48.47445965,5.0,100,student,"(400, 2000, 2000, 2000)",[[0.91666667 0.95       0.93333333 0.93333333 0.95      ]]
jackknife_plus,cube,0.95,4.395216511,0.683033571,859.7163258,41.28748035,10.0,100,student,"(400, 2000, 2000, 2000)",[[0.98333333 0.91666667 0.93333333 0.95       0.96666667]]
jackknife_plus,cube,0.923333333,3.877316463,0.59899609,1028.354326,41.24594665,1000.0,100,student,"(400, 2000, 2000, 2000)",[[0.86666667 0.98333333 0.95       0.91666667 0.9       ]]
jackknife_plus_ab,cube,0.88,4.286111125,0.697272168,1393.159974,535.4866719,4.0,100,student,"(400, 2000, 2000, 2000)",[[0.81666667 0.88333333 0.91666667 0.9        0.88333333]]
jackknife_plus_ab,cube,0.906666667,4.087332779,0.59757753,1375.865357,567.0408297,5.0,100,student,"(400, 2000, 2000, 2000)",[[0.91666667 0.81666667 0.93333333 0.88333333 0.98333333]]
jackknife_plus_ab,cube,0.83,2.966918532,0.786034333,2036.730546,557.2934012,10.0,100,student,"(400, 2000, 2000, 2000)",[[0.78333333 0.8        0.85       0.83333333 0.88333333]]
jackknife_plus_ab,cube,0.88,3.324802299,0.656138809,1694.164715,451.4917319,1000.0,100,student,"(400, 2000, 2000, 2000)",[[0.86666667 0.83333333 0.85       0.88333333 0.96666667]]
cqr,cube,0.89,5.143878203,0.63668839,1056.299031,0.053002119,4.0,100,student,"(400, 2000, 2000, 2000)",[[0.83333333 0.83333333 0.93333333 0.91666667 0.93333333]]
cqr,cube,0.89,4.600274517,0.547075309,1276.664644,0.050278902,5.0,100,student,"(400, 2000, 2000, 2000)",[[0.75       0.93333333 0.86666667 0.9        1.        ]]
cqr,cube,0.896666667,4.14683722,0.700947352,983.8061464,0.055999517,10.0,100,student,"(400, 2000, 2000, 2000)",[[0.9        0.81666667 0.86666667 0.96666667 0.93333333]]
cqr,cube,0.873333333,4.342241186,0.550912128,1061.52265,0.04851222,1000.0,100,student,"(400, 2000, 2000, 2000)",[[0.7        0.81666667 0.9        1.         0.95      ]]
split,cube,0.893333333,0.051805311,0.995659117,5815.751272,13.97535276,0.0,300,normal,"(200, 1000, 1000, 1000)",999
split,cube,0.933333333,1.138705988,0.829753491,2908.257223,10.41622996,0.2,300,normal,"(200, 1000, 1000, 1000)",999
split,cube,0.936666667,1.878654209,0.840914811,2523.258211,8.547497988,0.5,300,normal,"(200, 1000, 1000, 1000)",999
split,cube,0.87,3.023754395,0.654573815,2248.255845,11.22594285,1.0,300,normal,"(200, 1000, 1000, 1000)",999
jackknife_plus,cube,0.976666667,0.11012936,0.990766285,5641.641235,41.02224255,0.0,300,normal,"(200, 1000, 1000, 1000)",[[1.         1.         0.98333333 0.98333333 0.91666667]]
jackknife_plus,cube,0.926666667,0.824679403,0.876703258,2996.656976,48.30947304,0.2,300,normal,"(200, 1000, 1000, 1000)",[[0.96666667 0.91666667 0.91666667 0.9        0.93333333]]
jackknife_plus,cube,0.94,1.893187707,0.839683904,2467.40664,31.56567049,0.5,300,normal,"(200, 1000, 1000, 1000)",[[0.98333333 0.96666667 0.91666667 0.95       0.88333333]]
jackknife_plus,cube,0.923333333,3.489136002,0.601410129,2093.370725,32.26619458,1.0,300,normal,"(200, 1000, 1000, 1000)",[[0.93333333 0.9        0.93333333 0.9        0.95      ]]
jackknife_plus_ab,cube,0.926666667,0.033816357,0.997165771,5861.880078,489.1623099,0.0,300,normal,"(200, 1000, 1000, 1000)",[[1.         1.         1.         0.85       0.78333333]]
jackknife_plus_ab,cube,0.88,0.666834884,0.90030253,3271.442948,387.4685595,0.2,300,normal,"(200, 1000, 1000, 1000)",[[0.91666667 0.83333333 0.93333333 0.88333333 0.83333333]]
jackknife_plus_ab,cube,0.906666667,1.737346743,0.852881791,2611.694997,356.5109596,0.5,300,normal,"(200, 1000, 1000, 1000)",[[0.93333333 0.96666667 0.93333333 0.85       0.85      ]]
jackknife_plus_ab,cube,0.903333333,3.183881461,0.63628191,2319.698158,304.85552,1.0,300,normal,"(200, 1000, 1000, 1000)",[[0.93333333 0.86666667 0.86666667 0.91666667 0.93333333]]
cqr,cube,0.88,0.552614775,0.95369526,4118.271147,0.059001446,0.0,300,normal,"(200, 1000, 1000, 1000)",[[1.         0.86666667 0.86666667 0.88333333 0.78333333]]
cqr,cube,0.903333333,1.003173555,0.850017579,2555.624836,0.059883356,0.2,300,normal,"(200, 1000, 1000, 1000)",[[0.88333333 0.88333333 0.86666667 0.98333333 0.9       ]]
cqr,cube,0.926666667,2.127432311,0.819848879,2054.311808,0.0660007,0.5,300,normal,"(200, 1000, 1000, 1000)",[[0.8        0.93333333 0.96666667 0.96666667 0.96666667]]
cqr,cube,0.9,3.696288475,0.577745913,1655.242001,0.071205139,1.0,300,normal,"(200, 1000, 1000, 1000)",[[0.78333333 0.9        0.95       0.95       0.91666667]]
split,cube,0.96,7.415604473,0.568114834,667.425603,6.497128963,4.0,300,student,"(200, 1000, 1000, 1000)",999
split,cube,0.96,5.277162284,0.603351156,1161.644903,15.34877658,5.0,300,student,"(200, 1000, 1000, 1000)",999
split,cube,0.93,4.265793338,0.560614838,747.2079001,11.28520346,10.0,300,student,"(200, 1000, 1000, 1000)",999
split,cube,0.896666667,3.51980809,0.683095702,1569.405398,9.900698423,1000.0,300,student,"(200, 1000, 1000, 1000)",999
jackknife_plus,cube,0.923333333,4.879967918,0.715791387,1796.062622,28.87225747,4.0,300,student,"(200, 1000, 1000, 1000)",[[0.95       0.93333333 0.9        0.93333333 0.9       ]]
jackknife_plus,cube,0.94,4.408388895,0.668651761,1511.925191,38.309515,5.0,300,student,"(200, 1000, 1000, 1000)",[[0.91666667 0.98333333 0.91666667 0.91666667 0.96666667]]
jackknife_plus,cube,0.903333333,3.657152393,0.623306486,1093.041584,32.82550263,10.0,300,student,"(200, 1000, 1000, 1000)",[[0.88333333 0.98333333 0.93333333 0.86666667 0.85      ]]
jackknife_plus,cube,0.893333333,3.329354243,0.700243102,1835.143003,36.22838044,1000.0,300,student,"(200, 1000, 1000, 1000)",[[0.86666667 0.91666667 0.91666667 0.91666667 0.85      ]]
jackknife_plus_ab,cube,0.906666667,4.732938361,0.724354712,1953.544394,288.7358658,4.0,300,student,"(200, 1000, 1000, 1000)",[[0.91666667 0.88333333 0.95       0.85       0.93333333]]
jackknife_plus_ab,cube,0.926666667,4.178552877,0.685927478,1607.449135,310.0277178,5.0,300,student,"(200, 1000, 1000, 1000)",[[0.95       0.91666667 0.95       0.9        0.91666667]]
jackknife_plus_ab,cube,0.873333333,3.469903276,0.642593044,1250.597022,274.145787,10.0,300,student,"(200, 1000, 1000, 1000)",[[0.93333333 0.96666667 0.88333333 0.78333333 0.8       ]]
jackknife_plus_ab,cube,0.856666667,3.100859762,0.720814175,1989.144584,278.2082996,1000.0,300,student,"(200, 1000, 1000, 1000)",[[0.9        0.86666667 0.83333333 0.86666667 0.81666667]]
cqr,cube,0.893333333,5.523673068,0.678302505,1427.669961,0.072003365,4.0,300,student,"(200, 1000, 1000, 1000)",[[0.73333333 0.88333333 0.91666667 1.         0.93333333]]
cqr,cube,0.896666667,4.323865361,0.675005855,1539.293879,0.067003489,5.0,300,student,"(200, 1000, 1000, 1000)",[[0.8        0.93333333 0.86666667 0.93333333 0.95      ]]
cqr,cube,0.913333333,4.012080807,0.586748101,1125.55918,0.05900383,10.0,300,student,"(200, 1000, 1000, 1000)",[[0.83333333 0.9        0.95       0.96666667 0.91666667]]
cqr,cube,0.88,3.709422962,0.666023556,1540.818845,0.061002731,1000.0,300,student,"(200, 1000, 1000, 1000)",[[0.83333333 0.78333333 0.85       0.95       0.98333333]]
split,cube,0.903333333,0.042045577,0.993543881,3581.73833,9.024357557,0.0,300,normal,"(400, 2000)",999
split,cube,0.96,0.884479734,0.852159323,2209.260876,6.029337168,0.2,300,normal,"(400, 2000)",999
split,cube,0.91,1.85703972,0.761008295,2013.108826,3.857171535,0.5,300,normal,"(400, 2000)",999
split,cube,0.913333333,3.983367798,0.63942737,967.7763507,2.854756355,1.0,300,normal,"(400, 2000)",999
jackknife_plus,cube,0.956666667,0.080103834,0.987696865,3444.541313,24.63811207,0.0,300,normal,"(400, 2000)",[[1.         1.         1.         1.         0.78333333]]
jackknife_plus,cube,0.9,0.717778405,0.880025919,2399.882821,17.67208838,0.2,300,normal,"(400, 2000)",[[0.88333333 0.91666667 0.9        0.93333333 0.86666667]]
jackknife_plus,cube,0.91,1.801158493,0.768199926,1853.671816,15.93944311,0.5,300,normal,"(400, 2000)",[[0.9        0.96666667 0.91666667 0.85       0.91666667]]
jackknife_plus,cube,0.893333333,3.509923964,0.682283359,1435.920606,16.45498252,1.0,300,normal,"(400, 2000)",[[0.91666667 0.9        0.9        0.86666667 0.88333333]]
jackknife_plus_ab,cube,0.95,0.04011033,0.993838565,3560.824586,257.414768,0.0,300,normal,"(400, 2000)",[[1.   1.   1.   1.   0.75]]
jackknife_plus_ab,cube,0.876666667,0.664575422,0.888918123,2481.778465,184.9971404,0.2,300,normal,"(400, 2000)",[[0.93333333 0.9        0.85       0.9        0.8       ]]
jackknife_plus_ab,cube,0.866666667,1.610727101,0.79270668,2299.194781,163.1535106,0.5,300,normal,"(400, 2000)",[[0.85       0.88333333 0.83333333 0.93333333 0.83333333]]
jackknife_plus_ab,cube,0.883333333,3.343258128,0.697369706,1635.120368,139.177074,1.0,300,normal,"(400, 2000)",[[0.88333333 0.88333333 0.88333333 0.91666667 0.85      ]]
cqr,cube,0.896666667,0.338664144,0.947998029,2536.04925,0.056968451,0.0,300,normal,"(400, 2000)",[[0.98333333 0.83333333 0.91666667 0.93333333 0.81666667]]
cqr,cube,0.896666667,0.890976257,0.851076511,2042.186124,0.05896759,0.2,300,normal,"(400, 2000)",[[0.83333333 0.83333333 0.95       0.88333333 0.98333333]]
cqr,cube,0.913333333,2.279417963,0.7066503,1393.883824,0.080769539,0.5,300,normal,"(400, 2000)",[[0.78333333 0.95       0.91666667 0.95       0.96666667]]
cqr,cube,0.89,3.887210663,0.648131516,1248.584742,0.058084488,1.0,300,normal,"(400, 2000)",[[0.8        0.9        0.86666667 0.93333333 0.95      ]]
split,cube,0.926666667,5.328712917,0.699803552,1094.882033,3.176375151,4.0,300,student,"(400, 2000)",999
split,cube,0.853333333,3.471729278,0.718539412,1368.585248,2.139556408,5.0,300,student,"(400, 2000)",999
split,cube,0.89,3.867116463,0.701907249,1661.603522,2.680724382,10.0,300,student,"(400, 2000)",999
split,cube,0.886666667,3.679996292,0.632056704,814.3636987,2.220889568,1000.0,300,student,"(400, 2000)",999
jackknife_plus,cube,0.903333333,4.513937226,0.745704874,1329.77997,12.23079276,4.0,300,student,"(400, 2000)",[[0.93333333 0.88333333 0.88333333 0.91666667 0.9       ]]
jackknife_plus,cube,0.933333333,4.575446233,0.629060059,1127.925879,10.19994164,5.0,300,student,"(400, 2000)",[[0.91666667 0.88333333 0.98333333 0.93333333 0.95      ]]
jackknife_plus,cube,0.893333333,3.967274657,0.694186697,1356.200819,9.045032501,10.0,300,student,"(400, 2000)",[[0.9        0.91666667 0.95       0.86666667 0.83333333]]
jackknife_plus,cube,0.913333333,3.684556685,0.631600734,1067.638483,9.475050211,1000.0,300,student,"(400, 2000)",[[0.88333333 0.86666667 0.95       0.96666667 0.9       ]]
jackknife_plus_ab,cube,0.873333333,4.020501708,0.773502292,1722.349103,126.0246794,4.0,300,student,"(400, 2000)",[[0.91666667 0.86666667 0.91666667 0.83333333 0.83333333]]
jackknife_plus_ab,cube,0.93,4.185053816,0.660709944,1346.175206,125.3964283,5.0,300,student,"(400, 2000)",[[0.95       0.93333333 0.91666667 0.98333333 0.86666667]]
jackknife_plus_ab,cube,0.876666667,3.795029407,0.70746369,1645.908277,128.0496421,10.0,300,student,"(400, 2000)",[[0.9        0.85       0.83333333 0.88333333 0.91666667]]
jackknife_plus_ab,cube,0.893333333,3.336627062,0.666388443,1308.872321,132.9776461,1000.0,300,student,"(400, 2000)",[[0.88333333 0.95       0.88333333 0.86666667 0.88333333]]
cqr,cube,0.876666667,4.598857529,0.740920448,1523.204246,0.075996876,4.0,300,student,"(400, 2000)",[[0.78333333 0.91666667 0.91666667 0.88333333 0.88333333]]
cqr,cube,0.93,4.610357442,0.626229883,1199.670774,0.064759016,5.0,300,student,"(400, 2000)",[[0.86666667 0.91666667 0.93333333 0.98333333 0.95      ]]
cqr,cube,0.926666667,4.444524184,0.657397973,1304.796916,0.10997057,10.0,300,student,"(400, 2000)",[[0.85       0.88333333 0.95       0.98333333 0.96666667]]
cqr,cube,0.896666667,3.827820598,0.617276646,886.4272909,0.062970638,1000.0,300,student,"(400, 2000)",[[0.71666667 0.95       0.95       0.96666667 0.9       ]]
split,cube,0.92,0.030005976,0.997224151,5688.485345,71.98511577,0.0,300,normal,"(400, 2000, 2000, 2000)",999
split,cube,0.9,0.667374146,0.931947737,2858.430716,53.02568126,0.2,300,normal,"(400, 2000, 2000, 2000)",999
split,cube,0.953333333,2.299732224,0.774798583,1642.193774,27.66069484,0.5,300,normal,"(400, 2000, 2000, 2000)",999
split,cube,0.883333333,3.009794286,0.665261355,1431.158232,42.03665948,1.0,300,normal,"(400, 2000, 2000, 2000)",999
jackknife_plus,cube,0.97,0.162743821,0.984941929,5246.906903,196.0347869,0.0,300,normal,"(400, 2000, 2000, 2000)",[[1.   1.   1.   1.   0.85]]
jackknife_plus,cube,0.933333333,0.759324263,0.922570542,2543.342795,164.5064378,0.2,300,normal,"(400, 2000, 2000, 2000)",[[0.95       0.98333333 0.86666667 0.93333333 0.93333333]]
jackknife_plus,cube,0.94,2.221042647,0.782505141,1629.095092,79.89870548,0.5,300,normal,"(400, 2000, 2000, 2000)",[[0.95       0.93333333 0.9        0.95       0.96666667]]
jackknife_plus,cube,0.903333333,3.372894971,0.624878785,1133.801957,107.6964793,1.0,300,normal,"(400, 2000, 2000, 2000)",[[0.83333333 0.9        0.83333333 0.96666667 0.98333333]]
jackknife_plus_ab,cube,0.896666667,0.024046066,0.99777581,5675.810066,1794.081931,0.0,300,normal,"(400, 2000, 2000, 2000)",[[0.98333333 0.85       0.81666667 1.         0.83333333]]
jackknife_plus_ab,cube,0.87,0.614783539,0.937309567,2908.581737,1533.361349,0.2,300,normal,"(400, 2000, 2000, 2000)",[[0.95       0.86666667 0.83333333 0.88333333 0.81666667]]
jackknife_plus_ab,cube,0.91,1.661206958,0.837327716,2561.192854,1097.51121,0.5,300,normal,"(400, 2000, 2000, 2000)",[[0.86666667 0.9        0.93333333 0.93333333 0.91666667]]
jackknife_plus_ab,cube,0.866666667,2.944968625,0.672470469,1306.629538,1071.812152,1.0,300,normal,"(400, 2000, 2000, 2000)",[[0.86666667 0.86666667 0.81666667 0.86666667 0.91666667]]
cqr,cube,0.91,0.522133472,0.951704351,4083.044023,0.080003977,0.0,300,normal,"(400, 2000, 2000, 2000)",[[0.95       1.         0.81666667 0.96666667 0.81666667]]
cqr,cube,0.913333333,0.944014309,0.903738529,2389.881969,0.066001415,0.2,300,normal,"(400, 2000, 2000, 2000)",[[0.8        0.91666667 0.93333333 0.98333333 0.93333333]]
cqr,cube,0.9,2.015834468,0.802601219,2120.676974,0.058965206,0.5,300,normal,"(400, 2000, 2000, 2000)",[[0.8        0.88333333 0.91666667 0.93333333 0.96666667]]
cqr,cube,0.92,3.732688921,0.584863573,775.5210617,0.079133034,1.0,300,normal,"(400, 2000, 2000, 2000)",[[0.93333333 0.86666667 0.93333333 0.93333333 0.93333333]]
split,cube,0.966666667,6.976349037,0.482214299,585.9298557,36.81969285,4.0,300,student,"(400, 2000, 2000, 2000)",999
split,cube,0.933333333,4.752721717,0.678045339,1397.993178,37.72504091,5.0,300,student,"(400, 2000, 2000, 2000)",999
split,cube,0.94,4.324324384,0.522569411,716.1350263,32.6432209,10.0,300,student,"(400, 2000, 2000, 2000)",999
split,cube,0.78,2.496989041,0.729939,2143.56925,56.08243823,1000.0,300,student,"(400, 2000, 2000, 2000)",999
jackknife_plus,cube,0.926666667,5.188043599,0.61494376,993.8879631,87.10733819,4.0,300,student,"(400, 2000, 2000, 2000)",[[0.91666667 0.96666667 0.88333333 0.96666667 0.9       ]]
jackknife_plus,cube,0.946666667,5.107848165,0.653988064,842.8539612,97.61095285,5.0,300,student,"(400, 2000, 2000, 2000)",[[0.96666667 0.95       0.96666667 0.91666667 0.93333333]]
jackknife_plus,cube,0.893333333,3.628379288,0.599406476,1184.621904,114.9883382,10.0,300,student,"(400, 2000, 2000, 2000)",[[0.93333333 0.8        0.95       0.91666667 0.86666667]]
jackknife_plus,cube,0.906666667,3.497081486,0.621789035,1214.811188,116.6763935,1000.0,300,student,"(400, 2000, 2000, 2000)",[[0.93333333 0.88333333 0.9        0.93333333 0.88333333]]
jackknife_plus_ab,cube,0.883333333,4.475022026,0.667864364,1509.885196,1054.176871,4.0,300,student,"(400, 2000, 2000, 2000)",[[0.9        0.81666667 0.91666667 0.88333333 0.9       ]]
jackknife_plus_ab,cube,0.916666667,4.656315894,0.684576525,1264.263781,1208.525149,5.0,300,student,"(400, 2000, 2000, 2000)",[[0.93333333 0.88333333 0.96666667 0.9        0.9       ]]
jackknife_plus_ab,cube,0.88,3.478672186,0.615934763,1319.847092,1028.310052,10.0,300,student,"(400, 2000, 2000, 2000)",[[0.81666667 0.9        0.95       0.81666667 0.91666667]]
jackknife_plus_ab,cube,0.876666667,3.12099782,0.66246232,1614.857725,1068.048386,1000.0,300,student,"(400, 2000, 2000, 2000)",[[0.86666667 0.83333333 0.91666667 0.83333333 0.93333333]]
cqr,cube,0.89,5.058801129,0.624536492,1315.094095,0.10700345,4.0,300,student,"(400, 2000, 2000, 2000)",[[0.85       0.86666667 0.9        0.91666667 0.91666667]]
cqr,cube,0.916666667,5.401620496,0.634088894,1060.973536,0.086002827,5.0,300,student,"(400, 2000, 2000, 2000)",[[0.9        0.88333333 0.93333333 0.91666667 0.95      ]]
cqr,cube,0.886666667,3.939699527,0.565034896,1138.213516,0.089216948,10.0,300,student,"(400, 2000, 2000, 2000)",[[0.76666667 0.93333333 0.88333333 0.93333333 0.91666667]]
cqr,cube,0.906666667,3.766088886,0.592695765,975.0724088,0.077289581,1000.0,300,student,"(400, 2000, 2000, 2000)",[[0.83333333 0.95       0.85       1.         0.9       ]]
split,cube,0.96,0.094610764,0.988327721,4441.289436,32.76860332,0.0,500,normal,"(200, 1000, 1000, 1000)",999
split,cube,0.906666667,0.671581399,0.907677989,3420.592748,21.10973525,0.2,500,normal,"(200, 1000, 1000, 1000)",999
split,cube,0.876666667,1.572868249,0.857393922,3240.771735,17.87045193,0.5,500,normal,"(200, 1000, 1000, 1000)",999
split,cube,0.96,4.477875559,0.622501857,1654.744664,10.94383717,1.0,500,normal,"(200, 1000, 1000, 1000)",999
jackknife_plus,cube,0.99,0.052908958,0.993466481,4579.9544,57.2512567,0.0,500,normal,"(200, 1000, 1000, 1000)",[[1.   1.   0.95 1.   1.  ]]
jackknife_plus,cube,0.92,0.710748036,0.902293449,3246.519206,46.1036787,0.2,500,normal,"(200, 1000, 1000, 1000)",[[0.95       0.88333333 0.98333333 0.9        0.88333333]]
jackknife_plus,cube,0.903333333,1.671416951,0.848459366,3188.950349,44.75890756,0.5,500,normal,"(200, 1000, 1000, 1000)",[[0.95       0.91666667 0.95       0.86666667 0.83333333]]
jackknife_plus,cube,0.89,3.476964736,0.706883266,1882.123837,25.35552716,1.0,500,normal,"(200, 1000, 1000, 1000)",[[0.88333333 0.83333333 0.81666667 0.93333333 0.98333333]]
jackknife_plus_ab,cube,0.95,0.037012491,0.995432614,4637.478809,629.1039784,0.0,500,normal,"(200, 1000, 1000, 1000)",[[1.   1.   1.   0.95 0.8 ]]
jackknife_plus_ab,cube,0.903333333,0.67719962,0.906905685,3371.287075,593.7539296,0.2,500,normal,"(200, 1000, 1000, 1000)",[[0.88333333 0.9        0.91666667 0.91666667 0.9       ]]
jackknife_plus_ab,cube,0.903333333,1.663846481,0.84914575,3267.806178,480.9425864,0.5,500,normal,"(200, 1000, 1000, 1000)",[[0.93333333 0.93333333 0.95       0.86666667 0.83333333]]
jackknife_plus_ab,cube,0.883333333,3.323501089,0.719820499,2154.461058,444.8126006,1.0,500,normal,"(200, 1000, 1000, 1000)",[[0.83333333 0.9        0.9        0.9        0.88333333]]
cqr,cube,0.883333333,0.491966302,0.939323582,3392.171894,0.066969633,0.0,500,normal,"(200, 1000, 1000, 1000)",[[0.78333333 0.98333333 0.83333333 0.93333333 0.88333333]]
cqr,cube,0.933333333,0.906197223,0.875424532,2793.016766,0.078747034,0.2,500,normal,"(200, 1000, 1000, 1000)",[[0.85       0.96666667 0.9        0.96666667 0.98333333]]
cqr,cube,0.896666667,1.901347217,0.827612518,2549.739231,0.076968908,0.5,500,normal,"(200, 1000, 1000, 1000)",[[0.83333333 0.86666667 0.93333333 0.93333333 0.91666667]]
cqr,cube,0.93,4.120490777,0.652631925,1626.13158,0.084968567,1.0,500,normal,"(200, 1000, 1000, 1000)",[[0.86666667 0.9        0.96666667 0.96666667 0.95      ]]
split,cube,0.936666667,5.217940804,0.650991055,1415.024351,15.43733144,4.0,500,student,"(200, 1000, 1000, 1000)",999
split,cube,0.943333333,5.134614376,0.564176671,904.1813015,17.74322581,5.0,500,student,"(200, 1000, 1000, 1000)",999
split,cube,0.926666667,4.063049649,0.68739672,1741.412027,16.90146303,10.0,500,student,"(200, 1000, 1000, 1000)",999
split,cube,0.916666667,3.770487811,0.651526928,1380.092333,15.28901267,1000.0,500,student,"(200, 1000, 1000, 1000)",999
jackknife_plus,cube,0.923333333,5.051623709,0.662115883,1287.581667,34.97453761,4.0,500,student,"(200, 1000, 1000, 1000)",[[0.93333333 0.88333333 0.95       0.95       0.9       ]]
jackknife_plus,cube,0.933333333,4.480360972,0.619709587,1227.08481,31.61599159,5.0,500,student,"(200, 1000, 1000, 1000)",[[0.93333333 0.9        0.95       0.96666667 0.91666667]]
jackknife_plus,cube,0.91,3.717000504,0.714021456,1944.89408,36.22590137,10.0,500,student,"(200, 1000, 1000, 1000)",[[0.93333333 0.95       0.85       0.88333333 0.93333333]]
jackknife_plus,cube,0.886666667,3.373713417,0.68819734,1672.114518,39.74136233,1000.0,500,student,"(200, 1000, 1000, 1000)",[[0.95       0.83333333 0.83333333 0.91666667 0.9       ]]
jackknife_plus_ab,cube,0.92,4.952763093,0.668728383,1399.828556,400.392256,4.0,500,student,"(200, 1000, 1000, 1000)",[[0.91666667 0.83333333 0.95       0.95       0.95      ]]
jackknife_plus_ab,cube,0.933333333,4.257036848,0.638665152,1386.711569,431.2322612,5.0,500,student,"(200, 1000, 1000, 1000)",[[0.91666667 0.93333333 0.95       0.91666667 0.95      ]]
jackknife_plus_ab,cube,0.896666667,3.638058605,0.720095149,1863.108604,410.3574073,10.0,500,student,"(200, 1000, 1000, 1000)",[[0.9        0.86666667 0.93333333 0.91666667 0.86666667]]
jackknife_plus_ab,cube,0.86,3.042223826,0.718832968,2036.284774,428.0490818,1000.0,500,student,"(200, 1000, 1000, 1000)",[[0.9        0.85       0.9        0.83333333 0.81666667]]
cqr,cube,0.886666667,4.843617608,0.676028854,1492.354016,0.096001863,4.0,500,student,"(200, 1000, 1000, 1000)",[[0.81666667 0.88333333 0.93333333 0.86666667 0.93333333]]
cqr,cube,0.906666667,4.837218576,0.58942044,1118.626374,0.097869158,5.0,500,student,"(200, 1000, 1000, 1000)",[[0.81666667 0.9        0.91666667 0.9        1.        ]]
cqr,cube,0.896666667,3.829098426,0.705396933,1636.524974,0.085000038,10.0,500,student,"(200, 1000, 1000, 1000)",[[0.85       0.86666667 0.91666667 0.96666667 0.88333333]]
cqr,cube,0.95,4.243937755,0.607768792,1225.490967,0.082956791,1000.0,500,student,"(200, 1000, 1000, 1000)",[[0.93333333 0.93333333 0.96666667 0.95       0.96666667]]
split,cube,0.946666667,0.120273916,0.990303018,5471.813044,13.6704905,0.0,500,normal,"(400, 2000)",999
split,cube,0.943333333,0.927922322,0.917286324,3740.792416,8.234260559,0.2,500,normal,"(400, 2000)",999
split,cube,0.906666667,1.770447498,0.748321805,2167.014635,6.911533594,0.5,500,normal,"(400, 2000)",999
split,cube,0.786666667,2.788253804,0.734778423,2176.584941,5.731381178,1.0,500,normal,"(400, 2000)",999
jackknife_plus,cube,0.933333333,0.101232534,0.991838927,5625.385339,29.43940187,0.0,500,normal,"(400, 2000)",[[1.         1.         1.         0.86666667 0.8       ]]
jackknife_plus,cube,0.87,0.685276753,0.938915832,4106.195046,24.76248837,0.2,500,normal,"(400, 2000)",[[0.85       0.88333333 0.86666667 0.86666667 0.88333333]]
jackknife_plus,cube,0.906666667,1.709058278,0.757048596,2317.961489,18.08574533,0.5,500,normal,"(400, 2000)",[[0.91666667 0.95       0.9        0.86666667 0.9       ]]
jackknife_plus,cube,0.903333333,3.354939382,0.680886054,1698.004831,17.79275894,1.0,500,normal,"(400, 2000)",[[0.9        0.9        0.91666667 0.9        0.9       ]]
jackknife_plus_ab,cube,0.916666667,0.060949124,0.995086845,5745.517478,337.4417415,0.0,500,normal,"(400, 2000)",[[1.         1.         0.96666667 0.75       0.86666667]]
jackknife_plus_ab,cube,0.843333333,0.645906262,0.942423007,4210.475032,257.7696223,0.2,500,normal,"(400, 2000)",[[0.83333333 0.85       0.88333333 0.88333333 0.76666667]]
jackknife_plus_ab,cube,0.893333333,1.657575879,0.764367082,2373.129847,232.8984375,0.5,500,normal,"(400, 2000)",[[0.95       0.91666667 0.88333333 0.78333333 0.93333333]]
jackknife_plus_ab,cube,0.903333333,3.365992137,0.679834742,1682.687791,216.4396544,1.0,500,normal,"(400, 2000)",[[0.86666667 0.93333333 0.93333333 0.9        0.88333333]]
cqr,cube,0.903333333,0.481796115,0.961164229,4291.908995,0.064000845,0.0,500,normal,"(400, 2000)",[[0.86666667 0.96666667 0.83333333 0.95       0.9       ]]
cqr,cube,0.846666667,0.79822819,0.928845914,3759.268235,0.089002848,0.2,500,normal,"(400, 2000)",[[0.71666667 0.9        0.81666667 0.93333333 0.86666667]]
cqr,cube,0.903333333,1.970227967,0.719922015,2111.498087,0.086098194,0.5,500,normal,"(400, 2000)",[[0.78333333 0.85       0.96666667 0.95       0.96666667]]
cqr,cube,0.903333333,3.782402999,0.640226722,1366.430535,0.081965208,1.0,500,normal,"(400, 2000)",[[0.81666667 0.93333333 0.91666667 0.91666667 0.93333333]]
split,cube,0.946666667,5.621510638,0.653797678,1066.70134,5.936259508,4.0,500,student,"(400, 2000)",999
split,cube,0.903333333,3.829564397,0.683888105,1446.942045,9.003240347,5.0,500,student,"(400, 2000)",999
split,cube,0.946666667,3.997780728,0.516106091,528.5653071,6.021778822,10.0,500,student,"(400, 2000)",999
split,cube,0.926666667,3.473575604,0.694734729,1138.299286,9.909292459,1000.0,500,student,"(400, 2000)",999
jackknife_plus,cube,0.916666667,4.39399312,0.729395602,1525.68554,13.17794681,4.0,500,student,"(400, 2000)",[[0.86666667 0.91666667 0.91666667 0.95       0.93333333]]
jackknife_plus,cube,0.943333333,4.580205466,0.621925181,1043.847931,16.00328708,5.0,500,student,"(400, 2000)",[[0.93333333 0.95       0.91666667 0.96666667 0.95      ]]
jackknife_plus,cube,0.933333333,3.828639104,0.53657958,540.8209622,17.44891119,10.0,500,student,"(400, 2000)",[[0.91666667 0.95       0.96666667 0.91666667 0.91666667]]
jackknife_plus,cube,0.93,3.494974343,0.692854036,1138.426754,15.53898072,1000.0,500,student,"(400, 2000)",[[0.91666667 0.98333333 0.91666667 0.95       0.88333333]]
jackknife_plus_ab,cube,0.92,4.350072231,0.732100381,1527.169455,194.1748343,4.0,500,student,"(400, 2000)",[[0.9        0.9        0.96666667 0.9        0.93333333]]
jackknife_plus_ab,cube,0.933333333,4.293165,0.645619423,1256.933266,191.9411497,5.0,500,student,"(400, 2000)",[[0.9        0.95       0.95       0.91666667 0.95      ]]
jackknife_plus_ab,cube,0.933333333,3.820452238,0.53757052,550.4316891,200.0749564,10.0,500,student,"(400, 2000)",[[0.95       0.91666667 0.91666667 0.91666667 0.96666667]]
jackknife_plus_ab,cube,0.92,3.32773783,0.707551456,1243.95255,218.5648785,1000.0,500,student,"(400, 2000)",[[0.91666667 0.86666667 0.96666667 0.91666667 0.93333333]]
cqr,cube,0.94,5.321462061,0.672276527,1171.153698,0.092002869,4.0,500,student,"(400, 2000)",[[0.93333333 0.9        0.93333333 0.98333333 0.95      ]]
cqr,cube,0.946666667,5.092623457,0.579627477,1082.33603,0.098998308,5.0,500,student,"(400, 2000)",[[0.88333333 0.98333333 0.95       0.93333333 0.98333333]]
cqr,cube,0.94,4.212397858,0.490129098,557.0927267,0.08197546,10.0,500,student,"(400, 2000)",[[0.83333333 0.95       0.96666667 0.95       1.        ]]
cqr,cube,0.89,3.378419835,0.703097632,1405.44303,0.101973534,1000.0,500,student,"(400, 2000)",[[0.78333333 0.91666667 0.9        0.93333333 0.91666667]]
split,cube,0.98,0.39075413,0.937868258,3710.611417,65.09770918,0.0,500,normal,"(400, 2000, 2000, 2000)",999
split,cube,0.956666667,1.051929726,0.86180278,2579.469569,77.53792095,0.2,500,normal,"(400, 2000, 2000, 2000)",999
split,cube,0.82,1.367175769,0.88005553,3054.601345,45.60209274,0.5,500,normal,"(400, 2000, 2000, 2000)",999
split,cube,0.916666667,3.773451924,0.787421613,2256.276129,80.16168833,1.0,500,normal,"(400, 2000, 2000, 2000)",999
jackknife_plus,cube,0.943333333,0.02164743,0.996556418,4570.515312,251.3209472,0.0,500,normal,"(400, 2000, 2000, 2000)",[[0.86666667 0.9        1.         1.         0.95      ]]
jackknife_plus,cube,0.943333333,0.713737855,0.906232898,2849.173256,179.9192145,0.2,500,normal,"(400, 2000, 2000, 2000)",[[0.96666667 0.95       0.96666667 0.91666667 0.91666667]]
jackknife_plus,cube,0.89,1.593873873,0.860173431,2815.686207,120.759866,0.5,500,normal,"(400, 2000, 2000, 2000)",[[0.83333333 0.91666667 0.81666667 0.93333333 0.95      ]]
jackknife_plus,cube,0.91,3.771930814,0.787507445,1736.985619,183.1306829,1.0,500,normal,"(400, 2000, 2000, 2000)",[[0.88333333 0.91666667 0.88333333 0.91666667 0.95      ]]
jackknife_plus_ab,cube,0.98,0.033688667,0.994637496,4546.000004,2177.93326,0.0,500,normal,"(400, 2000, 2000, 2000)",[[1.         1.         1.         0.96666667 0.93333333]]
jackknife_plus_ab,cube,0.88,0.617407397,0.918889388,3044.670381,2018.457981,0.2,500,normal,"(400, 2000, 2000, 2000)",[[0.83333333 0.88333333 0.9        0.93333333 0.85      ]]
jackknife_plus_ab,cube,0.853333333,1.453210853,0.872511624,2970.55318,1637.182156,0.5,500,normal,"(400, 2000, 2000, 2000)",[[0.91666667 0.86666667 0.83333333 0.81666667 0.83333333]]
jackknife_plus_ab,cube,0.906666667,3.682676752,0.792535634,2093.914212,1861.666381,1.0,500,normal,"(400, 2000, 2000, 2000)",[[0.88333333 0.86666667 0.96666667 0.98333333 0.83333333]]
cqr,cube,0.906666667,0.449810265,0.928484923,3328.38535,0.087998629,0.0,500,normal,"(400, 2000, 2000, 2000)",[[1.         0.8        0.9        0.96666667 0.86666667]]
cqr,cube,0.9,0.907054733,0.880838112,2687.948635,0.088970423,0.2,500,normal,"(400, 2000, 2000, 2000)",[[0.76666667 0.95       0.91666667 0.9        0.96666667]]
cqr,cube,0.88,1.799307574,0.842151006,2438.325292,0.094985485,0.5,500,normal,"(400, 2000, 2000, 2000)",[[0.78333333 0.88333333 0.91666667 0.9        0.91666667]]
cqr,cube,0.926666667,3.967344972,0.776498275,1844.169942,0.085722208,1.0,500,normal,"(400, 2000, 2000, 2000)",[[0.85       0.96666667 0.93333333 0.95       0.93333333]]
split,cube,0.86,3.705635602,0.687001638,1846.288809,31.71295619,4.0,500,student,"(400, 2000, 2000, 2000)",999
split,cube,0.866666667,3.925943808,0.778470084,1767.147254,56.03914475,5.0,500,student,"(400, 2000, 2000, 2000)",999
split,cube,0.933333333,3.889116974,0.560173257,1341.418866,55.12579727,10.0,500,student,"(400, 2000, 2000, 2000)",999
split,cube,0.886666667,3.498692764,0.827226191,2572.392641,43.6144197,1000.0,500,student,"(400, 2000, 2000, 2000)",999
jackknife_plus,cube,0.896666667,4.354915294,0.632161189,1613.834866,121.9168479,4.0,500,student,"(400, 2000, 2000, 2000)",[[0.93333333 0.91666667 0.86666667 0.93333333 0.83333333]]
jackknife_plus,cube,0.903333333,4.413601535,0.7509539,1453.106009,127.4045234,5.0,500,student,"(400, 2000, 2000, 2000)",[[0.93333333 0.9        0.88333333 0.93333333 0.86666667]]
jackknife_plus,cube,0.943333333,3.837019458,0.566064604,1424.600211,120.7275467,10.0,500,student,"(400, 2000, 2000, 2000)",[[0.98333333 0.98333333 0.88333333 0.91666667 0.95      ]]
jackknife_plus,cube,0.92,3.532711489,0.825546084,1968.013619,119.1083214,1000.0,500,student,"(400, 2000, 2000, 2000)",[[0.85       0.91666667 0.96666667 0.91666667 0.95      ]]
jackknife_plus_ab,cube,0.893333333,4.218155591,0.643712604,1614.988443,1614.213974,4.0,500,student,"(400, 2000, 2000, 2000)",[[0.85       0.93333333 0.93333333 0.88333333 0.86666667]]
jackknife_plus_ab,cube,0.9,4.290774409,0.757884669,1652.80196,1732.57829,5.0,500,student,"(400, 2000, 2000, 2000)",[[0.91666667 0.88333333 0.9        0.88333333 0.91666667]]
jackknife_plus_ab,cube,0.906666667,3.58661754,0.594383972,1787.764964,1541.588004,10.0,500,student,"(400, 2000, 2000, 2000)",[[0.88333333 0.96666667 0.91666667 0.91666667 0.85      ]]
jackknife_plus_ab,cube,0.896666667,3.461726872,0.829051792,2167.32931,1609.11732,1000.0,500,student,"(400, 2000, 2000, 2000)",[[0.86666667 0.91666667 0.91666667 0.9        0.88333333]]
cqr,cube,0.896666667,4.813264624,0.593446621,1385.030369,0.108515501,4.0,500,student,"(400, 2000, 2000, 2000)",[[0.85       0.78333333 0.96666667 0.98333333 0.9       ]]
cqr,cube,0.88,4.690375572,0.735336098,1456.836515,0.094153166,5.0,500,student,"(400, 2000, 2000, 2000)",[[0.88333333 0.83333333 0.86666667 0.95       0.86666667]]
cqr,cube,0.913333333,3.70310855,0.58120975,1699.479189,0.086986542,10.0,500,student,"(400, 2000, 2000, 2000)",[[0.9        0.9        0.88333333 0.91666667 0.96666667]]
cqr,cube,0.876666667,3.570248718,0.823692289,1980.314661,0.103838682,1000.0,500,student,"(400, 2000, 2000, 2000)",[[0.8        0.9        0.8        0.95       0.93333333]]
split,cube,0.92,0.034239409,0.99475275,4238.911977,28.513098,0.0,1000,normal,"(200, 1000, 1000, 1000)",999
split,cube,0.843333333,0.583068302,0.940650786,4366.363203,27.40330839,0.2,1000,normal,"(200, 1000, 1000, 1000)",999
split,cube,0.91,1.74811131,0.813463364,1982.304931,17.03498244,0.5,1000,normal,"(200, 1000, 1000, 1000)",999
split,cube,0.92,3.582426181,0.703421451,1919.671614,30.00641227,1.0,1000,normal,"(200, 1000, 1000, 1000)",999
jackknife_plus,cube,0.976666667,0.0320019,0.995090175,4261.047633,84.44085789,0.0,1000,normal,"(200, 1000, 1000, 1000)",[[1.         1.         1.         1.         0.88333333]]
jackknife_plus,cube,0.916666667,0.713931617,0.927333944,4162.043092,74.28373098,0.2,1000,normal,"(200, 1000, 1000, 1000)",[[0.9        0.93333333 0.93333333 0.88333333 0.93333333]]
jackknife_plus,cube,0.91,1.718343448,0.816639817,2162.059426,56.88219213,0.5,1000,normal,"(200, 1000, 1000, 1000)",[[0.95       0.85       0.93333333 0.91666667 0.9       ]]
jackknife_plus,cube,0.9,3.370636454,0.720955166,2117.827573,68.97065282,1.0,1000,normal,"(200, 1000, 1000, 1000)",[[0.91666667 0.95       0.91666667 0.85       0.86666667]]
jackknife_plus_ab,cube,0.916666667,0.018761021,0.997124782,4312.139799,878.4149935,0.0,1000,normal,"(200, 1000, 1000, 1000)",[[1.         1.         1.         0.88333333 0.7       ]]
jackknife_plus_ab,cube,0.9,0.675372681,0.93125883,4215.066486,822.2773314,0.2,1000,normal,"(200, 1000, 1000, 1000)",[[0.9        0.9        0.86666667 0.9        0.93333333]]
jackknife_plus_ab,cube,0.906666667,1.673313142,0.821444933,2170.430371,811.1375077,0.5,1000,normal,"(200, 1000, 1000, 1000)",[[0.93333333 0.9        0.86666667 0.91666667 0.91666667]]
jackknife_plus_ab,cube,0.893333333,3.270761173,0.729223507,2150.977762,782.786454,1.0,1000,normal,"(200, 1000, 1000, 1000)",[[0.88333333 0.8        0.88333333 0.98333333 0.91666667]]
cqr,cube,0.88,0.274122256,0.957993085,3282.982793,0.098970175,0.0,1000,normal,"(200, 1000, 1000, 1000)",[[0.81666667 0.83333333 0.95       0.85       0.95      ]]
cqr,cube,0.9,0.839267993,0.914577143,3780.886747,0.179780722,0.2,1000,normal,"(200, 1000, 1000, 1000)",[[0.76666667 0.95       0.95       0.9        0.93333333]]
cqr,cube,0.896666667,1.685769125,0.820115814,2112.964659,0.208676338,0.5,1000,normal,"(200, 1000, 1000, 1000)",[[0.83333333 0.9        0.85       0.91666667 0.98333333]]
cqr,cube,0.896666667,3.665500867,0.696544222,1859.910197,0.17912817,1.0,1000,normal,"(200, 1000, 1000, 1000)",[[0.83333333 0.93333333 0.83333333 0.95       0.93333333]]
split,cube,0.883333333,4.23402394,0.658509453,1554.084972,20.13606763,4.0,1000,student,"(200, 1000, 1000, 1000)",999
split,cube,0.92,4.296683301,0.734529356,2218.80519,21.78905678,5.0,1000,student,"(200, 1000, 1000, 1000)",999
split,cube,0.906666667,3.788519563,0.72323587,1821.688454,28.28438902,10.0,1000,student,"(200, 1000, 1000, 1000)",999
split,cube,0.91,3.302496972,0.724127282,1601.52913,30.79893637,1000.0,1000,student,"(200, 1000, 1000, 1000)",999
jackknife_plus,cube,0.883333333,4.006012991,0.676899411,1831.381249,57.30241489,4.0,1000,student,"(200, 1000, 1000, 1000)",[[0.85       0.91666667 0.9        0.86666667 0.88333333]]
jackknife_plus,cube,0.923333333,4.335734149,0.732116497,2322.981129,58.3933804,5.0,1000,student,"(200, 1000, 1000, 1000)",[[0.95       0.9        0.96666667 0.93333333 0.86666667]]
jackknife_plus,cube,0.903333333,3.643160916,0.733854832,1809.557167,60.58763623,10.0,1000,student,"(200, 1000, 1000, 1000)",[[0.93333333 0.83333333 0.93333333 0.91666667 0.9       ]]
jackknife_plus,cube,0.903333333,3.353864808,0.719836357,1622.447483,70.58357906,1000.0,1000,student,"(200, 1000, 1000, 1000)",[[0.93333333 0.85       0.91666667 0.91666667 0.9       ]]
jackknife_plus_ab,cube,0.883333333,3.962900736,0.680376579,1830.438682,684.2902923,4.0,1000,student,"(200, 1000, 1000, 1000)",[[0.88333333 0.86666667 0.88333333 0.86666667 0.91666667]]
jackknife_plus_ab,cube,0.913333333,4.235882527,0.738286091,2296.98241,801.0444632,5.0,1000,student,"(200, 1000, 1000, 1000)",[[0.93333333 0.86666667 0.93333333 0.93333333 0.9       ]]
jackknife_plus_ab,cube,0.9,3.572207705,0.739038211,1901.564468,718.3030617,10.0,1000,student,"(200, 1000, 1000, 1000)",[[0.93333333 0.93333333 0.8        0.93333333 0.9       ]]
jackknife_plus_ab,cube,0.906666667,3.359964944,0.719326761,1625.587958,807.6483557,1000.0,1000,student,"(200, 1000, 1000, 1000)",[[0.91666667 0.88333333 0.91666667 0.91666667 0.9       ]]
cqr,cube,0.933333333,5.199744153,0.58061993,1237.420489,0.200002909,4.0,1000,student,"(200, 1000, 1000, 1000)",[[0.91666667 0.93333333 0.96666667 0.91666667 0.93333333]]
cqr,cube,0.933333333,5.049581803,0.688011092,1851.008853,0.18780756,5.0,1000,student,"(200, 1000, 1000, 1000)",[[0.9        0.91666667 0.96666667 0.91666667 0.96666667]]
cqr,cube,0.853333333,3.574530635,0.738866904,1938.891448,0.200253248,10.0,1000,student,"(200, 1000, 1000, 1000)",[[0.75       0.8        0.81666667 0.93333333 0.96666667]]
cqr,cube,0.906666667,3.595350983,0.699663892,1539.838772,0.184777498,1000.0,1000,student,"(200, 1000, 1000, 1000)",[[0.83333333 0.91666667 0.88333333 0.93333333 0.96666667]]
split,cube,0.903333333,0.06927713,0.990585911,4770.289191,16.08878875,0.0,1000,normal,"(400, 2000)",999
split,cube,0.913333333,0.700675637,0.904976835,3310.492973,13.44739628,0.2,1000,normal,"(400, 2000)",999
split,cube,0.93,1.869173724,0.843291021,2204.1643,9.887907743,0.5,1000,normal,"(400, 2000)",999
split,cube,0.893333333,3.64453078,0.684510336,1452.949728,16.50750995,1.0,1000,normal,"(400, 2000)",999
jackknife_plus,cube,0.953333333,0.050850139,0.993087143,4827.056642,49.19578099,0.0,1000,normal,"(400, 2000)",[[0.98333333 1.         1.         0.85       0.93333333]]
jackknife_plus,cube,0.946666667,0.753345794,0.897832112,3076.314031,24.23935056,0.2,1000,normal,"(400, 2000)",[[0.95       0.9        0.98333333 0.98333333 0.91666667]]
jackknife_plus,cube,0.91,1.659986342,0.860829594,2464.14754,46.70971823,0.5,1000,normal,"(400, 2000)",[[0.88333333 0.95       0.9        0.9        0.91666667]]
jackknife_plus,cube,0.843333333,3.324543847,0.712207821,1835.784244,26.61128283,1.0,1000,normal,"(400, 2000)",[[0.95       0.83333333 0.75       0.86666667 0.81666667]]
jackknife_plus_ab,cube,0.923333333,0.02684427,0.996351586,4894.897545,540.8385155,0.0,1000,normal,"(400, 2000)",[[1.         1.         1.         0.86666667 0.75      ]]
jackknife_plus_ab,cube,0.93,0.699591007,0.905123275,3216.243523,389.1959853,0.2,1000,normal,"(400, 2000)",[[0.95       0.93333333 0.93333333 0.93333333 0.9       ]]
jackknife_plus_ab,cube,0.9,1.61925935,0.864244159,2510.061598,410.8314958,0.5,1000,normal,"(400, 2000)",[[0.86666667 0.93333333 0.93333333 0.91666667 0.85      ]]
jackknife_plus_ab,cube,0.846666667,3.301082295,0.714239031,1854.809875,360.4528098,1.0,1000,normal,"(400, 2000)",[[0.81666667 0.85       0.9        0.85       0.81666667]]
cqr,cube,0.876666667,0.432663503,0.941204788,3421.50246,0.113003016,0.0,1000,normal,"(400, 2000)",[[1.         0.78333333 0.91666667 0.76666667 0.91666667]]
cqr,cube,0.913333333,0.746021094,0.898827256,3077.809588,0.134209871,0.2,1000,normal,"(400, 2000)",[[0.83333333 0.9        0.9        0.96666667 0.96666667]]
cqr,cube,0.906666667,1.851866021,0.84474279,2175.109277,0.134950638,0.5,1000,normal,"(400, 2000)",[[0.85       0.88333333 0.93333333 0.91666667 0.95      ]]
cqr,cube,0.9,3.846829094,0.666998367,1419.296898,0.130967617,1.0,1000,normal,"(400, 2000)",[[0.85       0.9        0.88333333 0.96666667 0.9       ]]
split,cube,0.93,5.350929543,0.689312832,1255.972534,10.445889,4.0,1000,student,"(400, 2000)",999
split,cube,0.89,3.861074543,0.626194835,1770.102386,10.64021778,5.0,1000,student,"(400, 2000)",999
split,cube,0.926666667,4.124050842,0.621391019,922.4368176,7.98918128,10.0,1000,student,"(400, 2000)",999
split,cube,0.913333333,3.326035751,0.68895871,1947.933238,7.725743055,1000.0,1000,student,"(400, 2000)",999
jackknife_plus,cube,0.876666667,4.272236555,0.751944292,1902.437939,28.11877918,4.0,1000,student,"(400, 2000)",[[0.88333333 0.9        0.9        0.9        0.8       ]]
jackknife_plus,cube,0.906666667,4.292155071,0.58446035,1213.990522,22.38953447,5.0,1000,student,"(400, 2000)",[[0.85       0.95       0.9        0.88333333 0.95      ]]
jackknife_plus,cube,0.916666667,3.816552934,0.64962113,1140.721979,32.62521553,10.0,1000,student,"(400, 2000)",[[0.88333333 0.91666667 0.95       0.95       0.88333333]]
jackknife_plus,cube,0.93,3.40987635,0.681117691,1649.879828,23.90804148,1000.0,1000,student,"(400, 2000)",[[0.95       0.9        0.93333333 0.91666667 0.95      ]]
jackknife_plus_ab,cube,0.873333333,4.287285544,0.751070391,1895.348829,360.4009221,4.0,1000,student,"(400, 2000)",[[0.9        0.83333333 0.88333333 0.85       0.9       ]]
jackknife_plus_ab,cube,0.9,4.225933904,0.590871495,1283.586949,350.5197847,5.0,1000,student,"(400, 2000)",[[0.93333333 0.93333333 0.86666667 0.9        0.86666667]]
jackknife_plus_ab,cube,0.91,3.73698857,0.656925652,1148.850153,406.5478578,10.0,1000,student,"(400, 2000)",[[0.98333333 0.81666667 0.91666667 0.93333333 0.9       ]]
jackknife_plus_ab,cube,0.916666667,3.290129638,0.692316475,1945.085809,359.8139343,1000.0,1000,student,"(400, 2000)",[[0.9        0.91666667 0.88333333 0.93333333 0.95      ]]
cqr,cube,0.893333333,4.858295498,0.71791682,1757.017756,0.191969872,4.0,1000,student,"(400, 2000)",[[0.76666667 0.93333333 0.93333333 0.91666667 0.91666667]]
cqr,cube,0.933333333,4.864898384,0.529010361,1124.37086,0.201807737,5.0,1000,student,"(400, 2000)",[[0.96666667 0.93333333 0.95       0.88333333 0.93333333]]
cqr,cube,0.886666667,3.784321807,0.652580174,1273.530276,0.190758705,10.0,1000,student,"(400, 2000)",[[0.83333333 0.86666667 0.9        0.9        0.93333333]]
cqr,cube,0.916666667,3.776791835,0.646805257,1559.106184,0.200627089,1000.0,1000,student,"(400, 2000)",[[0.83333333 0.81666667 0.98333333 0.96666667 0.98333333]]
split,cube,0.866666667,0.020766359,0.995810695,4416.834258,119.6169031,0.0,1000,normal,"(400, 2000, 2000, 2000)",999
split,cube,0.896666667,0.819256348,0.916293825,4049.148729,83.82747912,0.2,1000,normal,"(400, 2000, 2000, 2000)",999
split,cube,0.913333333,1.715949702,0.798709214,2376.07768,107.5213778,0.5,1000,normal,"(400, 2000, 2000, 2000)",999
split,cube,0.873333333,3.187510281,0.656969292,1546.69699,140.5684779,1.0,1000,normal,"(400, 2000, 2000, 2000)",999
jackknife_plus,cube,0.99,0.029469735,0.994048437,4407.291054,313.5122783,0.0,1000,normal,"(400, 2000, 2000, 2000)",[[1.   1.   1.   1.   0.95]]
jackknife_plus,cube,0.926666667,0.728808547,0.925534532,3806.145841,266.5864975,0.2,1000,normal,"(400, 2000, 2000, 2000)",[[0.91666667 0.91666667 0.95       0.9        0.95      ]]
jackknife_plus,cube,0.903333333,1.713304049,0.799019697,2546.06163,296.4784968,0.5,1000,normal,"(400, 2000, 2000, 2000)",[[0.88333333 0.88333333 0.93333333 0.93333333 0.88333333]]
jackknife_plus,cube,0.913333333,3.597384704,0.612860201,1144.379262,223.856606,1.0,1000,normal,"(400, 2000, 2000, 2000)",[[0.9        0.96666667 0.91666667 0.86666667 0.91666667]]
jackknife_plus_ab,cube,0.896666667,0.013785133,0.997219777,4462.425198,3000.628409,0.0,1000,normal,"(400, 2000, 2000, 2000)",[[0.85       0.85       0.96666667 0.93333333 0.88333333]]
jackknife_plus_ab,cube,0.9,0.660267359,0.932538273,3921.201017,3293.600521,0.2,1000,normal,"(400, 2000, 2000, 2000)",[[0.93333333 0.91666667 0.91666667 0.86666667 0.86666667]]
jackknife_plus_ab,cube,0.896666667,1.635997777,0.808088162,2634.530866,3200.874804,0.5,1000,normal,"(400, 2000, 2000, 2000)",[[0.91666667 0.9        0.91666667 0.9        0.85      ]]
jackknife_plus_ab,cube,0.9,3.465845474,0.627016165,1395.798984,3163.448835,1.0,1000,normal,"(400, 2000, 2000, 2000)",[[0.9        0.9        0.91666667 0.85       0.93333333]]
cqr,cube,0.916666667,0.372514031,0.924870417,3209.032833,0.15170598,0.0,1000,normal,"(400, 2000, 2000, 2000)",[[0.95       0.83333333 0.96666667 0.85       0.98333333]]
cqr,cube,0.93,0.897506892,0.908297898,3438.641348,0.160856962,0.2,1000,normal,"(400, 2000, 2000, 2000)",[[0.81666667 0.91666667 0.96666667 0.96666667 0.98333333]]
cqr,cube,0.85,1.748307311,0.794911637,2599.526738,0.163999557,0.5,1000,normal,"(400, 2000, 2000, 2000)",[[0.66666667 0.85       0.91666667 0.9        0.91666667]]
cqr,cube,0.92,3.821839942,0.588704879,1123.119117,0.199985504,1.0,1000,normal,"(400, 2000, 2000, 2000)",[[0.88333333 0.9        0.95       0.86666667 1.        ]]
split,cube,0.883333333,4.207630411,0.764208596,2342.562076,114.5940599,4.0,1000,student,"(400, 2000, 2000, 2000)",999
split,cube,0.906666667,4.355957889,0.721326377,1693.808833,117.4957535,5.0,1000,student,"(400, 2000, 2000, 2000)",999
split,cube,0.926666667,4.145497958,0.574568886,1101.556534,94.15517592,10.0,1000,student,"(400, 2000, 2000, 2000)",999
split,cube,0.903333333,3.391878236,0.687205863,1710.922091,103.8848016,1000.0,1000,student,"(400, 2000, 2000, 2000)",999
jackknife_plus,cube,0.896666667,4.455064251,0.750342867,2055.015861,254.9630878,4.0,1000,student,"(400, 2000, 2000, 2000)",[[0.95       0.91666667 0.85       0.93333333 0.83333333]]
jackknife_plus,cube,0.886666667,4.058112374,0.740381025,1632.263086,232.4272618,5.0,1000,student,"(400, 2000, 2000, 2000)",[[0.9        0.91666667 0.83333333 0.9        0.88333333]]
jackknife_plus,cube,0.886666667,3.659936205,0.624399839,1225.396901,251.9392097,10.0,1000,student,"(400, 2000, 2000, 2000)",[[0.85       0.91666667 0.9        0.88333333 0.88333333]]
jackknife_plus,cube,0.91,3.612224453,0.666885792,1337.212219,220.2308772,1000.0,1000,student,"(400, 2000, 2000, 2000)",[[0.88333333 0.95       0.93333333 0.9        0.88333333]]
jackknife_plus_ab,cube,0.883333333,4.155169299,0.767148461,2386.932626,3211.329692,4.0,1000,student,"(400, 2000, 2000, 2000)",[[0.91666667 0.88333333 0.83333333 0.88333333 0.9       ]]
jackknife_plus_ab,cube,0.873333333,3.906505341,0.750079725,1897.470742,3137.100991,5.0,1000,student,"(400, 2000, 2000, 2000)",[[0.9        0.83333333 0.88333333 0.88333333 0.86666667]]
jackknife_plus_ab,cube,0.883333333,3.528453782,0.637893124,1451.576808,2945.498693,10.0,1000,student,"(400, 2000, 2000, 2000)",[[0.78333333 0.86666667 0.93333333 0.9        0.93333333]]
jackknife_plus_ab,cube,0.893333333,3.344852019,0.691542529,1707.003832,2981.739702,1000.0,1000,student,"(400, 2000, 2000, 2000)",[[0.93333333 0.85       0.95       0.86666667 0.86666667]]
cqr,cube,0.883333333,4.890938531,0.725916737,2214.46244,0.229820251,4.0,1000,student,"(400, 2000, 2000, 2000)",[[0.78333333 0.88333333 0.93333333 0.88333333 0.93333333]]
cqr,cube,0.86,4.085560395,0.73862398,1913.83004,0.203822613,5.0,1000,student,"(400, 2000, 2000, 2000)",[[0.76666667 0.86666667 0.91666667 0.86666667 0.88333333]]
cqr,cube,0.86,3.770655001,0.61303648,1411.817883,0.195999861,10.0,1000,student,"(400, 2000, 2000, 2000)",[[0.75       0.83333333 0.85       0.9        0.96666667]]
cqr,cube,0.906666667,3.745388331,0.654605649,1445.618168,0.177722216,1000.0,1000,student,"(400, 2000, 2000, 2000)",[[0.83333333 0.93333333 0.91666667 0.95       0.9       ]]
split,cube,0.96,3.990026721,0.463518623,571.0355201,1.503160954,0.0,100,normal,"(200, 1000)",999
split,cube,0.943333333,2.694577869,0.707721073,921.7850758,1.005774021,0.2,100,normal,"(200, 1000)",999
split,cube,0.86,1.933688802,0.751106535,1136.849764,0.827742338,0.5,100,normal,"(200, 1000)",999
split,cube,0.806666667,2.977989041,0.681765116,1039.94475,1.000902653,1.0,100,normal,"(200, 1000)",999
jackknife_plus,cube,0.896666667,1.168776532,0.842851947,1579.704289,2.040311813,0.0,100,normal,"(200, 1000)",[[1.         0.95       1.         1.         0.53333333]]
jackknife_plus,cube,0.95,1.315786335,0.857276106,2068.848315,2.370373011,0.2,100,normal,"(200, 1000)",[[0.98333333 0.96666667 1.         0.98333333 0.81666667]]
jackknife_plus,cube,0.93,2.349055642,0.697643701,998.5807127,1.714800358,0.5,100,normal,"(200, 1000)",[[0.95       1.         0.98333333 0.95       0.76666667]]
jackknife_plus,cube,0.883333333,3.750081049,0.599264868,648.6480009,1.598737478,1.0,100,normal,"(200, 1000)",[[0.96666667 0.91666667 0.91666667 0.91666667 0.7       ]]
jackknife_plus_ab,cube,0.913333333,0.559795605,0.924732424,3117.530066,27.68087745,0.0,100,normal,"(200, 1000)",[[1.         0.95       0.96666667 1.         0.65      ]]
jackknife_plus_ab,cube,0.87,0.825002878,0.910512117,2964.563436,36.12489796,0.2,100,normal,"(200, 1000)",[[0.91666667 0.91666667 0.91666667 0.9        0.7       ]]
jackknife_plus_ab,cube,0.906666667,1.93179268,0.75135176,1616.947388,29.78729987,0.5,100,normal,"(200, 1000)",[[0.98333333 0.95       0.86666667 0.9        0.83333333]]
jackknife_plus_ab,cube,0.903333333,3.448365318,0.631506475,915.8128236,17.06919312,1.0,100,normal,"(200, 1000)",[[0.91666667 0.86666667 0.95       0.9        0.88333333]]
cqr,cube,0.873333333,1.136890555,0.847138588,2489.626727,0.511243105,0.0,100,normal,"(200, 1000)",[[1.         0.75       0.85       0.95       0.81666667]]
cqr,cube,0.903333333,1.293812593,0.859661705,2394.640166,0.040001154,0.2,100,normal,"(200, 1000)",[[0.91666667 0.9        0.95       0.95       0.8       ]]
cqr,cube,0.89,2.276644979,0.706964504,1406.675821,0.03795743,0.5,100,normal,"(200, 1000)",[[0.85       0.91666667 0.91666667 0.9        0.86666667]]
cqr,cube,0.94,4.607772859,0.507610977,601.4128541,0.055000544,1.0,100,normal,"(200, 1000)",[[0.86666667 0.96666667 0.91666667 0.96666667 0.98333333]]
split,cube,0.963333333,6.095433978,0.474398756,370.3107859,0.393015862,4.0,100,student,"(200, 1000)",999
split,cube,0.986666667,9.306997884,0.448662186,249.5066749,0.835519552,5.0,100,student,"(200, 1000)",999
split,cube,0.993333333,8.71270818,0.236399586,234.1197213,1.30092144,10.0,100,student,"(200, 1000)",999
split,cube,0.896666667,3.749186768,0.675031013,1075.764239,3.25015378,1000.0,100,student,"(200, 1000)",999
jackknife_plus,cube,0.896666667,4.360154918,0.624030938,1054.295576,1.214964628,4.0,100,student,"(200, 1000)",[[0.95       0.9        0.85       0.86666667 0.91666667]]
jackknife_plus,cube,0.923333333,5.198133231,0.692068974,779.5478569,1.42628932,5.0,100,student,"(200, 1000)",[[0.98333333 0.88333333 0.96666667 0.93333333 0.85      ]]
jackknife_plus,cube,0.903333333,3.878551916,0.660076309,1270.978937,1.96289897,10.0,100,student,"(200, 1000)",[[0.95       0.96666667 0.86666667 0.93333333 0.8       ]]
jackknife_plus,cube,0.933333333,4.485212482,0.6112337,442.0268059,2.63151598,1000.0,100,student,"(200, 1000)",[[0.95       0.93333333 0.91666667 0.96666667 0.9       ]]
jackknife_plus_ab,cube,0.9,4.206113996,0.637313643,1009.493155,14.6279726,4.0,100,student,"(200, 1000)",[[0.91666667 0.86666667 0.85       0.96666667 0.9       ]]
jackknife_plus_ab,cube,0.9,4.581988796,0.728568946,1050.184269,21.39369893,5.0,100,student,"(200, 1000)",[[0.95       0.91666667 0.86666667 0.91666667 0.85      ]]
jackknife_plus_ab,cube,0.903333333,3.90252175,0.657975547,1414.642088,24.25424767,10.0,100,student,"(200, 1000)",[[0.95       0.95       0.9        0.91666667 0.8       ]]
jackknife_plus_ab,cube,0.9,3.872304554,0.664359517,753.4819903,26.08007097,1000.0,100,student,"(200, 1000)",[[0.83333333 0.9        0.91666667 0.93333333 0.91666667]]
cqr,cube,0.926666667,4.834040614,0.583168139,884.8613242,0.042677402,4.0,100,student,"(200, 1000)",[[0.86666667 0.88333333 1.         0.93333333 0.95      ]]
cqr,cube,0.903333333,4.832864563,0.713707384,1071.154875,0.041000605,5.0,100,student,"(200, 1000)",[[0.88333333 0.93333333 0.91666667 0.91666667 0.86666667]]
cqr,cube,0.88,4.225412714,0.629676523,1463.481948,0.039976835,10.0,100,student,"(200, 1000)",[[0.85       0.85       0.88333333 0.91666667 0.9       ]]
cqr,cube,0.863333333,3.817275613,0.669128371,944.5182534,0.043966293,1000.0,100,student,"(200, 1000)",[[0.78333333 0.83333333 0.9        0.86666667 0.93333333]]
split,sinex_con,1.0,1.861779984,0.719336352,9767.549516,2.602812767,0.0,100,normal,"(200, 1000)",999
split,sinex_con,0.91,0.950616821,0.873062775,11714.71085,2.421162605,0.2,100,normal,"(200, 1000)",999
split,sinex_con,0.99,2.601747757,0.709783971,8420.299806,2.208698034,0.5,100,normal,"(200, 1000)",999
split,sinex_con,0.71,2.279008405,0.796064155,10104.82714,2.422596693,1.0,100,normal,"(200, 1000)",999
jackknife_plus,sinex_con,1.0,4.211561237,0.36511905,3483.266458,4.809524059,0.0,100,normal,"(200, 1000)",[[1. 1. 1. 1. 1.]]
jackknife_plus,sinex_con,0.976666667,3.202862756,0.572314082,5123.138743,5.795666933,0.2,100,normal,"(200, 1000)",[[1.         1.         0.96666667 0.93333333 0.98333333]]
jackknife_plus,sinex_con,0.95,4.811613,0.463290566,2873.548132,3.874506712,0.5,100,normal,"(200, 1000)",[[0.98333333 0.98333333 0.96666667 0.95       0.86666667]]
jackknife_plus,sinex_con,0.92,6.592888383,0.410121891,1583.771262,2.706802368,1.0,100,normal,"(200, 1000)",[[0.9        0.96666667 0.91666667 0.98333333 0.83333333]]
jackknife_plus_ab,sinex_con,0.923333333,1.0588976,0.840374641,10915.40653,61.73724341,0.0,100,normal,"(200, 1000)",[[0.98333333 0.9        0.83333333 0.9        1.        ]]
jackknife_plus_ab,sinex_con,0.9,1.139799692,0.84780102,10860.14453,62.73127627,0.2,100,normal,"(200, 1000)",[[0.81666667 0.86666667 0.88333333 0.96666667 0.96666667]]
jackknife_plus_ab,sinex_con,0.893333333,1.875541571,0.790793887,9368.412948,59.76459002,0.5,100,normal,"(200, 1000)",[[0.91666667 0.88333333 0.9        0.91666667 0.85      ]]
jackknife_plus_ab,sinex_con,0.926666667,4.01090669,0.641136287,6413.389408,49.01530433,1.0,100,normal,"(200, 1000)",[[0.96666667 0.9        0.86666667 0.91666667 0.98333333]]
cqr,sinex_con,0.903333333,2.569755298,0.612618875,6320.52087,0.050828934,0.0,100,normal,"(200, 1000)",[[0.85       0.88333333 0.95       0.93333333 0.9       ]]
cqr,sinex_con,0.873333333,2.710176769,0.638106012,6426.866209,0.046970367,0.2,100,normal,"(200, 1000)",[[0.76666667 0.91666667 0.96666667 0.81666667 0.9       ]]
cqr,sinex_con,0.92,3.599395467,0.598507509,4909.673367,0.048970938,0.5,100,normal,"(200, 1000)",[[0.91666667 0.93333333 0.95       0.91666667 0.88333333]]
cqr,sinex_con,0.88,4.889789478,0.562501246,4404.809965,0.042969465,1.0,100,normal,"(200, 1000)",[[0.78333333 0.81666667 0.96666667 0.85       0.98333333]]
split,sinex_con,0.75,5.478245761,0.607648581,2389.935533,1.781843901,4.0,100,student,"(200, 1000)",999
split,sinex_con,0.793333333,2.769583296,0.753859729,9459.818508,1.468713999,5.0,100,student,"(200, 1000)",999
split,sinex_con,0.96,5.643696226,0.477363168,4221.895404,1.133774757,10.0,100,student,"(200, 1000)",999
split,sinex_con,0.86,3.592380845,0.695730042,6624.963915,1.932052851,1000.0,100,student,"(200, 1000)",999
jackknife_plus,sinex_con,0.87,5.280578702,0.621818095,4757.255209,4.411260843,4.0,100,student,"(200, 1000)",[[0.93333333 0.86666667 0.85       0.83333333 0.86666667]]
jackknife_plus,sinex_con,0.963333333,7.265335576,0.354331284,1033.257914,1.929005623,5.0,100,student,"(200, 1000)",[[0.95       0.96666667 0.96666667 0.98333333 0.95      ]]
jackknife_plus,sinex_con,0.943333333,5.530977734,0.487802279,3432.61949,6.445109844,10.0,100,student,"(200, 1000)",[[0.96666667 0.96666667 0.93333333 0.86666667 0.98333333]]
jackknife_plus,sinex_con,0.92,6.599511531,0.441031876,1316.186356,3.012270212,1000.0,100,student,"(200, 1000)",[[1.         0.98333333 0.9        0.93333333 0.78333333]]
jackknife_plus_ab,sinex_con,0.883333333,4.556791314,0.673654243,5603.742957,58.03505993,4.0,100,student,"(200, 1000)",[[0.78333333 0.9        0.93333333 0.91666667 0.88333333]]
jackknife_plus_ab,sinex_con,0.923333333,4.653600394,0.586436185,5066.312514,46.55495954,5.0,100,student,"(200, 1000)",[[0.91666667 0.85       0.95       0.91666667 0.98333333]]
jackknife_plus_ab,sinex_con,0.91,4.342388772,0.597872548,5571.017922,56.33001041,10.0,100,student,"(200, 1000)",[[0.91666667 0.96666667 0.93333333 0.85       0.88333333]]
jackknife_plus_ab,sinex_con,0.89,3.704243436,0.686256506,5965.269203,50.99025154,1000.0,100,student,"(200, 1000)",[[0.81666667 0.93333333 0.91666667 0.85       0.93333333]]
cqr,sinex_con,0.9,6.121704078,0.561579438,3143.196086,0.044978857,4.0,100,student,"(200, 1000)",[[0.73333333 0.96666667 0.93333333 0.91666667 0.95      ]]
cqr,sinex_con,0.9,5.66710959,0.496366372,3652.076991,0.042000294,5.0,100,student,"(200, 1000)",[[0.73333333 0.91666667 0.95       0.93333333 0.96666667]]
cqr,sinex_con,0.866666667,5.231090686,0.515573696,4305.623722,0.042002678,10.0,100,student,"(200, 1000)",[[0.63333333 0.81666667 0.91666667 0.98333333 0.98333333]]
cqr,sinex_con,0.863333333,4.800374741,0.593415229,3781.086561,0.042985678,1000.0,100,student,"(200, 1000)",[[0.85       0.76666667 0.91666667 0.9        0.88333333]]
split,cube,0.94,0.078510418,0.986984199,4113.469833,3.986406326,0.0,300,normal,"(200, 1000)",999
split,cube,0.963333333,1.036883532,0.905432744,4255.069988,2.925967455,0.2,300,normal,"(200, 1000)",999
split,cube,0.9,1.763305055,0.819435285,2386.899334,3.331837893,0.5,300,normal,"(200, 1000)",999
split,cube,0.926666667,3.635716956,0.546479644,1344.27207,2.025454283,1.0,300,normal,"(200, 1000)",999
jackknife_plus,cube,0.936666667,0.269769105,0.955280639,3601.226977,7.548360348,0.0,300,normal,"(200, 1000)",[[1.         0.93333333 1.         0.98333333 0.76666667]]
jackknife_plus,cube,0.9,0.74089361,0.932430613,4491.660854,6.899745226,0.2,300,normal,"(200, 1000)",[[0.95       0.88333333 0.95       0.91666667 0.8       ]]
jackknife_plus,cube,0.936666667,2.057117518,0.789347448,1828.233498,4.674533367,0.5,300,normal,"(200, 1000)",[[0.95       0.91666667 0.95       0.95       0.91666667]]
jackknife_plus,cube,0.943333333,3.68495008,0.54033767,1205.356274,4.733458042,1.0,300,normal,"(200, 1000)",[[0.91666667 0.95       0.9        0.96666667 0.98333333]]
jackknife_plus_ab,cube,0.963333333,0.066591265,0.988957581,4076.026476,98.21217394,0.0,300,normal,"(200, 1000)",[[1.         1.         1.         1.         0.81666667]]
jackknife_plus_ab,cube,0.88,0.670403722,0.938858905,4730.448011,81.2513628,0.2,300,normal,"(200, 1000)",[[0.91666667 0.95       0.95       0.81666667 0.76666667]]
jackknife_plus_ab,cube,0.89,1.696301124,0.826296491,2366.212816,63.68855333,0.5,300,normal,"(200, 1000)",[[0.91666667 0.86666667 0.96666667 0.81666667 0.88333333]]
jackknife_plus_ab,cube,0.923333333,3.382815386,0.578026704,1341.110586,45.19256067,1.0,300,normal,"(200, 1000)",[[0.93333333 0.9        0.91666667 0.93333333 0.93333333]]
cqr,cube,0.953333333,0.500432279,0.917043603,3002.30241,0.057004929,0.0,300,normal,"(200, 1000)",[[1.         0.91666667 0.96666667 0.96666667 0.91666667]]
cqr,cube,0.903333333,1.030312393,0.906035653,3695.50325,0.059961557,0.2,300,normal,"(200, 1000)",[[0.91666667 0.83333333 0.91666667 0.96666667 0.88333333]]
cqr,cube,0.886666667,2.142047507,0.78065143,1869.782581,0.055970907,0.5,300,normal,"(200, 1000)",[[0.85       0.91666667 0.81666667 0.9        0.95      ]]
cqr,cube,0.923333333,3.649345725,0.544779682,1312.493689,0.057966709,1.0,300,normal,"(200, 1000)",[[0.86666667 0.88333333 0.93333333 0.96666667 0.96666667]]
split,cube,0.906666667,4.616441887,0.659175388,1860.964717,2.089207649,4.0,300,student,"(200, 1000)",999
split,cube,0.936666667,4.71627619,0.468458198,787.3680184,1.091806412,5.0,300,student,"(200, 1000)",999
split,cube,0.936666667,5.231989128,0.495646087,499.025919,1.588790178,10.0,300,student,"(200, 1000)",999
split,cube,0.933333333,4.272791778,0.593838947,559.3204384,1.636835575,1000.0,300,student,"(200, 1000)",999
jackknife_plus,cube,0.893333333,4.791189974,0.646274014,1502.628419,2.629665852,4.0,300,student,"(200, 1000)",[[0.93333333 0.91666667 0.86666667 0.9        0.85      ]]
jackknife_plus,cube,0.95,5.185620451,0.415561015,543.8858182,2.903337717,5.0,300,student,"(200, 1000)",[[0.96666667 0.95       0.96666667 0.93333333 0.93333333]]
jackknife_plus,cube,0.93,4.546457538,0.561730116,797.7268467,5.938401699,10.0,300,student,"(200, 1000)",[[0.95       0.93333333 0.88333333 0.93333333 0.95      ]]
jackknife_plus,cube,0.943333333,3.806350222,0.638177121,830.6293952,5.688469648,1000.0,300,student,"(200, 1000)",[[0.96666667 0.91666667 0.95       0.93333333 0.95      ]]
jackknife_plus_ab,cube,0.886666667,4.430834363,0.672878407,1895.868984,43.32001805,4.0,300,student,"(200, 1000)",[[0.95       0.93333333 0.91666667 0.83333333 0.8       ]]
jackknife_plus_ab,cube,0.94,4.939942278,0.443250152,634.2704001,48.86252451,5.0,300,student,"(200, 1000)",[[0.9        0.93333333 0.95       0.95       0.96666667]]
jackknife_plus_ab,cube,0.93,4.342383692,0.581402408,961.8093448,49.48737907,10.0,300,student,"(200, 1000)",[[0.93333333 0.91666667 0.93333333 0.91666667 0.95      ]]
jackknife_plus_ab,cube,0.926666667,3.46370955,0.670748367,1234.733775,55.31083059,1000.0,300,student,"(200, 1000)",[[0.81666667 0.96666667 0.95       0.96666667 0.93333333]]
cqr,cube,0.913333333,5.314377054,0.607647863,1515.380541,0.065770388,4.0,300,student,"(200, 1000)",[[0.81666667 0.9        0.93333333 0.93333333 0.98333333]]
cqr,cube,0.913333333,4.821129734,0.456641378,809.6665197,0.063000679,5.0,300,student,"(200, 1000)",[[0.83333333 0.88333333 0.91666667 0.95       0.98333333]]
cqr,cube,0.913333333,4.510999313,0.565148623,880.2169856,0.060287952,10.0,300,student,"(200, 1000)",[[0.86666667 0.91666667 0.9        0.9        0.98333333]]
cqr,cube,0.893333333,3.50423722,0.66689636,1379.487341,0.066233635,1000.0,300,student,"(200, 1000)",[[0.7        0.93333333 0.9        0.95       0.98333333]]
split,sinex_con,0.926666667,0.649948878,0.902021966,12582.20955,3.390322685,0.0,300,normal,"(200, 1000)",999
split,sinex_con,0.883333333,0.854316546,0.886109641,12001.1804,3.388016462,0.2,300,normal,"(200, 1000)",999
split,sinex_con,0.87,1.840167297,0.782871529,9739.263389,3.318404198,0.5,300,normal,"(200, 1000)",999
split,sinex_con,0.916666667,3.64872944,0.638030695,7158.761391,3.336131811,1.0,300,normal,"(200, 1000)",999
jackknife_plus,sinex_con,0.9,0.665332652,0.899703561,12480.17318,13.56033301,0.0,300,normal,"(200, 1000)",[[0.65       0.88333333 0.96666667 1.         1.        ]]
jackknife_plus,sinex_con,0.92,0.973161008,0.870266221,11617.48757,13.59475684,0.2,300,normal,"(200, 1000)",[[0.96666667 0.96666667 0.96666667 0.91666667 0.78333333]]
jackknife_plus,sinex_con,0.933333333,2.100315532,0.752175599,9150.004087,12.38871527,0.5,300,normal,"(200, 1000)",[[0.96666667 0.9        0.93333333 0.93333333 0.93333333]]
jackknife_plus,sinex_con,0.933333333,3.754064897,0.627580459,6891.038449,11.3196609,1.0,300,normal,"(200, 1000)",[[0.98333333 0.91666667 0.91666667 0.9        0.95      ]]
jackknife_plus_ab,sinex_con,0.906666667,0.641496945,0.903296665,12564.18633,100.2810798,0.0,300,normal,"(200, 1000)",[[0.75       0.85       0.93333333 1.         1.        ]]
jackknife_plus_ab,sinex_con,0.9,0.91500315,0.878019673,11861.48538,96.8399694,0.2,300,normal,"(200, 1000)",[[0.86666667 0.9        0.96666667 0.91666667 0.85      ]]
jackknife_plus_ab,sinex_con,0.886666667,1.908035461,0.774864094,9697.1889,93.59489727,0.5,300,normal,"(200, 1000)",[[0.9        0.86666667 0.91666667 0.91666667 0.83333333]]
jackknife_plus_ab,sinex_con,0.9,3.357661374,0.666906034,7592.859812,91.33067179,1.0,300,normal,"(200, 1000)",[[0.93333333 0.86666667 0.93333333 0.91666667 0.85      ]]
cqr,sinex_con,0.903333333,1.077755778,0.837532289,9940.632724,0.055967331,0.0,300,normal,"(200, 1000)",[[0.75       0.9        0.96666667 0.96666667 0.93333333]]
cqr,sinex_con,0.94,1.298920849,0.826837754,10004.60872,0.053968906,0.2,300,normal,"(200, 1000)",[[0.8        0.96666667 0.98333333 1.         0.95      ]]
cqr,sinex_con,0.913333333,2.00460847,0.763469109,9601.188,0.055000544,0.5,300,normal,"(200, 1000)",[[0.76666667 0.91666667 0.93333333 0.96666667 0.98333333]]
cqr,sinex_con,0.94,3.872388816,0.615841947,7143.338172,0.09096694,1.0,300,normal,"(200, 1000)",[[0.85       0.93333333 0.98333333 0.95       0.98333333]]
split,sinex_con,0.71,2.784105464,0.790057866,9351.758631,2.97306633,4.0,300,student,"(200, 1000)",999
split,sinex_con,0.886666667,4.177108789,0.730734033,6600.155682,2.643498898,5.0,300,student,"(200, 1000)",999
split,sinex_con,0.91,4.014857577,0.650871516,6690.454148,3.343748093,10.0,300,student,"(200, 1000)",999
split,sinex_con,0.843333333,3.034781117,0.741436352,8261.581342,3.040178061,1000.0,300,student,"(200, 1000)",999
jackknife_plus,sinex_con,0.91,4.620133987,0.651655007,6253.831529,11.775913,4.0,300,student,"(200, 1000)",[[0.95       0.93333333 0.86666667 0.9        0.9       ]]
jackknife_plus,sinex_con,0.916666667,4.730745532,0.695045299,5795.182037,9.521175861,5.0,300,student,"(200, 1000)",[[0.86666667 0.95       0.93333333 0.88333333 0.95      ]]
jackknife_plus,sinex_con,0.893333333,4.110036211,0.642594903,6156.633411,9.147642374,10.0,300,student,"(200, 1000)",[[0.88333333 0.86666667 0.81666667 0.95       0.95      ]]
jackknife_plus,sinex_con,0.913333333,3.780195413,0.677929826,6897.010064,9.525230646,1000.0,300,student,"(200, 1000)",[[0.93333333 0.91666667 0.88333333 0.93333333 0.9       ]]
jackknife_plus_ab,sinex_con,0.846666667,3.863048097,0.708735174,7619.059287,97.2553792,4.0,300,student,"(200, 1000)",[[0.85       0.9        0.78333333 0.85       0.85      ]]
jackknife_plus_ab,sinex_con,0.896666667,4.110374176,0.735036019,6871.908003,81.0083735,5.0,300,student,"(200, 1000)",[[0.9        0.9        0.85       0.9        0.93333333]]
jackknife_plus_ab,sinex_con,0.846666667,3.343615998,0.70924013,7773.882472,86.88162041,10.0,300,student,"(200, 1000)",[[0.81666667 0.85       0.91666667 0.81666667 0.83333333]]
jackknife_plus_ab,sinex_con,0.886666667,3.264958221,0.721827673,8179.590724,89.30956054,1000.0,300,student,"(200, 1000)",[[0.85       0.91666667 0.88333333 0.83333333 0.95      ]]
cqr,sinex_con,0.896666667,4.955120452,0.626398041,6496.670782,0.058968306,4.0,300,student,"(200, 1000)",[[0.81666667 0.93333333 0.86666667 0.9        0.96666667]]
cqr,sinex_con,0.903333333,4.418289634,0.715187095,6620.861896,0.056001186,5.0,300,student,"(200, 1000)",[[0.91666667 0.85       0.91666667 0.9        0.93333333]]
cqr,sinex_con,0.923333333,4.140611991,0.639935741,6625.495095,0.058514357,10.0,300,student,"(200, 1000)",[[0.86666667 0.93333333 0.9        0.96666667 0.95      ]]
cqr,sinex_con,0.91,3.670436547,0.687281258,7459.307022,0.060966015,1000.0,300,student,"(200, 1000)",[[0.91666667 0.86666667 0.86666667 0.95       0.95      ]]
split,cube,0.89,0.055682025,0.992030978,5442.855438,5.037572622,0.0,500,normal,"(200, 1000)",999
split,cube,0.933333333,1.09685706,0.840622468,1948.275196,3.219011784,0.2,500,normal,"(200, 1000)",999
split,cube,0.933333333,1.80426433,0.790415795,2907.378195,3.316416502,0.5,500,normal,"(200, 1000)",999
split,cube,0.773333333,2.683005799,0.767836961,1951.117242,2.190471411,1.0,500,normal,"(200, 1000)",999
jackknife_plus,cube,0.966666667,0.105109294,0.984952925,5279.713866,14.84758997,0.0,500,normal,"(200, 1000)",[[1.         1.         1.         0.98333333 0.85      ]]
jackknife_plus,cube,0.906666667,0.717771017,0.895705693,2927.114666,7.699298382,0.2,500,normal,"(200, 1000)",[[0.93333333 0.9        0.9        0.86666667 0.93333333]]
jackknife_plus,cube,0.916666667,1.908661944,0.778289631,2647.415614,7.734401226,0.5,500,normal,"(200, 1000)",[[0.9        0.9        0.96666667 0.88333333 0.93333333]]
jackknife_plus,cube,0.913333333,3.492648727,0.697793703,1456.288494,7.02504611,1.0,500,normal,"(200, 1000)",[[0.95       0.91666667 0.91666667 0.9        0.88333333]]
jackknife_plus_ab,cube,0.956666667,0.068124969,0.990247128,5369.414012,142.0778272,0.0,500,normal,"(200, 1000)",[[1.         1.         1.         1.         0.78333333]]
jackknife_plus_ab,cube,0.903333333,0.694448519,0.899094552,2897.96186,96.85423303,0.2,500,normal,"(200, 1000)",[[0.83333333 0.91666667 0.96666667 0.9        0.9       ]]
jackknife_plus_ab,cube,0.906666667,1.745706353,0.797218732,2989.728341,91.09669995,0.5,500,normal,"(200, 1000)",[[0.9        0.96666667 0.86666667 0.93333333 0.86666667]]
jackknife_plus_ab,cube,0.906666667,3.422236059,0.703886347,1522.284176,75.42474198,1.0,500,normal,"(200, 1000)",[[0.88333333 0.83333333 0.96666667 0.95       0.9       ]]
cqr,cube,0.91,0.447190482,0.936000324,4169.051527,0.552148819,0.0,500,normal,"(200, 1000)",[[0.98333333 0.76666667 0.96666667 0.9        0.93333333]]
cqr,cube,0.883333333,0.863391712,0.87454637,2674.440332,0.077969551,0.2,500,normal,"(200, 1000)",[[0.76666667 0.85       0.96666667 0.88333333 0.95      ]]
cqr,cube,0.886666667,2.06989747,0.759560595,2602.048724,0.085968733,0.5,500,normal,"(200, 1000)",[[0.76666667 0.91666667 0.91666667 0.9        0.93333333]]
cqr,cube,0.866666667,3.569257157,0.69116441,1540.721825,0.085997343,1.0,500,normal,"(200, 1000)",[[0.76666667 0.85       0.85       0.91666667 0.95      ]]
split,cube,0.956666667,5.489658074,0.523066472,1286.658559,3.008680582,4.0,500,student,"(200, 1000)",999
split,cube,0.916666667,4.698078187,0.573739353,1426.910071,1.753735542,5.0,500,student,"(200, 1000)",999
split,cube,0.896666667,3.820170701,0.754880529,1260.675563,2.130266666,10.0,500,student,"(200, 1000)",999
split,cube,0.933333333,3.954322239,0.685044151,1021.412786,2.212991476,1000.0,500,student,"(200, 1000)",999
jackknife_plus,cube,0.896666667,4.561739962,0.603684041,1438.343748,4.745022774,4.0,500,student,"(200, 1000)",[[0.91666667 0.81666667 0.95       0.95       0.85      ]]
jackknife_plus,cube,0.886666667,3.985880881,0.638357645,1929.659534,7.57378459,5.0,500,student,"(200, 1000)",[[0.85       0.88333333 0.93333333 0.91666667 0.85      ]]
jackknife_plus,cube,0.906666667,3.818690353,0.754975489,1270.35913,6.740247965,10.0,500,student,"(200, 1000)",[[1.         0.9        0.86666667 0.88333333 0.88333333]]
jackknife_plus,cube,0.9,3.473244767,0.72336192,1196.81707,4.528939009,1000.0,500,student,"(200, 1000)",[[0.91666667 0.9        0.88333333 0.93333333 0.86666667]]
jackknife_plus_ab,cube,0.896666667,4.455629035,0.612902771,1682.802691,68.09737468,4.0,500,student,"(200, 1000)",[[0.93333333 0.83333333 0.86666667 0.95       0.9       ]]
jackknife_plus_ab,cube,0.87,3.894640289,0.64663551,1927.264317,71.13314962,5.0,500,student,"(200, 1000)",[[0.88333333 0.83333333 0.96666667 0.9        0.76666667]]
jackknife_plus_ab,cube,0.89,3.702824637,0.762409916,1350.847625,80.87699389,10.0,500,student,"(200, 1000)",[[0.91666667 0.9        0.85       0.88333333 0.9       ]]
jackknife_plus_ab,cube,0.896666667,3.30277597,0.736939464,1429.803205,88.8305912,1000.0,500,student,"(200, 1000)",[[0.86666667 0.88333333 0.91666667 0.91666667 0.9       ]]
cqr,cube,0.856666667,4.362567361,0.620986647,1938.939737,0.087004185,4.0,500,student,"(200, 1000)",[[0.76666667 0.85       0.86666667 0.86666667 0.93333333]]
cqr,cube,0.913333333,4.803530496,0.564171638,1518.718935,0.090001106,5.0,500,student,"(200, 1000)",[[0.88333333 0.91666667 0.95       0.88333333 0.93333333]]
cqr,cube,0.913333333,4.198523859,0.730603554,1186.550496,0.084001064,10.0,500,student,"(200, 1000)",[[0.81666667 0.9        0.91666667 0.95       0.98333333]]
cqr,cube,0.896666667,3.497121169,0.721460197,1177.703963,0.082803726,1000.0,500,student,"(200, 1000)",[[0.88333333 0.83333333 0.88333333 0.95       0.93333333]]
split,sinex_con,0.946666667,0.75210941,0.886620354,12298.50409,5.46310544,0.0,500,normal,"(200, 1000)",999
split,sinex_con,0.92,1.094110974,0.850427342,11272.58015,4.906976223,0.2,500,normal,"(200, 1000)",999
split,sinex_con,0.793333333,1.567229157,0.818798358,10583.67217,3.891006708,0.5,500,normal,"(200, 1000)",999
split,sinex_con,0.926666667,3.395846151,0.668474416,7266.073367,5.421921968,1.0,500,normal,"(200, 1000)",999
jackknife_plus,sinex_con,0.91,0.549088482,0.917226848,12887.66837,12.04661703,0.0,500,normal,"(200, 1000)",[[0.96666667 1.         0.91666667 0.86666667 0.8       ]]
jackknife_plus,sinex_con,0.9,0.90722372,0.875976425,12006.42722,12.43809748,0.2,500,normal,"(200, 1000)",[[0.95       0.93333333 0.88333333 0.9        0.83333333]]
jackknife_plus,sinex_con,0.906666667,1.786831671,0.793418696,10279.42554,10.53934741,0.5,500,normal,"(200, 1000)",[[0.85       0.93333333 0.9        0.91666667 0.93333333]]
jackknife_plus,sinex_con,0.923333333,3.397400683,0.668322763,7255.884528,11.45293045,1.0,500,normal,"(200, 1000)",[[0.88333333 0.93333333 0.95       0.9        0.95      ]]
jackknife_plus_ab,sinex_con,0.903333333,0.598388228,0.909795175,12699.79326,123.981173,0.0,500,normal,"(200, 1000)",[[1.         0.95       0.95       0.81666667 0.8       ]]
jackknife_plus_ab,sinex_con,0.89,0.90000043,0.876963809,11910.45232,114.2218256,0.2,500,normal,"(200, 1000)",[[0.88333333 0.83333333 0.9        0.96666667 0.86666667]]
jackknife_plus_ab,sinex_con,0.886666667,1.71508172,0.801713828,10432.23476,112.4064748,0.5,500,normal,"(200, 1000)",[[0.96666667 0.85       0.93333333 0.8        0.88333333]]
jackknife_plus_ab,sinex_con,0.923333333,3.338192133,0.674103093,7327.367358,114.5171828,1.0,500,normal,"(200, 1000)",[[0.95       0.85       0.98333333 0.91666667 0.91666667]]
cqr,sinex_con,0.903333333,1.078359715,0.837441247,9993.545822,0.067000866,0.0,500,normal,"(200, 1000)",[[0.83333333 0.93333333 0.91666667 0.9        0.93333333]]
cqr,sinex_con,0.876666667,0.96250057,0.868419235,11250.67477,0.074954271,0.2,500,normal,"(200, 1000)",[[0.73333333 0.81666667 0.93333333 0.93333333 0.96666667]]
cqr,sinex_con,0.87,1.774488218,0.794845082,10292.83168,0.077999353,0.5,500,normal,"(200, 1000)",[[0.7        0.88333333 0.91666667 0.9        0.95      ]]
cqr,sinex_con,0.89,3.309839609,0.676871354,7572.665495,0.082973003,1.0,500,normal,"(200, 1000)",[[0.73333333 0.91666667 0.86666667 0.95       0.98333333]]
split,sinex_con,0.846666667,4.259572371,0.670971513,6340.07611,4.590449095,4.0,500,student,"(200, 1000)",999
split,sinex_con,0.923333333,4.449647791,0.654541601,6155.128317,4.387327671,5.0,500,student,"(200, 1000)",999
split,sinex_con,0.943333333,4.273655874,0.583055999,6181.507924,4.788354874,10.0,500,student,"(200, 1000)",999
split,sinex_con,0.913333333,3.664500259,0.700875082,6868.979304,3.66659832,1000.0,500,student,"(200, 1000)",999
jackknife_plus,sinex_con,0.876666667,4.401897892,0.659979264,6262.084255,13.46687508,4.0,500,student,"(200, 1000)",[[0.91666667 0.9        0.83333333 0.9        0.83333333]]
jackknife_plus,sinex_con,0.943333333,5.080389727,0.605571804,4844.687404,9.239461422,5.0,500,student,"(200, 1000)",[[0.91666667 0.95       0.95       0.98333333 0.91666667]]
jackknife_plus,sinex_con,0.91,3.603907492,0.648398471,7536.269302,10.42667794,10.0,500,student,"(200, 1000)",[[0.91666667 0.9        0.9        0.86666667 0.96666667]]
jackknife_plus,sinex_con,0.91,3.453397462,0.718106974,7483.504639,11.10133624,1000.0,500,student,"(200, 1000)",[[0.91666667 0.86666667 0.91666667 0.93333333 0.91666667]]
jackknife_plus_ab,sinex_con,0.873333333,4.396883376,0.660366495,6171.736384,113.6645527,4.0,500,student,"(200, 1000)",[[0.85       0.86666667 0.83333333 0.9        0.91666667]]
jackknife_plus_ab,sinex_con,0.93,4.40897958,0.65769873,6136.525131,115.0236528,5.0,500,student,"(200, 1000)",[[0.96666667 0.91666667 0.93333333 0.9        0.93333333]]
jackknife_plus_ab,sinex_con,0.903333333,3.514078942,0.657162307,7620.042513,109.5721107,10.0,500,student,"(200, 1000)",[[0.98333333 0.96666667 0.83333333 0.86666667 0.86666667]]
jackknife_plus_ab,sinex_con,0.903333333,3.413213157,0.721387191,7522.16721,112.4286811,1000.0,500,student,"(200, 1000)",[[0.93333333 0.93333333 0.91666667 0.86666667 0.86666667]]
cqr,sinex_con,0.856666667,4.625804217,0.642682987,5948.234949,0.08399868,4.0,500,student,"(200, 1000)",[[0.78333333 0.81666667 0.85       0.86666667 0.96666667]]
cqr,sinex_con,0.856666667,4.138333679,0.678710228,6808.174222,0.082001209,5.0,500,student,"(200, 1000)",[[0.78333333 0.8        0.81666667 0.93333333 0.95      ]]
cqr,sinex_con,0.933333333,3.912321165,0.618308647,6995.313993,0.089818716,10.0,500,student,"(200, 1000)",[[0.9        0.96666667 0.9        0.93333333 0.96666667]]
cqr,sinex_con,0.923333333,3.774811064,0.69187041,7126.256723,0.085998297,1000.0,500,student,"(200, 1000)",[[0.88333333 0.9        0.95       0.93333333 0.95      ]]
split,cube,0.853333333,0.037058441,0.996660511,6336.168059,13.73573685,0.0,1000,normal,"(200, 1000)",999
split,cube,0.93,0.737357404,0.914268693,2982.25069,7.740646601,0.2,1000,normal,"(200, 1000)",999
split,cube,0.91,1.702096079,0.799699629,1984.475861,5.030995607,0.5,1000,normal,"(200, 1000)",999
split,cube,0.94,3.691218117,0.602702384,1307.540401,4.060784101,1.0,1000,normal,"(200, 1000)",999
jackknife_plus,cube,0.976666667,0.050321777,0.995462393,6305.57017,54.6824317,0.0,1000,normal,"(200, 1000)",[[1.         1.         1.         0.98333333 0.9       ]]
jackknife_plus,cube,0.936666667,0.709642008,0.917490674,3001.952444,30.59664774,0.2,1000,normal,"(200, 1000)",[[0.91666667 0.91666667 0.96666667 0.95       0.93333333]]
jackknife_plus,cube,0.93,1.755668116,0.793394713,2045.843399,19.70819092,0.5,1000,normal,"(200, 1000)",[[0.9        0.96666667 0.98333333 0.91666667 0.88333333]]
jackknife_plus,cube,0.906666667,3.270866606,0.647946988,1553.365163,20.11145329,1.0,1000,normal,"(200, 1000)",[[0.95       0.93333333 0.85       0.86666667 0.93333333]]
jackknife_plus_ab,cube,0.89,0.027755261,0.997500385,6348.927258,214.626121,0.0,1000,normal,"(200, 1000)",[[1.   1.   1.   1.   0.45]]
jackknife_plus_ab,cube,0.916666667,0.680881996,0.920835498,3043.517857,189.2256908,0.2,1000,normal,"(200, 1000)",[[0.95       0.91666667 0.9        0.9        0.91666667]]
jackknife_plus_ab,cube,0.916666667,1.710387743,0.798723736,2092.974216,146.845438,0.5,1000,normal,"(200, 1000)",[[0.91666667 0.9        0.9        0.93333333 0.93333333]]
jackknife_plus_ab,cube,0.903333333,3.223343524,0.653062058,1568.818169,119.1316645,1.0,1000,normal,"(200, 1000)",[[0.91666667 0.86666667 0.86666667 0.91666667 0.95      ]]
cqr,cube,0.916666667,0.509691401,0.954099193,4788.968648,0.144885302,0.0,1000,normal,"(200, 1000)",[[0.98333333 0.93333333 0.93333333 0.95       0.78333333]]
cqr,cube,0.893333333,0.744985833,0.913382539,2885.361266,0.170529127,0.2,1000,normal,"(200, 1000)",[[0.83333333 0.83333333 0.86666667 1.         0.93333333]]
cqr,cube,0.946666667,1.977949977,0.767235937,1787.406527,0.188797951,0.5,1000,normal,"(200, 1000)",[[0.96666667 0.9        0.98333333 0.91666667 0.96666667]]
cqr,cube,0.923333333,3.551919284,0.617696155,1445.917797,0.189290762,1.0,1000,normal,"(200, 1000)",[[0.91666667 0.88333333 0.93333333 0.95       0.93333333]]
split,cube,0.85,4.008998411,0.683299187,2119.017647,7.500975609,4.0,1000,student,"(200, 1000)",999
split,cube,0.883333333,3.697813634,0.628056858,1253.061005,4.284669638,5.0,1000,student,"(200, 1000)",999
split,cube,0.85,3.394745578,0.73030332,2641.854543,5.865843773,10.0,1000,student,"(200, 1000)",999
split,cube,0.89,3.178480954,0.696671427,1885.339144,7.152061701,1000.0,1000,student,"(200, 1000)",999
jackknife_plus,cube,0.903333333,4.582859553,0.637967543,1759.576495,21.13548326,4.0,1000,student,"(200, 1000)",[[0.95       0.9        0.83333333 0.9        0.93333333]]
jackknife_plus,cube,0.906666667,4.147609183,0.582814518,1017.048672,20.21517873,5.0,1000,student,"(200, 1000)",[[0.95       0.86666667 0.88333333 0.88333333 0.95      ]]
jackknife_plus,cube,0.866666667,3.597908957,0.71416408,2489.510161,19.15505314,10.0,1000,student,"(200, 1000)",[[0.9        0.9        0.85       0.85       0.83333333]]
jackknife_plus,cube,0.91,3.468701786,0.668975102,1650.624467,18.01124883,1000.0,1000,student,"(200, 1000)",[[0.88333333 0.95       0.85       0.91666667 0.95      ]]
jackknife_plus_ab,cube,0.896666667,4.538348409,0.641483793,1704.391904,143.5108681,4.0,1000,student,"(200, 1000)",[[0.96666667 0.91666667 0.81666667 0.86666667 0.91666667]]
jackknife_plus_ab,cube,0.903333333,4.058054059,0.5918224,1047.802198,121.7989979,5.0,1000,student,"(200, 1000)",[[0.9        0.9        0.93333333 0.88333333 0.9       ]]
jackknife_plus_ab,cube,0.86,3.53086338,0.719490145,2544.004984,140.3479991,10.0,1000,student,"(200, 1000)",[[0.85       0.86666667 0.85       0.88333333 0.85      ]]
jackknife_plus_ab,cube,0.906666667,3.435140555,0.672177951,1620.44602,165.0958498,1000.0,1000,student,"(200, 1000)",[[0.9        0.95       0.81666667 0.88333333 0.98333333]]
cqr,cube,0.853333333,4.637574445,0.633643854,2054.108255,0.127967119,4.0,1000,student,"(200, 1000)",[[0.81666667 0.86666667 0.83333333 0.83333333 0.91666667]]
cqr,cube,0.91,4.677396435,0.529526072,993.9644853,0.124738455,5.0,1000,student,"(200, 1000)",[[0.86666667 0.9        0.93333333 0.91666667 0.93333333]]
cqr,cube,0.89,4.297630325,0.65857559,2116.435076,0.134974718,10.0,1000,student,"(200, 1000)",[[0.85       0.86666667 0.91666667 0.95       0.86666667]]
cqr,cube,0.9,3.811260672,0.636284121,1414.670861,0.123776674,1000.0,1000,student,"(200, 1000)",[[0.88333333 0.86666667 0.9        0.91666667 0.93333333]]
split,sinex_con,0.9,0.624259928,0.905895122,12650.1557,5.854544163,0.0,1000,normal,"(200, 1000)",999
split,sinex_con,0.943333333,0.985350605,0.863450448,11580.00281,6.314951658,0.2,1000,normal,"(200, 1000)",999
split,sinex_con,0.88,1.675486029,0.806748321,10153.64319,4.738147497,0.5,1000,normal,"(200, 1000)",999
split,sinex_con,0.863333333,3.122566411,0.733290759,8013.110904,4.860057116,1.0,1000,normal,"(200, 1000)",999
jackknife_plus,sinex_con,0.9,0.651614568,0.901771511,12539.66211,17.55458903,0.0,1000,normal,"(200, 1000)",[[0.96666667 0.75       0.9        1.         0.88333333]]
jackknife_plus,sinex_con,0.936666667,0.91866422,0.872692163,11877.75037,15.29962564,0.2,1000,normal,"(200, 1000)",[[0.96666667 1.         0.95       0.95       0.81666667]]
jackknife_plus,sinex_con,0.92,1.790620778,0.79346863,9945.685869,14.44268632,0.5,1000,normal,"(200, 1000)",[[0.91666667 0.96666667 0.95       0.93333333 0.83333333]]
jackknife_plus,sinex_con,0.923333333,3.452960125,0.705071391,7658.241237,14.61619329,1.0,1000,normal,"(200, 1000)",[[0.88333333 1.         0.95       0.9        0.88333333]]
jackknife_plus_ab,sinex_con,0.9,0.603087985,0.909086714,12689.32035,156.096941,0.0,1000,normal,"(200, 1000)",[[0.98333333 0.86666667 0.9        0.98333333 0.76666667]]
jackknife_plus_ab,sinex_con,0.893333333,0.866841371,0.879874805,12016.19408,153.6152794,0.2,1000,normal,"(200, 1000)",[[0.98333333 0.93333333 0.81666667 0.86666667 0.86666667]]
jackknife_plus_ab,sinex_con,0.906666667,1.710620645,0.802696165,10158.12868,139.6225398,0.5,1000,normal,"(200, 1000)",[[0.85       0.93333333 0.95       0.9        0.9       ]]
jackknife_plus_ab,sinex_con,0.906666667,3.369902181,0.712165984,7765.817002,146.7282774,1.0,1000,normal,"(200, 1000)",[[0.88333333 0.88333333 0.93333333 0.91666667 0.91666667]]
cqr,sinex_con,0.903333333,1.414838331,0.78671834,8610.870094,0.104999542,0.0,1000,normal,"(200, 1000)",[[0.8        0.96666667 0.88333333 0.91666667 0.95      ]]
cqr,sinex_con,0.91,0.978509923,0.864399951,11144.08587,0.158999443,0.2,1000,normal,"(200, 1000)",[[0.83333333 0.88333333 0.93333333 0.96666667 0.93333333]]
cqr,sinex_con,0.896666667,1.733341541,0.800075553,10074.31817,0.174707413,0.5,1000,normal,"(200, 1000)",[[0.9        0.9        0.88333333 0.83333333 0.96666667]]
cqr,sinex_con,0.886666667,3.503838693,0.700725951,7851.182795,0.179208755,1.0,1000,normal,"(200, 1000)",[[0.86666667 0.83333333 0.86666667 0.96666667 0.9       ]]
split,sinex_con,0.953333333,5.435009895,0.653881532,5039.6649,6.008141518,4.0,1000,student,"(200, 1000)",999
split,sinex_con,0.95,5.163120387,0.680478511,5450.573044,5.967530251,5.0,1000,student,"(200, 1000)",999
split,sinex_con,0.923333333,4.099491589,0.63899997,7022.017735,5.595974684,10.0,1000,student,"(200, 1000)",999
split,sinex_con,0.89,3.482782052,0.684452593,7279.247005,5.616737366,1000.0,1000,student,"(200, 1000)",999
jackknife_plus,sinex_con,0.91,4.595437858,0.707349613,6276.260925,12.26420975,4.0,1000,student,"(200, 1000)",[[0.93333333 0.93333333 0.9        0.91666667 0.86666667]]
jackknife_plus,sinex_con,0.92,4.492097719,0.722006172,6500.486954,14.63178015,5.0,1000,student,"(200, 1000)",[[0.91666667 0.93333333 0.9        0.9        0.95      ]]
jackknife_plus,sinex_con,0.883333333,3.658094083,0.677869427,7452.218785,14.57417226,10.0,1000,student,"(200, 1000)",[[0.85       0.93333333 0.93333333 0.83333333 0.86666667]]
jackknife_plus,sinex_con,0.883333333,3.430143986,0.689221589,7280.840592,16.09474635,1000.0,1000,student,"(200, 1000)",[[0.88333333 0.9        0.88333333 0.91666667 0.83333333]]
jackknife_plus_ab,sinex_con,0.906666667,4.353518301,0.722755765,6636.870826,152.4988384,4.0,1000,student,"(200, 1000)",[[0.86666667 0.88333333 0.9        0.95       0.93333333]]
jackknife_plus_ab,sinex_con,0.92,4.379188944,0.728993531,6644.142396,140.2342863,5.0,1000,student,"(200, 1000)",[[0.95       0.9        0.95       0.93333333 0.86666667]]
jackknife_plus_ab,sinex_con,0.88,3.601019498,0.682895309,7647.110958,145.5387316,10.0,1000,student,"(200, 1000)",[[0.8        0.9        0.91666667 0.9        0.88333333]]
jackknife_plus_ab,sinex_con,0.883333333,3.358909141,0.695675613,7347.598349,132.2160356,1000.0,1000,student,"(200, 1000)",[[0.86666667 0.88333333 0.81666667 0.91666667 0.93333333]]
cqr,sinex_con,0.883333333,4.835023046,0.692092038,6310.938369,0.193822622,4.0,1000,student,"(200, 1000)",[[0.71666667 0.91666667 0.91666667 0.88333333 0.98333333]]
cqr,sinex_con,0.916666667,4.789099806,0.703626287,6212.000932,0.196784258,5.0,1000,student,"(200, 1000)",[[0.88333333 0.9        0.9        0.9        1.        ]]
cqr,sinex_con,0.893333333,4.123053149,0.636925468,6873.623887,0.184999228,10.0,1000,student,"(200, 1000)",[[0.8        0.9        0.88333333 0.9        0.98333333]]
cqr,sinex_con,0.906666667,3.787580441,0.656837261,6834.17981,0.188765526,1000.0,1000,student,"(200, 1000)",[[0.88333333 0.81666667 0.95       0.91666667 0.96666667]]
split,nmm,0.983333333,8.297803585,0.317972447,6857.813724,3.164573193,0.0,100,normal,"(200, 1000)",999
split,nmm,0.94,3.361834334,0.731289002,15724.88865,4.444390059,0.2,100,normal,"(200, 1000)",999
split,nmm,0.993333333,8.514223262,0.367975406,6932.677734,3.319792509,0.5,100,normal,"(200, 1000)",999
split,nmm,0.93,4.440558463,0.727058748,14499.21093,4.448182344,1.0,100,normal,"(200, 1000)",999
jackknife_plus,nmm,0.956666667,5.620365098,0.538040911,11195.15586,10.40078425,0.0,100,normal,"(200, 1000)",[[1.         1.         1.         0.9        0.88333333]]
jackknife_plus,nmm,0.953333333,5.132259575,0.589779243,12100.43895,12.57060981,0.2,100,normal,"(200, 1000)",[[1.         1.         1.         0.91666667 0.85      ]]
jackknife_plus,nmm,0.926666667,3.757053112,0.721108759,14976.4414,13.31963539,0.5,100,normal,"(200, 1000)",[[1.         0.9        0.95       0.98333333 0.8       ]]
jackknife_plus,nmm,0.893333333,4.278783263,0.737002944,14448.99362,13.31250763,1.0,100,normal,"(200, 1000)",[[0.85       0.91666667 0.93333333 0.91666667 0.85      ]]
jackknife_plus_ab,nmm,0.93,5.081649272,0.582321043,11474.76968,83.12940741,0.0,100,normal,"(200, 1000)",[[1.   1.   1.   1.   0.65]]
jackknife_plus_ab,nmm,0.92,3.85284528,0.692043623,14099.57953,98.34711409,0.2,100,normal,"(200, 1000)",[[1.         0.98333333 1.         0.93333333 0.68333333]]
jackknife_plus_ab,nmm,0.883333333,4.547257599,0.662451226,12725.83381,93.90560985,0.5,100,normal,"(200, 1000)",[[0.85       0.93333333 0.91666667 1.         0.71666667]]
jackknife_plus_ab,nmm,0.906666667,6.199883208,0.618921818,9493.361897,81.23553085,1.0,100,normal,"(200, 1000)",[[0.98333333 0.98333333 0.93333333 0.96666667 0.66666667]]
cqr,nmm,0.903333333,3.449198129,0.716498398,12968.9315,0.043346643,0.0,100,normal,"(200, 1000)",[[0.95       0.83333333 0.96666667 0.93333333 0.83333333]]
cqr,nmm,0.886666667,3.914763637,0.687094673,12037.674,0.04098177,0.2,100,normal,"(200, 1000)",[[0.93333333 0.85       0.91666667 0.85       0.88333333]]
cqr,nmm,0.893333333,4.100685038,0.695601016,12681.86545,0.039000034,0.5,100,normal,"(200, 1000)",[[0.73333333 0.93333333 0.88333333 0.98333333 0.93333333]]
cqr,nmm,0.876666667,5.690305198,0.650242895,10901.79723,0.042511702,1.0,100,normal,"(200, 1000)",[[0.68333333 0.91666667 0.95       0.91666667 0.91666667]]
split,nmm,0.963333333,9.244132056,0.47628481,7092.478955,1.576169491,4.0,100,student,"(200, 1000)",999
split,nmm,0.913333333,9.819484699,0.462316273,4118.982209,2.849848032,5.0,100,student,"(200, 1000)",999
split,nmm,0.98,12.82451119,0.295040056,2189.975679,2.876079559,10.0,100,student,"(200, 1000)",999
split,nmm,0.973333333,14.92387011,0.050916835,937.8328538,1.081584215,1000.0,100,student,"(200, 1000)",999
jackknife_plus,nmm,0.986666667,10.44644038,0.40816857,5615.770149,6.249798775,4.0,100,student,"(200, 1000)",[[1.         0.96666667 0.96666667 1.         1.        ]]
jackknife_plus,nmm,0.946666667,8.658156371,0.525905843,7158.939471,10.42131519,5.0,100,student,"(200, 1000)",[[0.95       0.95       0.95       0.9        0.98333333]]
jackknife_plus,nmm,0.96,8.35723943,0.540604072,7084.757927,10.1846385,10.0,100,student,"(200, 1000)",[[0.98333333 1.         0.93333333 0.96666667 0.91666667]]
jackknife_plus,nmm,0.97,9.053916049,0.424214512,3911.621584,6.695766211,1000.0,100,student,"(200, 1000)",[[1.         0.98333333 0.98333333 1.         0.88333333]]
jackknife_plus_ab,nmm,0.943333333,8.424213923,0.522737046,7023.846076,60.01186943,4.0,100,student,"(200, 1000)",[[0.98333333 1.         0.81666667 0.93333333 0.98333333]]
jackknife_plus_ab,nmm,0.936666667,8.842138704,0.515832009,5806.474604,67.1384244,5.0,100,student,"(200, 1000)",[[1.         0.98333333 0.95       0.96666667 0.78333333]]
jackknife_plus_ab,nmm,0.946666667,7.682567478,0.577691197,7573.276413,78.09400344,10.0,100,student,"(200, 1000)",[[0.98333333 1.         0.95       0.96666667 0.83333333]]
jackknife_plus_ab,nmm,0.863333333,7.013699528,0.553963329,6948.468831,68.78835368,1000.0,100,student,"(200, 1000)",[[0.98333333 0.96666667 0.95       0.78333333 0.63333333]]
cqr,nmm,0.896666667,6.948196377,0.606359715,11765.17769,0.046002388,4.0,100,student,"(200, 1000)",[[0.63333333 0.91666667 0.95       0.98333333 1.        ]]
cqr,nmm,0.89,5.72311713,0.686620302,12076.49075,0.054000616,5.0,100,student,"(200, 1000)",[[0.76666667 0.88333333 0.9        0.96666667 0.93333333]]
cqr,nmm,0.896666667,5.72048205,0.685547469,11061.69982,0.042001486,10.0,100,student,"(200, 1000)",[[0.78333333 0.9        0.91666667 0.93333333 0.95      ]]
cqr,nmm,0.92,5.970932127,0.620278575,10072.89123,0.044129133,1000.0,100,student,"(200, 1000)",[[0.8        0.86666667 0.96666667 0.98333333 0.98333333]]
split,sinex_het,0.846666667,5.813747269,0.591467038,3381.437036,0.424010277,0.0,100,normal,"(200, 1000)",999
split,sinex_het,0.996666667,13.75890543,0.045969554,122.4072596,1.719177485,0.2,100,normal,"(200, 1000)",999
split,sinex_het,0.903333333,8.400481471,0.384138097,987.5662288,1.505189419,0.5,100,normal,"(200, 1000)",999
split,sinex_het,0.983333333,10.28399617,0.290275123,2201.044459,2.80157876,1.0,100,normal,"(200, 1000)",999
jackknife_plus,sinex_het,0.903333333,5.943524055,0.582349316,4578.740649,6.278398037,0.0,100,normal,"(200, 1000)",[[1.         0.95       0.9        0.9        0.76666667]]
jackknife_plus,sinex_het,0.966666667,8.17268134,0.433311767,1632.810894,5.320585966,0.2,100,normal,"(200, 1000)",[[0.96666667 0.98333333 0.96666667 1.         0.91666667]]
jackknife_plus,sinex_het,0.893333333,5.281042203,0.61283256,5333.990511,6.186199903,0.5,100,normal,"(200, 1000)",[[0.88333333 0.91666667 0.93333333 0.81666667 0.91666667]]
jackknife_plus,sinex_het,0.96,9.080986917,0.373298304,1322.988031,4.597385168,1.0,100,normal,"(200, 1000)",[[0.91666667 0.98333333 0.98333333 0.98333333 0.93333333]]
jackknife_plus_ab,sinex_het,0.88,5.832419011,0.590156423,4225.455265,44.95933175,0.0,100,normal,"(200, 1000)",[[0.83333333 0.86666667 0.9        0.91666667 0.88333333]]
jackknife_plus_ab,sinex_het,0.866666667,5.113166568,0.645456953,5247.704971,49.11394644,0.2,100,normal,"(200, 1000)",[[0.88333333 0.9        0.88333333 0.8        0.86666667]]
jackknife_plus_ab,sinex_het,0.86,4.679925832,0.656900994,5676.959381,57.02144456,0.5,100,normal,"(200, 1000)",[[0.86666667 0.75       0.85       0.86666667 0.96666667]]
jackknife_plus_ab,sinex_het,0.906666667,6.473141014,0.553273228,4004.802941,38.52724743,1.0,100,normal,"(200, 1000)",[[0.96666667 0.91666667 0.9        0.86666667 0.88333333]]
cqr,sinex_het,0.883333333,5.471407651,0.615524711,4688.633365,0.045999289,0.0,100,normal,"(200, 1000)",[[0.98333333 0.9        0.95       0.73333333 0.85      ]]
cqr,sinex_het,0.92,6.03222255,0.58173093,4506.737139,0.044001341,0.2,100,normal,"(200, 1000)",[[1.   0.85 0.9  0.9  0.95]]
cqr,sinex_het,0.906666667,5.900266236,0.567435582,3738.870874,0.043999672,0.5,100,normal,"(200, 1000)",[[0.96666667 0.91666667 0.91666667 0.83333333 0.9       ]]
cqr,sinex_het,0.89,7.140462985,0.507219737,3649.262645,0.042999506,1.0,100,normal,"(200, 1000)",[[0.85       0.78333333 0.96666667 0.86666667 0.98333333]]
split,sinex_het,0.876666667,6.293221733,0.644765856,5916.877629,2.278256178,4.0,100,student,"(200, 1000)",999
split,sinex_het,0.996666667,14.59832943,0.28369427,577.8446228,3.302734375,5.0,100,student,"(200, 1000)",999
split,sinex_het,0.813333333,4.769543106,0.684158202,7258.560009,2.648144245,10.0,100,student,"(200, 1000)",999
split,sinex_het,0.71,3.634062397,0.751099209,9077.424741,3.332406998,1000.0,100,student,"(200, 1000)",999
jackknife_plus,sinex_het,0.963333333,9.079021538,0.487514075,1763.572134,5.258051872,4.0,100,student,"(200, 1000)",[[0.98333333 0.98333333 0.98333333 0.95       0.91666667]]
jackknife_plus,sinex_het,0.946666667,8.644946356,0.575813107,1569.74955,5.253895998,5.0,100,student,"(200, 1000)",[[0.91666667 0.98333333 0.95       0.98333333 0.9       ]]
jackknife_plus,sinex_het,0.92,8.253394291,0.453464349,1571.817036,4.503038168,10.0,100,student,"(200, 1000)",[[0.95       0.98333333 0.96666667 0.85       0.85      ]]
jackknife_plus,sinex_het,0.923333333,7.598353985,0.479637103,2464.909408,5.332422733,1000.0,100,student,"(200, 1000)",[[0.91666667 0.93333333 1.         0.95       0.81666667]]
jackknife_plus_ab,sinex_het,0.876666667,6.545632705,0.63051801,4069.526903,42.83553243,4.0,100,student,"(200, 1000)",[[0.88333333 0.85       0.91666667 0.9        0.83333333]]
jackknife_plus_ab,sinex_het,0.886666667,6.699489976,0.671272863,3453.403472,43.70973325,5.0,100,student,"(200, 1000)",[[0.8        0.9        0.91666667 0.95       0.86666667]]
jackknife_plus_ab,sinex_het,0.893333333,6.391671065,0.576746847,4014.134575,45.77272654,10.0,100,student,"(200, 1000)",[[0.85       0.9        0.91666667 0.93333333 0.86666667]]
jackknife_plus_ab,sinex_het,0.916666667,6.523553768,0.553243399,3960.630733,48.95502591,1000.0,100,student,"(200, 1000)",[[0.91666667 0.83333333 0.93333333 0.95       0.95      ]]
cqr,sinex_het,0.88,6.627389755,0.625903159,4146.698236,0.042996645,4.0,100,student,"(200, 1000)",[[0.86666667 0.85       0.93333333 0.88333333 0.86666667]]
cqr,sinex_het,0.85,7.109694978,0.651143633,4287.207105,0.044968128,5.0,100,student,"(200, 1000)",[[0.85       0.9        0.85       0.78333333 0.86666667]]
cqr,sinex_het,0.913333333,7.253143376,0.519700532,3165.07077,0.044971943,10.0,100,student,"(200, 1000)",[[0.86666667 0.93333333 0.95       0.86666667 0.95      ]]
cqr,sinex_het,0.883333333,6.596944343,0.548217349,4181.253817,0.043999434,1000.0,100,student,"(200, 1000)",[[0.68333333 0.9        0.95       0.91666667 0.96666667]]
split,nmm,0.936666667,1.610287929,0.867643666,19342.85241,10.424927,0.0,300,normal,"(200, 1000)",999
split,nmm,0.94,1.9117361,0.847161389,18891.87179,10.20530915,0.2,300,normal,"(200, 1000)",999
split,nmm,0.92,7.374728785,0.482371215,7837.54771,6.442453861,0.5,300,normal,"(200, 1000)",999
split,nmm,0.87,3.534302058,0.778586713,15824.17616,9.989138603,1.0,300,normal,"(200, 1000)",999
jackknife_plus,nmm,0.92,2.43816994,0.79959801,17644.79987,29.12077522,0.0,300,normal,"(200, 1000)",[[1.         0.83333333 0.91666667 0.93333333 0.91666667]]
jackknife_plus,nmm,0.91,2.899675241,0.768180058,16601.32052,27.67667246,0.2,300,normal,"(200, 1000)",[[0.8        1.         0.98333333 0.91666667 0.85      ]]
jackknife_plus,nmm,0.926666667,3.920201667,0.724842454,14996.54207,26.94239759,0.5,300,normal,"(200, 1000)",[[0.91666667 0.93333333 0.98333333 0.9        0.9       ]]
jackknife_plus,nmm,0.913333333,5.386669804,0.662542451,12617.60587,25.75613856,1.0,300,normal,"(200, 1000)",[[1.         0.95       0.9        0.83333333 0.88333333]]
jackknife_plus_ab,nmm,0.916666667,1.841446533,0.848644867,18554.93291,233.8232818,0.0,300,normal,"(200, 1000)",[[0.76666667 0.95       1.         1.         0.86666667]]
jackknife_plus_ab,nmm,0.89,2.008255032,0.839446278,18236.49863,230.8741834,0.2,300,normal,"(200, 1000)",[[1.         0.73333333 0.95       0.93333333 0.83333333]]
jackknife_plus_ab,nmm,0.896666667,2.404336878,0.831240766,17807.54792,233.8347137,0.5,300,normal,"(200, 1000)",[[0.8        0.85       0.95       0.93333333 0.95      ]]
jackknife_plus_ab,nmm,0.89,3.818801906,0.760764343,15163.64608,214.1442416,1.0,300,normal,"(200, 1000)",[[0.91666667 0.9        0.85       0.93333333 0.85      ]]
cqr,nmm,0.903333333,1.424324501,0.882929804,18115.39267,0.069972754,0.0,300,normal,"(200, 1000)",[[0.9        0.83333333 0.9        0.96666667 0.91666667]]
cqr,nmm,0.923333333,1.719342596,0.862543527,17676.07825,0.073613644,0.2,300,normal,"(200, 1000)",[[0.86666667 0.93333333 0.9        0.95       0.96666667]]
cqr,nmm,0.9,2.276824624,0.840190798,17429.4252,0.056970596,0.5,300,normal,"(200, 1000)",[[0.76666667 0.93333333 0.91666667 0.93333333 0.95      ]]
cqr,nmm,0.89,3.669262043,0.77013253,15626.29084,0.069968462,1.0,300,normal,"(200, 1000)",[[0.76666667 0.88333333 0.9        0.9        1.        ]]
split,nmm,0.926666667,6.750381818,0.649354973,10589.06682,3.588083029,4.0,300,student,"(200, 1000)",999
split,nmm,0.956666667,5.532187991,0.727415298,13190.02407,10.41426849,5.0,300,student,"(200, 1000)",999
split,nmm,0.856666667,3.656203572,0.796388366,16031.43086,9.066417456,10.0,300,student,"(200, 1000)",999
split,nmm,0.963333333,10.9024653,0.343014111,3676.917483,5.854025602,1000.0,300,student,"(200, 1000)",999
jackknife_plus,nmm,0.916666667,6.811247832,0.646193606,10354.88928,16.44453835,4.0,300,student,"(200, 1000)",[[0.93333333 0.9        1.         0.88333333 0.86666667]]
jackknife_plus,nmm,0.92,6.576758322,0.675949219,11029.45329,20.93094206,5.0,300,student,"(200, 1000)",[[0.93333333 0.91666667 0.96666667 0.88333333 0.9       ]]
jackknife_plus,nmm,0.91,6.156964526,0.657125043,11087.15389,20.67323875,10.0,300,student,"(200, 1000)",[[0.96666667 0.93333333 0.91666667 0.88333333 0.85      ]]
jackknife_plus,nmm,0.896666667,6.590310895,0.602866678,10590.35579,19.17573118,1000.0,300,student,"(200, 1000)",[[0.96666667 0.93333333 0.96666667 0.81666667 0.8       ]]
jackknife_plus_ab,nmm,0.9,5.343484564,0.722435875,12451.61777,199.1741681,4.0,300,student,"(200, 1000)",[[0.91666667 0.88333333 0.86666667 0.96666667 0.86666667]]
jackknife_plus_ab,nmm,0.906666667,4.899582944,0.758587362,13430.91762,207.4020827,5.0,300,student,"(200, 1000)",[[0.88333333 0.93333333 0.91666667 0.93333333 0.86666667]]
jackknife_plus_ab,nmm,0.883333333,4.282853381,0.76149218,14220.60697,211.2124031,10.0,300,student,"(200, 1000)",[[0.93333333 0.93333333 0.86666667 0.83333333 0.85      ]]
jackknife_plus_ab,nmm,0.913333333,4.119351813,0.751766988,14583.04568,222.6174564,1000.0,300,student,"(200, 1000)",[[0.91666667 0.96666667 0.88333333 0.9        0.9       ]]
cqr,nmm,0.9,5.190695664,0.730372403,14179.87081,0.063782692,4.0,300,student,"(200, 1000)",[[0.78333333 0.91666667 0.88333333 0.93333333 0.98333333]]
cqr,nmm,0.89,4.694404722,0.768696875,15528.98493,0.05800128,5.0,300,student,"(200, 1000)",[[0.81666667 0.83333333 0.98333333 0.88333333 0.93333333]]
cqr,nmm,0.926666667,3.990871078,0.777752026,15681.21915,0.059002638,10.0,300,student,"(200, 1000)",[[0.95       0.91666667 0.88333333 0.91666667 0.96666667]]
cqr,nmm,0.93,3.78304843,0.772032129,15574.03428,0.072973013,1000.0,300,student,"(200, 1000)",[[0.83333333 0.95       0.88333333 0.98333333 1.        ]]
split,sinex_het,0.96,6.887655284,0.457192564,3262.630214,4.280631065,0.0,300,normal,"(200, 1000)",999
split,sinex_het,0.76,3.058703043,0.774560656,8682.325849,3.334931612,0.2,300,normal,"(200, 1000)",999
split,sinex_het,0.886666667,4.919011185,0.60528284,5844.082942,3.887939692,0.5,300,normal,"(200, 1000)",999
split,sinex_het,0.9,6.397752966,0.554601089,3863.706255,2.443819046,1.0,300,normal,"(200, 1000)",999
jackknife_plus,sinex_het,0.906666667,4.780116523,0.623286153,5420.54729,11.8445785,0.0,300,normal,"(200, 1000)",[[1.         0.96666667 0.85       0.9        0.81666667]]
jackknife_plus,sinex_het,0.93,5.731631574,0.577582452,4540.116123,11.45624948,0.2,300,normal,"(200, 1000)",[[0.98333333 0.91666667 0.96666667 0.96666667 0.81666667]]
jackknife_plus,sinex_het,0.956666667,6.196920323,0.502737853,4106.245236,10.46965003,0.5,300,normal,"(200, 1000)",[[0.9        1.         0.96666667 0.95       0.96666667]]
jackknife_plus,sinex_het,0.896666667,6.483970718,0.548598773,3659.767476,8.460617065,1.0,300,normal,"(200, 1000)",[[0.91666667 0.96666667 0.93333333 0.8        0.86666667]]
jackknife_plus_ab,sinex_het,0.883333333,4.293216835,0.661657832,6132.76216,92.15060449,0.0,300,normal,"(200, 1000)",[[0.91666667 0.91666667 0.9        0.76666667 0.91666667]]
jackknife_plus_ab,sinex_het,0.906666667,4.95361427,0.634922247,5993.649117,89.92492914,0.2,300,normal,"(200, 1000)",[[0.96666667 0.93333333 0.91666667 0.86666667 0.85      ]]
jackknife_plus_ab,sinex_het,0.936666667,5.330110036,0.572294303,5249.730369,89.90966272,0.5,300,normal,"(200, 1000)",[[0.96666667 0.93333333 0.91666667 0.93333333 0.93333333]]
jackknife_plus_ab,sinex_het,0.883333333,5.836786043,0.593654332,4446.208922,71.91730571,1.0,300,normal,"(200, 1000)",[[0.86666667 0.91666667 0.85       0.9        0.88333333]]
cqr,sinex_het,0.886666667,4.295799977,0.661454325,5729.87471,0.063792944,0.0,300,normal,"(200, 1000)",[[0.98333333 0.88333333 0.86666667 0.83333333 0.86666667]]
cqr,sinex_het,0.886666667,4.315014956,0.681986453,6604.311302,0.080623388,0.2,300,normal,"(200, 1000)",[[0.98333333 0.88333333 0.88333333 0.83333333 0.85      ]]
cqr,sinex_het,0.89,4.709565596,0.622089463,5898.111397,0.062722445,0.5,300,normal,"(200, 1000)",[[0.9        0.88333333 0.83333333 0.88333333 0.95      ]]
cqr,sinex_het,0.863333333,5.500143906,0.617090027,5279.943064,0.066996574,1.0,300,normal,"(200, 1000)",[[0.86666667 0.75       0.86666667 0.9        0.93333333]]
split,sinex_het,0.97,7.992252536,0.59514901,3796.640301,2.115979671,4.0,300,student,"(200, 1000)",999
split,sinex_het,0.92,6.978867682,0.585249963,4649.728209,3.403650284,5.0,300,student,"(200, 1000)",999
split,sinex_het,0.88,5.68749247,0.654469897,4953.343156,3.352786779,10.0,300,student,"(200, 1000)",999
split,sinex_het,0.903333333,5.834375932,0.626370607,5065.977325,3.853722811,1000.0,300,student,"(200, 1000)",999
jackknife_plus,sinex_het,0.916666667,7.1359468,0.638527972,3678.226755,6.583799839,4.0,300,student,"(200, 1000)",[[0.95       0.95       0.88333333 0.88333333 0.91666667]]
jackknife_plus,sinex_het,0.96,8.503157356,0.494660821,1435.542218,8.25432682,5.0,300,student,"(200, 1000)",[[1.         0.98333333 1.         0.95       0.86666667]]
jackknife_plus,sinex_het,0.906666667,6.335207875,0.61511975,4281.32189,10.35268855,10.0,300,student,"(200, 1000)",[[0.96666667 0.88333333 0.86666667 0.93333333 0.88333333]]
jackknife_plus,sinex_het,0.883333333,6.729514051,0.569046432,3168.107684,7.332154989,1000.0,300,student,"(200, 1000)",[[0.95       0.96666667 0.91666667 0.85       0.73333333]]
jackknife_plus_ab,sinex_het,0.9,6.391524634,0.676236903,4964.741131,82.53244805,4.0,300,student,"(200, 1000)",[[0.86666667 0.93333333 0.9        0.88333333 0.91666667]]
jackknife_plus_ab,sinex_het,0.873333333,5.904442592,0.649102156,5067.328362,84.69825435,5.0,300,student,"(200, 1000)",[[0.83333333 0.9        0.93333333 0.85       0.85      ]]
jackknife_plus_ab,sinex_het,0.886666667,5.704726944,0.653423004,5198.306778,87.3577888,10.0,300,student,"(200, 1000)",[[0.93333333 0.91666667 0.88333333 0.86666667 0.83333333]]
jackknife_plus_ab,sinex_het,0.876666667,5.752857333,0.631590665,4890.539242,76.45033884,1000.0,300,student,"(200, 1000)",[[0.95       0.98333333 0.85       0.88333333 0.71666667]]
cqr,sinex_het,0.94,6.998212464,0.645504058,4570.488123,0.095855951,4.0,300,student,"(200, 1000)",[[1.         0.88333333 0.88333333 1.         0.93333333]]
cqr,sinex_het,0.896666667,6.359273539,0.622072288,4831.903146,0.094001055,5.0,300,student,"(200, 1000)",[[0.9        0.93333333 0.9        0.9        0.85      ]]
cqr,sinex_het,0.896666667,6.114029098,0.628556952,4517.507126,0.087795496,10.0,300,student,"(200, 1000)",[[0.91666667 0.93333333 0.9        0.83333333 0.9       ]]
cqr,sinex_het,0.923333333,5.954744418,0.618661963,4298.384428,0.089969873,1000.0,300,student,"(200, 1000)",[[0.98333333 0.9        0.93333333 0.9        0.9       ]]
split,nmm,0.93,1.652193218,0.864199714,19461.05688,13.68048954,0.0,500,normal,"(200, 1000)",999
split,nmm,0.89,2.146273764,0.832569042,17894.39022,14.87766242,0.2,500,normal,"(200, 1000)",999
split,nmm,0.95,3.020154328,0.784695451,16792.56865,15.15513444,0.5,500,normal,"(200, 1000)",999
split,nmm,0.85,3.956487923,0.769387227,15019.53239,12.47453427,1.0,500,normal,"(200, 1000)",999
jackknife_plus,nmm,0.903333333,1.113886027,0.908445822,20618.12811,33.79450369,0.0,500,normal,"(200, 1000)",[[1.         0.91666667 0.9        0.73333333 0.96666667]]
jackknife_plus,nmm,0.9,1.378087252,0.892495376,20092.92488,35.73225236,0.2,500,normal,"(200, 1000)",[[0.91666667 0.81666667 0.81666667 0.95       1.        ]]
jackknife_plus,nmm,0.926666667,2.301084549,0.835958299,18341.31281,35.33974743,0.5,500,normal,"(200, 1000)",[[0.96666667 0.86666667 0.93333333 0.91666667 0.95      ]]
jackknife_plus,nmm,0.906666667,3.956027663,0.769415944,15476.84552,31.84108496,1.0,500,normal,"(200, 1000)",[[0.96666667 0.91666667 0.86666667 0.88333333 0.9       ]]
jackknife_plus_ab,nmm,0.896666667,0.925200664,0.923954528,21053.48787,347.4173193,0.0,500,normal,"(200, 1000)",[[0.6        1.         0.88333333 1.         1.        ]]
jackknife_plus_ab,nmm,0.896666667,1.280056958,0.900142712,20308.49089,356.7464254,0.2,500,normal,"(200, 1000)",[[0.98333333 0.68333333 0.95       0.95       0.91666667]]
jackknife_plus_ab,nmm,0.916666667,2.163432806,0.845771659,18658.60473,336.1290283,0.5,500,normal,"(200, 1000)",[[0.96666667 0.8        0.98333333 0.91666667 0.91666667]]
jackknife_plus_ab,nmm,0.9,3.771059812,0.780197154,15797.23633,320.6489656,1.0,500,normal,"(200, 1000)",[[0.91666667 0.96666667 0.88333333 0.85       0.88333333]]
cqr,nmm,0.903333333,1.647056709,0.864622669,17074.85523,0.093812704,0.0,500,normal,"(200, 1000)",[[0.81666667 0.88333333 0.95       0.93333333 0.93333333]]
cqr,nmm,0.936666667,1.4001659,0.890771823,19025.31886,0.094998837,0.2,500,normal,"(200, 1000)",[[0.85       0.98333333 0.93333333 0.96666667 0.95      ]]
cqr,nmm,0.853333333,2.071488492,0.85232462,18262.97341,0.107001781,0.5,500,normal,"(200, 1000)",[[0.68333333 0.88333333 0.85       0.91666667 0.93333333]]
cqr,nmm,0.873333333,3.594314981,0.790498475,16413.07943,0.107003212,1.0,500,normal,"(200, 1000)",[[0.75       0.83333333 0.91666667 0.93333333 0.93333333]]
split,nmm,0.9,5.385339773,0.731241454,12941.78989,11.15029168,4.0,500,student,"(200, 1000)",999
split,nmm,0.88,5.838740401,0.719243212,11875.92346,10.03081489,5.0,500,student,"(200, 1000)",999
split,nmm,0.89,4.109527412,0.737067427,15530.4605,14.39819145,10.0,500,student,"(200, 1000)",999
split,nmm,0.92,4.686185598,0.713683783,14704.22766,13.19539428,1000.0,500,student,"(200, 1000)",999
jackknife_plus,nmm,0.946666667,7.418086324,0.629794671,8083.75745,21.4587574,4.0,500,student,"(200, 1000)",[[0.95       1.         0.95       0.96666667 0.86666667]]
jackknife_plus,nmm,0.9,4.644746061,0.776656854,14835.47173,34.66910553,5.0,500,student,"(200, 1000)",[[0.88333333 0.86666667 0.9        0.93333333 0.91666667]]
jackknife_plus,nmm,0.98,8.620361526,0.448456047,5965.224618,19.37109661,10.0,500,student,"(200, 1000)",[[1.         1.         0.98333333 0.98333333 0.93333333]]
jackknife_plus,nmm,0.863333333,3.409853461,0.791664172,16647.32441,34.11313605,1000.0,500,student,"(200, 1000)",[[0.86666667 0.78333333 0.88333333 0.88333333 0.9       ]]
jackknife_plus_ab,nmm,0.896666667,4.700393657,0.765424084,14486.03893,300.2911599,4.0,500,student,"(200, 1000)",[[0.85       0.93333333 0.85       0.91666667 0.93333333]]
jackknife_plus_ab,nmm,0.893333333,4.458163864,0.785628645,15120.14101,310.4367268,5.0,500,student,"(200, 1000)",[[0.88333333 0.88333333 0.93333333 0.81666667 0.95      ]]
jackknife_plus_ab,nmm,0.883333333,3.690704729,0.763864067,16276.80583,312.9797244,10.0,500,student,"(200, 1000)",[[0.91666667 0.8        0.86666667 0.9        0.93333333]]
jackknife_plus_ab,nmm,0.853333333,3.354121291,0.795068621,16672.93882,314.1396987,1000.0,500,student,"(200, 1000)",[[0.91666667 0.76666667 0.83333333 0.88333333 0.86666667]]
cqr,nmm,0.923333333,4.832695532,0.758821076,14832.64134,0.115664244,4.0,500,student,"(200, 1000)",[[0.83333333 0.95       0.93333333 0.93333333 0.96666667]]
cqr,nmm,0.88,4.489607574,0.784116392,15372.86416,0.121753693,5.0,500,student,"(200, 1000)",[[0.76666667 0.88333333 0.83333333 0.93333333 0.98333333]]
cqr,nmm,0.926666667,4.448066863,0.715406831,15366.27099,0.10751462,10.0,500,student,"(200, 1000)",[[0.81666667 0.93333333 0.98333333 0.95       0.95      ]]
cqr,nmm,0.943333333,4.053849169,0.752317061,15609.6182,0.110511541,1000.0,500,student,"(200, 1000)",[[0.91666667 0.91666667 0.91666667 0.98333333 0.98333333]]
split,sinex_het,0.913333333,6.47560364,0.576952166,3266.410328,3.676243067,0.0,500,normal,"(200, 1000)",999
split,sinex_het,0.893333333,6.484136125,0.57667747,4015.341626,3.687409878,0.2,500,normal,"(200, 1000)",999
split,sinex_het,0.933333333,6.590198467,0.523189873,3188.587591,4.063828945,0.5,500,normal,"(200, 1000)",999
split,sinex_het,0.903333333,6.556939638,0.532988275,3535.439769,4.424477816,1.0,500,normal,"(200, 1000)",999
jackknife_plus,sinex_het,0.906666667,4.912778459,0.679050774,6151.215455,11.31431079,0.0,500,normal,"(200, 1000)",[[0.83333333 0.88333333 0.88333333 0.93333333 1.        ]]
jackknife_plus,sinex_het,0.85,4.621300076,0.698292633,6650.209592,10.9334805,0.2,500,normal,"(200, 1000)",[[0.93333333 0.85       0.8        0.78333333 0.88333333]]
jackknife_plus,sinex_het,0.883333333,5.2148841,0.622696088,5635.714104,12.05415988,0.5,500,normal,"(200, 1000)",[[0.93333333 0.91666667 0.88333333 0.86666667 0.81666667]]
jackknife_plus,sinex_het,0.896666667,6.523506827,0.535369495,3725.73427,11.2910583,1.0,500,normal,"(200, 1000)",[[0.93333333 0.95       0.85       0.93333333 0.81666667]]
jackknife_plus_ab,sinex_het,0.896666667,4.702386709,0.692795577,6326.879625,108.195632,0.0,500,normal,"(200, 1000)",[[0.85       0.96666667 0.9        0.88333333 0.88333333]]
jackknife_plus_ab,sinex_het,0.84,4.483645297,0.707278745,6806.544688,112.1983824,0.2,500,normal,"(200, 1000)",[[0.9        0.8        0.85       0.93333333 0.71666667]]
jackknife_plus_ab,sinex_het,0.88,4.987742991,0.639129964,5834.221623,114.2757864,0.5,500,normal,"(200, 1000)",[[0.93333333 0.95       0.91666667 0.91666667 0.68333333]]
jackknife_plus_ab,sinex_het,0.866666667,6.063517526,0.568131165,4375.506113,101.7945049,1.0,500,normal,"(200, 1000)",[[0.83333333 0.91666667 0.86666667 0.95       0.76666667]]
cqr,sinex_het,0.93,4.315113023,0.718095322,6644.123697,0.083770752,0.0,500,normal,"(200, 1000)",[[0.98333333 0.95       0.91666667 0.86666667 0.93333333]]
cqr,sinex_het,0.876666667,4.458391726,0.708929607,6276.311833,0.083966255,0.2,500,normal,"(200, 1000)",[[1.         0.88333333 0.88333333 0.75       0.86666667]]
cqr,sinex_het,0.923333333,5.139722671,0.628133948,5379.453759,0.083191395,0.5,500,normal,"(200, 1000)",[[0.98333333 0.95       0.88333333 0.93333333 0.86666667]]
cqr,sinex_het,0.846666667,5.651719924,0.597459985,5134.273468,0.084827423,1.0,500,normal,"(200, 1000)",[[0.9        0.8        0.85       0.81666667 0.86666667]]
split,sinex_het,0.913333333,7.327975962,0.603169224,3864.402652,5.36315155,4.0,500,student,"(200, 1000)",999
split,sinex_het,0.93,7.183897851,0.526907413,3456.079628,3.967707634,5.0,500,student,"(200, 1000)",999
split,sinex_het,0.763333333,4.064464162,0.76377918,7807.49343,4.821321487,10.0,500,student,"(200, 1000)",999
split,sinex_het,0.91,6.642244624,0.570432103,4348.356459,4.574916363,1000.0,500,student,"(200, 1000)",999
jackknife_plus,sinex_het,0.886666667,6.260050967,0.661000379,5131.088133,13.75204253,4.0,500,student,"(200, 1000)",[[0.88333333 0.91666667 0.96666667 0.83333333 0.83333333]]
jackknife_plus,sinex_het,0.926666667,6.38948361,0.57922324,4399.835161,11.99739242,5.0,500,student,"(200, 1000)",[[1.         0.95       0.86666667 0.88333333 0.93333333]]
jackknife_plus,sinex_het,0.936666667,6.11207113,0.64479579,5002.240084,10.57945538,10.0,500,student,"(200, 1000)",[[0.93333333 0.95       0.96666667 0.91666667 0.91666667]]
jackknife_plus,sinex_het,0.89,5.739080977,0.628841578,5238.355531,11.68894076,1000.0,500,student,"(200, 1000)",[[0.93333333 0.9        0.93333333 0.88333333 0.8       ]]
jackknife_plus_ab,sinex_het,0.876666667,6.141858645,0.667400583,5068.18496,108.3153379,4.0,500,student,"(200, 1000)",[[0.88333333 0.81666667 0.9        0.93333333 0.85      ]]
jackknife_plus_ab,sinex_het,0.913333333,6.345321019,0.582131855,4338.288135,108.1615164,5.0,500,student,"(200, 1000)",[[0.96666667 0.88333333 0.91666667 0.88333333 0.91666667]]
jackknife_plus_ab,sinex_het,0.933333333,6.04480208,0.64870528,5187.006984,111.8171527,10.0,500,student,"(200, 1000)",[[0.96666667 0.93333333 0.93333333 0.93333333 0.9       ]]
jackknife_plus_ab,sinex_het,0.863333333,5.447454222,0.647700881,5603.433354,102.3654146,1000.0,500,student,"(200, 1000)",[[0.76666667 0.91666667 0.86666667 0.93333333 0.83333333]]
cqr,sinex_het,0.91,7.158922457,0.612323996,3913.467908,0.09100914,4.0,500,student,"(200, 1000)",[[0.81666667 0.91666667 0.95       0.91666667 0.95      ]]
cqr,sinex_het,0.856666667,5.853675021,0.614507913,4560.577051,0.083613396,5.0,500,student,"(200, 1000)",[[0.75       0.8        0.91666667 0.86666667 0.95      ]]
cqr,sinex_het,0.926666667,6.326476673,0.632336017,4473.405301,0.084999561,10.0,500,student,"(200, 1000)",[[0.93333333 0.93333333 0.9        0.91666667 0.95      ]]
cqr,sinex_het,0.876666667,5.801452382,0.624807611,5178.950285,0.126259804,1000.0,500,student,"(200, 1000)",[[0.9        0.86666667 0.85       0.9        0.86666667]]
split,nmm,0.913333333,0.831569852,0.931650215,21346.68416,16.78310275,0.0,1000,normal,"(200, 1000)",999
split,nmm,0.876666667,1.093584043,0.91302103,20732.50409,17.47748756,0.2,1000,normal,"(200, 1000)",999
split,nmm,0.883333333,2.191901481,0.840229063,18501.79115,16.36452651,0.5,1000,normal,"(200, 1000)",999
split,nmm,0.923333333,4.088907193,0.73644981,16025.31496,14.91773319,1.0,1000,normal,"(200, 1000)",999
jackknife_plus,nmm,0.903333333,0.942159628,0.922560612,21041.11083,43.55612493,0.0,1000,normal,"(200, 1000)",[[1.         1.         1.         0.88333333 0.63333333]]
jackknife_plus,nmm,0.906666667,1.330023919,0.894216185,20175.76228,41.66237617,0.2,1000,normal,"(200, 1000)",[[0.98333333 0.9        0.88333333 0.76666667 1.        ]]
jackknife_plus,nmm,0.876666667,2.084038897,0.848091087,18770.86462,43.75002456,0.5,1000,normal,"(200, 1000)",[[0.85       0.86666667 0.81666667 0.93333333 0.91666667]]
jackknife_plus,nmm,0.91,3.850687786,0.751804525,15928.78143,40.53691816,1.0,1000,normal,"(200, 1000)",[[0.83333333 0.88333333 0.95       0.93333333 0.95      ]]
jackknife_plus_ab,nmm,0.9,0.792949024,0.934824761,21431.24517,408.9426911,0.0,1000,normal,"(200, 1000)",[[1.         0.95       0.85       0.73333333 0.96666667]]
jackknife_plus_ab,nmm,0.906666667,1.18456242,0.9057855,20544.29208,402.4747255,0.2,1000,normal,"(200, 1000)",[[1.         1.         0.83333333 0.81666667 0.88333333]]
jackknife_plus_ab,nmm,0.88,2.04664145,0.850817159,18911.35489,396.8211868,0.5,1000,normal,"(200, 1000)",[[0.88333333 0.73333333 0.93333333 0.91666667 0.93333333]]
jackknife_plus_ab,nmm,0.896666667,3.720322818,0.760207243,16266.22095,379.4250095,1.0,1000,normal,"(200, 1000)",[[0.95       0.85       0.83333333 0.91666667 0.93333333]]
cqr,nmm,0.903333333,2.093707622,0.827910877,16099.92879,0.097172499,0.0,1000,normal,"(200, 1000)",[[0.8        0.9        0.91666667 0.93333333 0.96666667]]
cqr,nmm,0.936666667,1.765559972,0.859574603,17915.25565,0.106984615,0.2,1000,normal,"(200, 1000)",[[0.83333333 0.95       0.98333333 0.95       0.96666667]]
cqr,nmm,0.876666667,1.761690776,0.87158747,19274.26066,0.105967999,0.5,1000,normal,"(200, 1000)",[[0.81666667 0.85       0.83333333 0.91666667 0.96666667]]
cqr,nmm,0.896666667,3.689586254,0.762188363,16595.22162,0.113780975,1.0,1000,normal,"(200, 1000)",[[0.8        0.86666667 0.9        0.95       0.96666667]]
split,nmm,0.96,5.133085899,0.704636287,13375.80237,12.40433741,4.0,1000,student,"(200, 1000)",999
split,nmm,0.893333333,4.428661593,0.760475054,14944.74305,13.69993329,5.0,1000,student,"(200, 1000)",999
split,nmm,0.916666667,4.239156493,0.732034531,15523.7889,15.50578618,10.0,1000,student,"(200, 1000)",999
split,nmm,0.916666667,3.863383626,0.754303737,15638.02275,16.71787834,1000.0,1000,student,"(200, 1000)",999
jackknife_plus,nmm,0.936666667,4.538655217,0.738841767,15027.40953,36.78225207,4.0,1000,student,"(200, 1000)",[[0.9        0.95       0.95       0.91666667 0.96666667]]
jackknife_plus,nmm,0.896666667,4.450163938,0.759312121,14953.2598,39.17117095,5.0,1000,student,"(200, 1000)",[[0.96666667 0.9        0.9        0.86666667 0.85      ]]
jackknife_plus,nmm,0.91,3.899190135,0.753524589,15974.83109,40.72192955,10.0,1000,student,"(200, 1000)",[[0.9        0.81666667 0.96666667 0.88333333 0.98333333]]
jackknife_plus,nmm,0.89,3.487335882,0.778219031,16562.2124,44.09272575,1000.0,1000,student,"(200, 1000)",[[0.95       0.91666667 0.83333333 0.93333333 0.81666667]]
jackknife_plus_ab,nmm,0.926666667,4.330838227,0.750800155,15336.42934,391.1085072,4.0,1000,student,"(200, 1000)",[[0.93333333 0.9        0.93333333 0.96666667 0.9       ]]
jackknife_plus_ab,nmm,0.883333333,4.252333126,0.770011629,15311.27594,366.4182615,5.0,1000,student,"(200, 1000)",[[0.95       0.93333333 0.88333333 0.78333333 0.86666667]]
jackknife_plus_ab,nmm,0.886666667,3.733604366,0.763991524,16335.79252,385.3588111,10.0,1000,student,"(200, 1000)",[[0.86666667 0.83333333 0.9        0.95       0.88333333]]
jackknife_plus_ab,nmm,0.88,3.368986581,0.785745346,16857.73253,381.0561738,1000.0,1000,student,"(200, 1000)",[[0.83333333 0.88333333 0.83333333 0.95       0.9       ]]
cqr,nmm,0.926666667,4.777822628,0.725080393,14903.12583,0.13800025,4.0,1000,student,"(200, 1000)",[[0.86666667 0.95       0.93333333 0.96666667 0.91666667]]
cqr,nmm,0.886666667,4.673537406,0.747230805,14635.54286,0.122780323,5.0,1000,student,"(200, 1000)",[[0.88333333 0.85       0.93333333 0.86666667 0.9       ]]
cqr,nmm,0.943333333,4.210590153,0.73383909,15747.80608,0.123748302,10.0,1000,student,"(200, 1000)",[[0.85       0.91666667 0.96666667 0.98333333 1.        ]]
cqr,nmm,0.87,3.253277928,0.793103563,17176.93264,0.114999056,1000.0,1000,student,"(200, 1000)",[[0.75       0.85       0.88333333 0.91666667 0.95      ]]
split,sinex_het,0.86,4.079311889,0.717744918,7542.885243,5.176915884,0.0,1000,normal,"(200, 1000)",999
split,sinex_het,0.933333333,5.218298386,0.593321342,4469.763572,4.280091524,0.2,1000,normal,"(200, 1000)",999
split,sinex_het,0.933333333,6.060200613,0.603872109,4974.383581,5.589623928,0.5,1000,normal,"(200, 1000)",999
split,sinex_het,0.853333333,5.227110582,0.675773349,5714.338346,4.795454979,1.0,1000,normal,"(200, 1000)",999
jackknife_plus,sinex_het,0.913333333,4.905878902,0.660554492,6156.191438,16.43024397,0.0,1000,normal,"(200, 1000)",[[0.95       0.91666667 0.93333333 0.88333333 0.88333333]]
jackknife_plus,sinex_het,0.923333333,4.957990855,0.613608232,5418.787219,17.7951355,0.2,1000,normal,"(200, 1000)",[[0.96666667 0.88333333 0.98333333 0.93333333 0.85      ]]
jackknife_plus,sinex_het,0.9,5.160806172,0.662662025,6213.291579,16.52944708,0.5,1000,normal,"(200, 1000)",[[0.98333333 0.98333333 0.9        0.85       0.78333333]]
jackknife_plus,sinex_het,0.92,5.881000451,0.63521534,5263.654479,16.30968857,1.0,1000,normal,"(200, 1000)",[[0.98333333 0.98333333 0.95       0.91666667 0.76666667]]
jackknife_plus_ab,sinex_het,0.91,4.858618853,0.663824539,6238.771685,146.0857809,0.0,1000,normal,"(200, 1000)",[[0.9        0.81666667 0.96666667 0.98333333 0.88333333]]
jackknife_plus_ab,sinex_het,0.926666667,5.012051082,0.609395053,5465.789601,157.5441923,0.2,1000,normal,"(200, 1000)",[[0.93333333 0.95       0.9        0.91666667 0.93333333]]
jackknife_plus_ab,sinex_het,0.9,5.084861908,0.667626149,6351.725059,155.9494841,0.5,1000,normal,"(200, 1000)",[[0.81666667 0.88333333 0.91666667 0.96666667 0.91666667]]
jackknife_plus_ab,sinex_het,0.896666667,5.569575131,0.654532555,5683.676387,148.9927583,1.0,1000,normal,"(200, 1000)",[[0.9        0.85       0.88333333 0.9        0.95      ]]
cqr,sinex_het,0.923333333,4.566415179,0.68404226,6141.527517,0.203999519,0.0,1000,normal,"(200, 1000)",[[0.98333333 0.91666667 0.91666667 0.9        0.9       ]]
cqr,sinex_het,0.91,4.417081392,0.655763234,6020.00098,0.185323715,0.2,1000,normal,"(200, 1000)",[[0.98333333 0.95       0.83333333 0.81666667 0.96666667]]
cqr,sinex_het,0.926666667,4.725572526,0.691110739,6450.257018,0.274002314,0.5,1000,normal,"(200, 1000)",[[0.98333333 0.9        0.85       0.93333333 0.96666667]]
cqr,sinex_het,0.883333333,5.677311737,0.647849738,5058.828706,0.160137177,1.0,1000,normal,"(200, 1000)",[[0.88333333 0.95       0.88333333 0.86666667 0.83333333]]
split,sinex_het,0.93,6.910419714,0.506262778,3780.83711,5.918417931,4.0,1000,student,"(200, 1000)",999
split,sinex_het,0.873333333,6.1987241,0.668241949,5072.675941,5.523985386,5.0,1000,student,"(200, 1000)",999
split,sinex_het,0.873333333,6.534806401,0.660084376,4669.412927,5.257260561,10.0,1000,student,"(200, 1000)",999
split,sinex_het,0.923333333,6.535191961,0.553543129,4164.803326,7.096927881,1000.0,1000,student,"(200, 1000)",999
jackknife_plus,sinex_het,0.923333333,6.282941206,0.551095118,4084.246467,13.7591722,4.0,1000,student,"(200, 1000)",[[0.88333333 0.91666667 0.96666667 0.95       0.9       ]]
jackknife_plus,sinex_het,0.88,6.149309625,0.670886834,5364.917528,15.91058946,5.0,1000,student,"(200, 1000)",[[0.93333333 0.93333333 0.78333333 0.85       0.9       ]]
jackknife_plus,sinex_het,0.856666667,5.819323408,0.697300172,5822.087914,15.32635999,10.0,1000,student,"(200, 1000)",[[0.91666667 0.83333333 0.9        0.86666667 0.76666667]]
jackknife_plus,sinex_het,0.93,6.156212112,0.579433204,4420.87095,15.46571732,1000.0,1000,student,"(200, 1000)",[[0.93333333 0.98333333 0.96666667 0.95       0.81666667]]
jackknife_plus_ab,sinex_het,0.9,5.999103373,0.571375108,4622.67152,164.9589443,4.0,1000,student,"(200, 1000)",[[0.78333333 0.93333333 0.91666667 0.93333333 0.93333333]]
jackknife_plus_ab,sinex_het,0.893333333,6.224891689,0.666841898,5310.437196,169.2758284,5.0,1000,student,"(200, 1000)",[[0.76666667 0.85       0.96666667 0.95       0.93333333]]
jackknife_plus_ab,sinex_het,0.846666667,5.703890179,0.703303867,6003.666675,156.4698539,10.0,1000,student,"(200, 1000)",[[0.73333333 0.78333333 0.91666667 0.88333333 0.91666667]]
jackknife_plus_ab,sinex_het,0.92,5.824762944,0.602076684,4798.795868,146.4904687,1000.0,1000,student,"(200, 1000)",[[0.93333333 0.96666667 0.91666667 0.9        0.88333333]]
cqr,sinex_het,0.923333333,6.691019972,0.521938657,3997.744931,0.128997564,4.0,1000,student,"(200, 1000)",[[0.91666667 0.91666667 0.93333333 0.9        0.95      ]]
cqr,sinex_het,0.896666667,6.614052661,0.646013908,4821.026713,0.138792992,5.0,1000,student,"(200, 1000)",[[0.85       0.95       0.93333333 0.91666667 0.83333333]]
cqr,sinex_het,0.856666667,6.02854687,0.686417203,5487.150029,0.130997658,10.0,1000,student,"(200, 1000)",[[0.78333333 0.9        0.81666667 0.91666667 0.86666667]]
cqr,sinex_het,0.906666667,5.853252087,0.600130641,4415.059513,0.129319906,1000.0,1000,student,"(200, 1000)",[[0.9        0.9        0.85       0.95       0.93333333]]
split,linear,0.63,0.579123805,0.942018944,17441.87072,0.559867144,0.0,100,normal,"(200, 1000)",999
split,linear,0.99,1.003591747,0.903868363,17191.22768,0.751001358,0.2,100,normal,"(200, 1000)",999
split,linear,0.983333333,2.95497583,0.736206635,11547.74034,0.380000591,0.5,100,normal,"(200, 1000)",999
split,linear,0.866666667,3.397442667,0.741244029,12433.39136,0.500001192,1.0,100,normal,"(200, 1000)",999
jackknife_plus,linear,0.936666667,0.604917312,0.939507006,17711.97196,1.787608862,0.0,100,normal,"(200, 1000)",[[1.         1.         1.         0.93333333 0.75      ]]
jackknife_plus,linear,0.94,0.919094134,0.911967432,17038.82985,1.882005692,0.2,100,normal,"(200, 1000)",[[0.86666667 0.96666667 0.95       0.96666667 0.95      ]]
jackknife_plus,linear,0.953333333,2.097578158,0.812748618,14027.59865,1.520454407,0.5,100,normal,"(200, 1000)",[[0.9        0.96666667 0.98333333 0.93333333 0.98333333]]
jackknife_plus,linear,0.85,3.009560377,0.770784716,12340.42715,1.709624052,1.0,100,normal,"(200, 1000)",[[0.78333333 0.83333333 0.9        0.8        0.93333333]]
jackknife_plus_ab,linear,0.923333333,0.375571585,0.962442317,18588.94797,15.43738055,0.0,100,normal,"(200, 1000)",[[0.83333333 1.         1.         1.         0.78333333]]
jackknife_plus_ab,linear,0.876666667,0.686714071,0.934225814,17880.22367,17.3525455,0.2,100,normal,"(200, 1000)",[[0.93333333 0.86666667 0.88333333 0.9        0.8       ]]
jackknife_plus_ab,linear,0.936666667,1.953200765,0.825638271,14147.54813,13.38384318,0.5,100,normal,"(200, 1000)",[[0.91666667 0.93333333 0.91666667 0.93333333 0.98333333]]
jackknife_plus_ab,linear,0.846666667,3.013642234,0.77047357,12316.07789,13.22074032,1.0,100,normal,"(200, 1000)",[[0.81666667 0.86666667 0.9        0.81666667 0.83333333]]
cqr,linear,0.903333333,2.035593241,0.796440667,13179.40624,0.040205002,0.0,100,normal,"(200, 1000)",[[0.83333333 0.93333333 0.88333333 0.91666667 0.95      ]]
cqr,linear,0.853333333,1.859207361,0.821922777,14088.36084,0.042001247,0.2,100,normal,"(200, 1000)",[[0.61666667 0.93333333 0.91666667 0.9        0.9       ]]
cqr,linear,0.88,2.53533645,0.773672299,12538.18788,0.042969465,0.5,100,normal,"(200, 1000)",[[0.75       0.86666667 0.91666667 0.88333333 0.98333333]]
cqr,linear,0.903333333,3.94108746,0.699839911,10921.63392,0.047002554,1.0,100,normal,"(200, 1000)",[[0.78333333 0.83333333 0.95       0.96666667 0.98333333]]
split,linear,0.943333333,0.08232592,0.991765546,19783.71653,2.012825012,0.0,300,normal,"(200, 1000)",999
split,linear,0.886666667,0.734114712,0.929331989,17813.55434,1.452118158,0.2,300,normal,"(200, 1000)",999
split,linear,0.956666667,2.033936261,0.807391895,14390.97545,1.461736679,0.5,300,normal,"(200, 1000)",999
split,linear,0.93,3.726770456,0.737788267,11736.15723,1.083793163,1.0,300,normal,"(200, 1000)",999
jackknife_plus,linear,0.94,0.371201198,0.96287834,18631.58293,3.323424816,0.0,300,normal,"(200, 1000)",[[1.   1.   0.95 1.   0.75]]
jackknife_plus,linear,0.913333333,0.71526927,0.931146102,17805.35319,4.246273756,0.2,300,normal,"(200, 1000)",[[0.93333333 0.96666667 0.85       0.96666667 0.85      ]]
jackknife_plus,linear,0.93,1.833164987,0.826405969,14925.08587,4.883777142,0.5,300,normal,"(200, 1000)",[[0.93333333 0.93333333 0.93333333 0.93333333 0.91666667]]
jackknife_plus,linear,0.886666667,3.299762444,0.767832562,12222.22087,3.888981342,1.0,300,normal,"(200, 1000)",[[0.81666667 0.91666667 0.9        0.96666667 0.83333333]]
jackknife_plus_ab,linear,0.9,0.163478289,0.983652171,19464.5438,40.82331562,0.0,300,normal,"(200, 1000)",[[1.  1.  1.  0.9 0.6]]
jackknife_plus_ab,linear,0.89,0.659341807,0.936529901,17990.13087,37.23704076,0.2,300,normal,"(200, 1000)",[[0.9        0.88333333 0.91666667 0.9        0.85      ]]
jackknife_plus_ab,linear,0.926666667,1.805604379,0.829016001,14965.18009,38.44178319,0.5,300,normal,"(200, 1000)",[[0.95       0.95       0.83333333 0.95       0.95      ]]
jackknife_plus_ab,linear,0.876666667,3.171419592,0.776862324,12497.21946,31.45575428,1.0,300,normal,"(200, 1000)",[[0.85       0.88333333 0.93333333 0.86666667 0.85      ]]
cqr,linear,0.903333333,2.166464349,0.783353556,12073.12148,0.053694725,0.0,300,normal,"(200, 1000)",[[0.93333333 0.78333333 0.96666667 0.91666667 0.91666667]]
cqr,linear,0.903333333,1.635135715,0.842597454,14111.07223,0.050999403,0.2,300,normal,"(200, 1000)",[[0.85       0.9        0.9        0.9        0.96666667]]
cqr,linear,0.876666667,1.796883671,0.829841954,14983.5179,0.05300045,0.5,300,normal,"(200, 1000)",[[0.76666667 0.81666667 0.88333333 0.93333333 0.98333333]]
cqr,linear,0.906666667,3.699495577,0.739707925,11450.56076,0.053999901,1.0,300,normal,"(200, 1000)",[[0.83333333 0.81666667 0.96666667 0.93333333 0.98333333]]
split,linear,0.9,0.018099283,0.998190072,20011.58301,2.838418961,0.0,500,normal,"(200, 1000)",999
split,linear,0.866666667,0.740035504,0.92965467,17505.83893,1.72619462,0.2,500,normal,"(200, 1000)",999
split,linear,0.886666667,1.598151624,0.850336755,15525.59228,2.402932882,0.5,500,normal,"(200, 1000)",999
split,linear,0.92,3.499134142,0.745822815,11414.20992,3.2796278,1.0,500,normal,"(200, 1000)",999
jackknife_plus,linear,0.926666667,0.087501144,0.991249181,19772.07664,9.916466713,0.0,500,normal,"(200, 1000)",[[1.         1.         0.98333333 0.93333333 0.71666667]]
jackknife_plus,linear,0.92,0.742669267,0.929404978,17770.27791,6.152946711,0.2,500,normal,"(200, 1000)",[[0.91666667 0.93333333 0.95       0.91666667 0.88333333]]
jackknife_plus,linear,0.91,1.686048344,0.842105503,15128.35585,5.377732277,0.5,500,normal,"(200, 1000)",[[0.91666667 0.9        0.95       0.95       0.83333333]]
jackknife_plus,linear,0.92,3.477365769,0.747404067,11443.203,6.129070997,1.0,500,normal,"(200, 1000)",[[0.93333333 0.9        0.93333333 0.96666667 0.86666667]]
jackknife_plus_ab,linear,0.963333333,0.03509468,0.996486535,19935.1963,64.82279634,0.0,500,normal,"(200, 1000)",[[1.         1.         1.         0.95       0.86666667]]
jackknife_plus_ab,linear,0.88,0.667074601,0.936590649,18097.51899,60.78703618,0.2,500,normal,"(200, 1000)",[[0.9        0.91666667 0.86666667 0.86666667 0.85      ]]
jackknife_plus_ab,linear,0.893333333,1.641641501,0.846264145,15291.87575,55.00286937,0.5,500,normal,"(200, 1000)",[[0.86666667 0.93333333 0.86666667 0.95       0.85      ]]
jackknife_plus_ab,linear,0.91,3.357937927,0.756079522,11757.98423,58.25040555,1.0,500,normal,"(200, 1000)",[[0.9        0.88333333 0.93333333 0.95       0.88333333]]
cqr,linear,0.903333333,2.633005612,0.736699431,10338.84348,0.08176589,0.0,500,normal,"(200, 1000)",[[0.88333333 0.8        0.95       0.93333333 0.95      ]]
cqr,linear,0.866666667,1.573753318,0.850405461,14218.36277,0.06199789,0.2,500,normal,"(200, 1000)",[[0.68333333 0.86666667 0.9        0.95       0.93333333]]
cqr,linear,0.9,1.771888138,0.834066895,14851.89866,0.075965166,0.5,500,normal,"(200, 1000)",[[0.81666667 0.88333333 0.91666667 0.96666667 0.91666667]]
cqr,linear,0.93,3.707259096,0.730704272,11460.2133,0.07577014,1.0,500,normal,"(200, 1000)",[[0.88333333 0.9        0.96666667 1.         0.9       ]]
split,linear,0.84,0.00604191,0.999392211,20046.62259,3.250032425,0.0,1000,normal,"(200, 1000)",999
split,linear,0.906666667,0.675182945,0.934384458,18249.68008,3.274870634,0.2,1000,normal,"(200, 1000)",999
split,linear,0.896666667,1.514703194,0.864315883,15795.04371,3.960169554,0.5,1000,normal,"(200, 1000)",999
split,linear,0.923333333,3.374634823,0.725418837,12083.89558,4.951449633,1.0,1000,normal,"(200, 1000)",999
jackknife_plus,linear,0.95,0.01555492,0.998442012,20022.19808,9.853336334,0.0,1000,normal,"(200, 1000)",[[0.78333333 1.         1.         0.98333333 0.98333333]]
jackknife_plus,linear,0.903333333,0.678621366,0.934050337,18131.47629,8.907141447,0.2,1000,normal,"(200, 1000)",[[0.91666667 0.91666667 0.88333333 0.91666667 0.88333333]]
jackknife_plus,linear,0.923333333,1.689298919,0.848675492,15417.15013,8.112853289,0.5,1000,normal,"(200, 1000)",[[0.93333333 0.9        0.9        0.95       0.93333333]]
jackknife_plus,linear,0.923333333,3.398391446,0.723485856,11813.08934,9.557193279,1.0,1000,normal,"(200, 1000)",[[0.91666667 0.9        0.93333333 0.93333333 0.93333333]]
jackknife_plus_ab,linear,0.91,0.004802822,0.999519618,20052.72924,88.18816113,0.0,1000,normal,"(200, 1000)",[[1.         0.98333333 0.93333333 0.85       0.78333333]]
jackknife_plus_ab,linear,0.893333333,0.653347593,0.936506457,18253.06864,87.49474931,0.2,1000,normal,"(200, 1000)",[[0.88333333 0.91666667 0.9        0.88333333 0.88333333]]
jackknife_plus_ab,linear,0.923333333,1.659356114,0.851357707,15432.48569,84.67080855,0.5,1000,normal,"(200, 1000)",[[0.9        0.93333333 0.95       0.93333333 0.9       ]]
jackknife_plus_ab,linear,0.92,3.293016701,0.732059885,12137.13987,94.21516943,1.0,1000,normal,"(200, 1000)",[[0.91666667 0.95       0.88333333 0.96666667 0.88333333]]
cqr,linear,0.903333333,1.808866811,0.81911331,13169.38636,0.08899951,0.0,1000,normal,"(200, 1000)",[[0.85       0.9        0.91666667 0.93333333 0.91666667]]
cqr,linear,0.853333333,1.032611329,0.899647004,16438.88396,0.092276335,0.2,1000,normal,"(200, 1000)",[[0.63333333 0.86666667 0.88333333 0.9        0.98333333]]
cqr,linear,0.94,1.958505174,0.824559672,14594.37234,0.107000113,0.5,1000,normal,"(200, 1000)",[[0.88333333 0.93333333 0.95       0.93333333 1.        ]]
cqr,linear,0.92,3.695064473,0.699346852,11375.99478,0.110998631,1.0,1000,normal,"(200, 1000)",[[0.83333333 0.88333333 0.93333333 0.98333333 0.96666667]]
split,linear,0.81,3.885178853,0.761245134,9303.623047,0.555007458,4.0,100,student,"(200, 1000)",999
split,linear,0.886666667,3.442326773,0.798255001,11259.63189,0.419979095,5.0,100,student,"(200, 1000)",999
split,linear,0.983333333,6.332611206,0.474675824,7518.146194,0.54580164,10.0,100,student,"(200, 1000)",999
split,linear,0.93,3.683636079,0.688816347,11627.23427,0.548747301,1000.0,100,student,"(200, 1000)",999
jackknife_plus,linear,0.933333333,5.796782645,0.643780338,8523.83629,1.789509535,4.0,100,student,"(200, 1000)",[[0.96666667 0.93333333 0.93333333 0.95       0.88333333]]
jackknife_plus,linear,0.923333333,4.352224996,0.744928224,10225.81353,1.46710372,5.0,100,student,"(200, 1000)",[[0.85       0.93333333 0.93333333 0.95       0.95      ]]
jackknife_plus,linear,0.95,4.343428454,0.639689899,10365.24764,1.835765362,10.0,100,student,"(200, 1000)",[[0.96666667 0.88333333 0.96666667 0.96666667 0.96666667]]
jackknife_plus,linear,0.94,3.823028435,0.677040416,11141.66572,1.755503893,1000.0,100,student,"(200, 1000)",[[0.93333333 0.93333333 0.98333333 0.9        0.95      ]]
jackknife_plus_ab,linear,0.926666667,4.352084647,0.732558882,9498.849935,14.12772107,4.0,100,student,"(200, 1000)",[[0.86666667 0.95       0.93333333 0.93333333 0.95      ]]
jackknife_plus_ab,linear,0.923333333,3.983163338,0.766557853,10554.5776,13.5722878,5.0,100,student,"(200, 1000)",[[0.86666667 0.91666667 0.96666667 0.9        0.96666667]]
jackknife_plus_ab,linear,0.95,4.245253291,0.647833986,10289.62219,14.65900421,10.0,100,student,"(200, 1000)",[[0.96666667 0.96666667 0.96666667 0.9        0.95      ]]
jackknife_plus_ab,linear,0.916666667,3.478067561,0.706182611,11651.29705,15.06892991,1000.0,100,student,"(200, 1000)",[[0.88333333 0.95       0.91666667 0.9        0.93333333]]
cqr,linear,0.903333333,5.056007125,0.689302551,9968.935096,0.584800959,4.0,100,student,"(200, 1000)",[[0.81666667 0.85       0.96666667 0.95       0.93333333]]
cqr,linear,0.94,5.174846207,0.696716055,8755.176702,0.044999599,5.0,100,student,"(200, 1000)",[[0.9        0.91666667 0.95       0.95       0.98333333]]
cqr,linear,0.933333333,4.71515081,0.608854646,10243.71549,0.047002554,10.0,100,student,"(200, 1000)",[[0.78333333 0.98333333 0.96666667 0.96666667 0.96666667]]
cqr,linear,0.91,3.962174439,0.665286777,10505.73463,0.047001362,1000.0,100,student,"(200, 1000)",[[0.76666667 0.93333333 0.96666667 0.93333333 0.95      ]]
split,linear,0.946666667,5.847091794,0.700283178,7953.25014,1.735022306,4.0,300,student,"(200, 1000)",999
split,linear,0.926666667,4.127801032,0.747113496,11128.33115,1.664021969,5.0,300,student,"(200, 1000)",999
split,linear,0.806666667,3.225657336,0.752080188,11862.39654,1.329017878,10.0,300,student,"(200, 1000)",999
split,linear,0.96,4.066706225,0.697189294,10334.45623,1.767024994,1000.0,300,student,"(200, 1000)",999
jackknife_plus,linear,0.91,4.799278067,0.753994371,9341.530524,5.738071203,4.0,300,student,"(200, 1000)",[[0.95       0.91666667 0.85       0.95       0.88333333]]
jackknife_plus,linear,0.923333333,4.006373955,0.754552736,10891.72469,4.399088621,5.0,300,student,"(200, 1000)",[[0.91666667 0.93333333 0.91666667 0.93333333 0.91666667]]
jackknife_plus,linear,0.91,3.832478946,0.705448385,11372.48258,5.998293877,10.0,300,student,"(200, 1000)",[[0.93333333 0.83333333 0.86666667 0.95       0.96666667]]
jackknife_plus,linear,0.916666667,3.616254862,0.730732347,11464.67281,4.823060036,1000.0,300,student,"(200, 1000)",[[0.96666667 0.9        0.95       0.86666667 0.9       ]]
jackknife_plus_ab,linear,0.85,3.963311133,0.796843172,11269.91328,34.17552567,4.0,300,student,"(200, 1000)",[[0.88333333 0.9        0.8        0.8        0.86666667]]
jackknife_plus_ab,linear,0.913333333,3.769829885,0.769044667,11646.76783,36.59969425,5.0,300,student,"(200, 1000)",[[0.9        0.86666667 0.9        0.95       0.95      ]]
jackknife_plus_ab,linear,0.9,3.803084745,0.707707596,11422.37884,39.27529693,10.0,300,student,"(200, 1000)",[[0.98333333 0.9        0.8        0.95       0.86666667]]
jackknife_plus_ab,linear,0.906666667,3.293263341,0.754782565,12071.45216,39.17101598,1000.0,300,student,"(200, 1000)",[[0.95       0.95       0.85       0.88333333 0.9       ]]
cqr,linear,0.86,4.47957576,0.770380792,10800.44501,0.080999374,4.0,300,student,"(200, 1000)",[[0.83333333 0.76666667 0.85       0.91666667 0.93333333]]
cqr,linear,0.933333333,4.287793429,0.73731142,10648.09759,0.077000141,5.0,300,student,"(200, 1000)",[[0.85       0.93333333 0.95       0.96666667 0.96666667]]
cqr,linear,0.88,4.007916596,0.691964626,10970.8084,0.075001478,10.0,300,student,"(200, 1000)",[[0.83333333 0.76666667 0.9        0.93333333 0.96666667]]
cqr,linear,0.873333333,3.196446822,0.761991044,12434.51935,0.072000742,1000.0,300,student,"(200, 1000)",[[0.8        0.76666667 0.91666667 0.9        0.98333333]]
split,linear,0.903333333,4.129963288,0.756239652,9969.263328,0.99201107,4.0,500,student,"(200, 1000)",999
split,linear,0.846666667,3.435327402,0.789584971,12797.56728,2.709648609,5.0,500,student,"(200, 1000)",999
split,linear,0.96,4.816304758,0.676917313,9260.733104,2.113647938,10.0,500,student,"(200, 1000)",999
split,linear,0.943333333,3.853297998,0.691850225,10978.00285,2.169635773,1000.0,500,student,"(200, 1000)",999
jackknife_plus,linear,0.923333333,4.200892724,0.752052825,10550.7648,5.471078634,4.0,500,student,"(200, 1000)",[[0.91666667 0.95       0.91666667 0.9        0.93333333]]
jackknife_plus,linear,0.876666667,3.920716783,0.759856848,11736.82473,6.897083759,5.0,500,student,"(200, 1000)",[[0.91666667 0.85       0.85       0.9        0.86666667]]
jackknife_plus,linear,0.916666667,3.745375829,0.748758016,11194.25858,7.347090244,10.0,500,student,"(200, 1000)",[[0.91666667 0.91666667 0.95       0.91666667 0.88333333]]
jackknife_plus,linear,0.88,3.307388315,0.735507661,11647.10388,3.533042908,1000.0,500,student,"(200, 1000)",[[0.86666667 0.88333333 0.88333333 0.83333333 0.93333333]]
jackknife_plus_ab,linear,0.903333333,4.028911343,0.76220398,10802.61687,67.40226316,4.0,500,student,"(200, 1000)",[[0.96666667 0.91666667 0.85       0.93333333 0.85      ]]
jackknife_plus_ab,linear,0.873333333,3.879056724,0.762408386,11700.27332,62.84266591,5.0,500,student,"(200, 1000)",[[0.83333333 0.88333333 0.88333333 0.86666667 0.9       ]]
jackknife_plus_ab,linear,0.916666667,3.768950419,0.747176621,11094.8475,60.09179544,10.0,500,student,"(200, 1000)",[[0.98333333 0.86666667 0.96666667 0.91666667 0.85      ]]
jackknife_plus_ab,linear,0.876666667,3.17382364,0.746188724,12395.98569,62.34935713,1000.0,500,student,"(200, 1000)",[[0.85       0.93333333 0.81666667 0.91666667 0.86666667]]
cqr,linear,0.916666667,4.896715359,0.710983916,9417.847968,0.119835377,4.0,500,student,"(200, 1000)",[[0.8        0.93333333 0.95       0.93333333 0.96666667]]
cqr,linear,0.853333333,4.004610393,0.754717159,12064.26775,0.115968704,5.0,500,student,"(200, 1000)",[[0.8        0.8        0.9        0.88333333 0.88333333]]
cqr,linear,0.906666667,4.452061279,0.701353362,9933.34765,0.106102467,10.0,500,student,"(200, 1000)",[[0.78333333 0.93333333 0.91666667 0.93333333 0.96666667]]
cqr,linear,0.896666667,3.513218196,0.719047719,11829.60699,0.121001244,1000.0,500,student,"(200, 1000)",[[0.78333333 0.83333333 0.95       0.95       0.96666667]]
split,linear,0.906666667,4.67203129,0.697256708,9987.85707,4.926084042,4.0,1000,student,"(200, 1000)",999
split,linear,0.903333333,4.603356634,0.772353881,10359.42144,4.721964359,5.0,1000,student,"(200, 1000)",999
split,linear,0.91,3.548424708,0.72797474,11746.06932,3.600084305,10.0,1000,student,"(200, 1000)",999
split,linear,0.9,3.222196357,0.775935229,12295.25117,3.121094465,1000.0,1000,student,"(200, 1000)",999
jackknife_plus,linear,0.896666667,4.395359287,0.715184818,10339.05342,9.757622957,4.0,1000,student,"(200, 1000)",[[0.9        0.85       0.9        0.96666667 0.86666667]]
jackknife_plus,linear,0.89,4.183507388,0.793116279,11321.3477,10.14735866,5.0,1000,student,"(200, 1000)",[[0.86666667 0.86666667 0.88333333 0.86666667 0.96666667]]
jackknife_plus,linear,0.916666667,3.618648511,0.722591196,11808.63202,11.56729317,10.0,1000,student,"(200, 1000)",[[0.93333333 0.9        0.96666667 0.88333333 0.9       ]]
jackknife_plus,linear,0.906666667,3.321877038,0.769003609,12088.77372,11.19935679,1000.0,1000,student,"(200, 1000)",[[0.91666667 0.91666667 0.96666667 0.86666667 0.86666667]]
jackknife_plus_ab,linear,0.886666667,4.290488282,0.721980241,10493.00071,101.7244425,4.0,1000,student,"(200, 1000)",[[0.88333333 0.86666667 0.86666667 0.91666667 0.9       ]]
jackknife_plus_ab,linear,0.886666667,4.146838263,0.794929586,11346.15861,109.6837969,5.0,1000,student,"(200, 1000)",[[0.9        0.85       0.86666667 0.85       0.96666667]]
jackknife_plus_ab,linear,0.903333333,3.562719812,0.72687893,11964.7181,113.686554,10.0,1000,student,"(200, 1000)",[[0.9        0.9        0.86666667 0.91666667 0.93333333]]
jackknife_plus_ab,linear,0.903333333,3.286055334,0.771494601,12132.21866,97.01810336,1000.0,1000,student,"(200, 1000)",[[0.88333333 0.88333333 0.93333333 0.9        0.91666667]]
cqr,linear,0.876666667,4.57060388,0.703828757,10440.592,0.178514242,4.0,1000,student,"(200, 1000)",[[0.73333333 0.88333333 0.88333333 0.95       0.93333333]]
cqr,linear,0.91,4.913220061,0.757030386,10008.27688,0.165001869,5.0,1000,student,"(200, 1000)",[[0.85       0.93333333 0.9        0.88333333 0.98333333]]
cqr,linear,0.87,3.539883428,0.728628938,12201.15138,0.165002584,10.0,1000,student,"(200, 1000)",[[0.8        0.8        0.9        0.91666667 0.93333333]]
cqr,linear,0.886666667,3.483018428,0.757798074,11897.42853,0.165002823,1000.0,1000,student,"(200, 1000)",[[0.71666667 0.88333333 0.9        0.96666667 0.96666667]]
split_resid_norm,nmm,0.946666667,7.146981398,0.412563836,8625.83577,5.816344976,0.0,300,normal,"(200, 1000)",[[1.         0.73333333 1.         1.         1.        ]]
split_resid_norm,nmm,0.906666667,8.693457011,0.299458138,15315.28654,9.27986598,0.2,300,normal,"(200, 1000)",[[0.61666667 0.91666667 1.         1.         1.        ]]
split_resid_norm,nmm,0.98,3.294363301,0.759506791,16874.21931,9.416040659,0.5,300,normal,"(200, 1000)",[[0.98333333 0.96666667 0.96666667 0.98333333 1.        ]]
split_resid_norm,nmm,0.913333333,5.382807827,0.666944465,13138.90134,9.394977093,1.0,300,normal,"(200, 1000)",[[0.73333333 0.86666667 0.96666667 1.         1.        ]]
split_resid_norm,cube,0.946666667,1.852812449,0.718774816,2286.411237,3.86171484,0.0,300,normal,"(200, 1000)",[[0.73333333 1.         1.         1.         1.        ]]
split_resid_norm,cube,0.903333333,1.069977305,0.875857378,2310.937079,2.331390858,0.2,300,normal,"(200, 1000)",[[0.91666667 0.86666667 1.         0.98333333 0.75      ]]
split_resid_norm,cube,0.92,2.15435002,0.864025453,3101.103842,2.277505875,0.5,300,normal,"(200, 1000)",[[0.88333333 0.88333333 0.93333333 0.96666667 0.93333333]]
split_resid_norm,cube,0.92,15.39847912,-0.51522174,1037.705599,2.791857481,1.0,300,normal,"(200, 1000)",[[0.66666667 0.93333333 1.         1.         1.        ]]
split_resid_norm,nmm,0.973333333,1.553648256,0.872295554,20909.21709,32.4236033,0.0,300,normal,"(200, 1000, 1000, 1000)",[[1.         1.         1.         0.91666667 0.95      ]]
split_resid_norm,nmm,0.88,1.014235623,0.919186756,20943.75524,26.50217485,0.2,300,normal,"(200, 1000, 1000, 1000)",[[1.         0.95       1.         0.73333333 0.71666667]]
split_resid_norm,nmm,0.963333333,4.097589886,0.723278427,16810.55724,15.51220036,0.5,300,normal,"(200, 1000, 1000, 1000)",[[0.93333333 0.88333333 1.         1.         1.        ]]
split_resid_norm,nmm,0.933333333,5.902335329,0.662251318,12597.44401,20.60737562,1.0,300,normal,"(200, 1000, 1000, 1000)",[[0.85       0.83333333 0.98333333 1.         1.        ]]
split_resid_norm,cube,0.983333333,0.308701682,0.966601738,5098.642085,22.17650867,0.0,300,normal,"(200, 1000, 1000, 1000)",[[0.91666667 1.         1.         1.         1.        ]]
split_resid_norm,cube,0.963333333,0.946609061,0.900529962,2622.290274,13.85480261,0.2,300,normal,"(200, 1000, 1000, 1000)",[[0.86666667 0.98333333 0.98333333 0.98333333 1.        ]]
split_resid_norm,cube,0.97,11.93983757,-0.435491988,494.1285822,12.88258219,0.5,300,normal,"(200, 1000, 1000, 1000)",[[0.86666667 0.98333333 1.         1.         1.        ]]
split_resid_norm,cube,0.696666667,4.770568123,0.692224663,2306.198218,8.974502087,1.0,300,normal,"(200, 1000, 1000, 1000)",[[0.15       0.48333333 0.86666667 0.98333333 1.        ]]
split_resid_norm,nmm,0.94,3.857695747,0.682921473,18268.47898,22.97242808,0.0,300,normal,"(400, 2000)",[[0.91666667 0.78333333 1.         1.         1.        ]]
split_resid_norm,nmm,0.846666667,1.187563256,0.90716428,20656.6608,25.87318158,0.2,300,normal,"(400, 2000)",[[0.8        0.76666667 1.         0.81666667 0.85      ]]
split_resid_norm,nmm,0.813333333,1.714594001,0.871323739,19364.79337,24.79463673,0.5,300,normal,"(400, 2000)",[[0.8        0.6        0.88333333 0.88333333 0.9       ]]
split_resid_norm,nmm,0.816666667,3.367227481,0.794511983,16441.53742,23.81495285,1.0,300,normal,"(400, 2000)",[[0.51666667 0.71666667 0.93333333 0.91666667 1.        ]]
split_resid_norm,cube,0.893333333,0.082331998,0.985811121,4084.214603,9.64797163,0.0,300,normal,"(400, 2000)",[[0.51666667 1.         1.         1.         0.95      ]]
split_resid_norm,cube,0.916666667,0.853039309,0.894650891,3138.228063,5.604534149,0.2,300,normal,"(400, 2000)",[[0.86666667 0.93333333 0.9        0.93333333 0.95      ]]
split_resid_norm,cube,0.883333333,1.923243862,0.797151244,2844.963625,5.331284046,0.5,300,normal,"(400, 2000)",[[0.68333333 0.9        0.96666667 0.91666667 0.95      ]]
split_resid_norm,cube,0.84,4.740561699,0.458288002,2266.735924,7.681510687,1.0,300,normal,"(400, 2000)",[[0.45 0.8  0.95 1.   1.  ]]
split_resid_norm,nmm,0.896666667,1.362772967,0.887988939,19833.02924,94.30404902,0.0,300,normal,"(400, 2000, 2000, 2000)",[[0.8        0.98333333 1.         0.85       0.85      ]]
split_resid_norm,nmm,0.873333333,9.811277716,0.223200052,16200.88856,84.25647235,0.2,300,normal,"(400, 2000, 2000, 2000)",[[0.46666667 0.9        1.         1.         1.        ]]
split_resid_norm,nmm,0.923333333,5.514485163,0.60355548,15427.18887,57.30051756,0.5,300,normal,"(400, 2000, 2000, 2000)",[[0.75       0.86666667 1.         1.         1.        ]]
split_resid_norm,nmm,0.916666667,5.115273953,0.665358534,14293.37202,63.25839996,1.0,300,normal,"(400, 2000, 2000, 2000)",[[0.78333333 0.85       0.95       1.         1.        ]]
split_resid_norm,cube,0.903333333,0.126047866,0.985061579,4545.492455,76.15235639,0.0,300,normal,"(400, 2000, 2000, 2000)",[[0.53333333 1.         1.         1.         0.98333333]]
split_resid_norm,cube,0.92,0.915517724,0.912403456,3677.363505,51.35568976,0.2,300,normal,"(400, 2000, 2000, 2000)",[[0.76666667 0.9        0.93333333 1.         1.        ]]
split_resid_norm,cube,0.94,3.037306139,0.657379151,1281.068322,23.11406136,0.5,300,normal,"(400, 2000, 2000, 2000)",[[0.73333333 0.96666667 1.         1.         1.        ]]
split_resid_norm,cube,0.923333333,3.690341012,0.668287451,797.8285651,41.04720879,1.0,300,normal,"(400, 2000, 2000, 2000)",[[0.95       0.96666667 0.9        0.9        0.9       ]]
split_resid_norm,nmm,0.873333333,2.231106397,0.816617022,18870.19646,13.47005057,0.0,500,normal,"(200, 1000)",[[0.96666667 0.73333333 0.78333333 0.88333333 1.        ]]
split_resid_norm,nmm,0.946666667,2.034187446,0.839029252,19022.39779,14.78665686,0.2,500,normal,"(200, 1000)",[[1.         1.         0.95       0.85       0.93333333]]
split_resid_norm,nmm,0.956666667,3.043377985,0.780196308,17051.50987,13.68638039,0.5,500,normal,"(200, 1000)",[[0.9        1.         0.98333333 0.93333333 0.96666667]]
split_resid_norm,nmm,0.913333333,6.530393537,0.611425204,11864.53096,14.85461426,1.0,500,normal,"(200, 1000)",[[0.73333333 0.86666667 0.96666667 1.         1.        ]]
split_resid_norm,cube,0.92,0.154526061,0.982972329,4490.954866,4.983086109,0.0,500,normal,"(200, 1000)",[[0.85       0.78333333 1.         1.         0.96666667]]
split_resid_norm,cube,0.94,0.841511316,0.911568303,3930.408275,3.037950277,0.2,500,normal,"(200, 1000)",[[0.83333333 0.95       0.96666667 0.96666667 0.98333333]]
split_resid_norm,cube,0.96,2.389822456,0.725608502,1416.023039,2.889513493,0.5,500,normal,"(200, 1000)",[[0.9        0.98333333 0.95       1.         0.96666667]]
split_resid_norm,cube,0.966666667,4.863977299,0.648801017,638.2026047,1.836522579,1.0,500,normal,"(200, 1000)",[[0.91666667 0.96666667 0.98333333 0.96666667 1.        ]]
split_resid_norm,nmm,0.893333333,1.167033123,0.904077447,20651.14031,41.41937375,0.0,500,normal,"(200, 1000, 1000, 1000)",[[1.         0.81666667 1.         0.81666667 0.83333333]]
split_resid_norm,nmm,0.896666667,1.567904206,0.876816592,20107.0278,29.11294937,0.2,500,normal,"(200, 1000, 1000, 1000)",[[0.91666667 0.83333333 1.         0.86666667 0.86666667]]
split_resid_norm,nmm,0.9,2.293398362,0.830619648,18111.95677,22.36481285,0.5,500,normal,"(200, 1000, 1000, 1000)",[[0.88333333 0.8        0.95       0.96666667 0.9       ]]
split_resid_norm,nmm,0.973333333,6.374330507,0.608586237,12197.47966,21.27731967,1.0,500,normal,"(200, 1000, 1000, 1000)",[[0.93333333 0.96666667 0.98333333 0.98333333 1.        ]]
split_resid_norm,cube,0.946666667,0.07766278,0.990710365,4670.111622,31.58663249,0.0,500,normal,"(200, 1000, 1000, 1000)",[[0.73333333 1.         1.         1.         1.        ]]
split_resid_norm,cube,0.956666667,2.016058597,0.827551016,2216.493791,17.01244569,0.2,500,normal,"(200, 1000, 1000, 1000)",[[0.78333333 1.         1.         1.         1.        ]]
split_resid_norm,cube,0.856666667,1.869488852,0.845179358,3388.879607,21.5298059,0.5,500,normal,"(200, 1000, 1000, 1000)",[[0.65       0.78333333 0.91666667 0.95       0.98333333]]
split_resid_norm,cube,0.853333333,2.894122981,0.726918923,2038.585412,16.48011565,1.0,500,normal,"(200, 1000, 1000, 1000)",[[0.88333333 0.78333333 0.85       0.88333333 0.86666667]]
split_resid_norm,nmm,0.883333333,0.895301107,0.92641183,21412.31783,29.19255924,0.0,500,normal,"(400, 2000)",[[1.         0.85       1.         0.78333333 0.78333333]]
split_resid_norm,nmm,0.973333333,2.422147287,0.810368833,18494.71257,30.83621168,0.2,500,normal,"(400, 2000)",[[1.         1.         1.         0.93333333 0.93333333]]
split_resid_norm,nmm,0.943333333,3.217164137,0.770166273,16338.45177,28.10544991,0.5,500,normal,"(400, 2000)",[[0.96666667 0.86666667 0.88333333 1.         1.        ]]
split_resid_norm,nmm,0.836666667,3.440314053,0.770299919,16781.16784,31.48169208,1.0,500,normal,"(400, 2000)",[[0.9        0.86666667 0.86666667 0.76666667 0.78333333]]
split_resid_norm,cube,0.936666667,0.254078555,0.967110147,3576.155611,13.82775354,0.0,500,normal,"(400, 2000)",[[0.73333333 1.         1.         1.         0.95      ]]
split_resid_norm,cube,0.853333333,0.706491391,0.925057916,3908.368238,15.67672658,0.2,500,normal,"(400, 2000)",[[0.75       0.75       0.93333333 0.86666667 0.96666667]]
split_resid_norm,cube,0.883333333,1.665993883,0.833034321,2676.710425,11.30495,0.5,500,normal,"(400, 2000)",[[0.81666667 0.88333333 0.95       0.86666667 0.9       ]]
split_resid_norm,cube,0.906666667,3.592606018,0.583116288,1393.223963,6.438699961,1.0,500,normal,"(400, 2000)",[[0.88333333 0.9        0.91666667 0.91666667 0.91666667]]
split_resid_norm,nmm,0.846666667,0.45835585,0.962323401,22515.45809,188.7937076,0.0,500,normal,"(400, 2000, 2000, 2000)",[[1.         0.95       0.95       0.53333333 0.8       ]]
split_resid_norm,nmm,0.81,0.93352474,0.927724233,21376.74681,102.7808788,0.2,500,normal,"(400, 2000, 2000, 2000)",[[0.96666667 0.75       0.9        0.66666667 0.76666667]]
split_resid_norm,nmm,0.896666667,2.282844625,0.82751905,17756.08831,122.4095533,0.5,500,normal,"(400, 2000, 2000, 2000)",[[0.75       0.8        1.         0.93333333 1.        ]]
split_resid_norm,nmm,0.983333333,6.239937375,0.608224601,12581.08896,75.00858879,1.0,500,normal,"(400, 2000, 2000, 2000)",[[0.95       0.98333333 0.98333333 1.         1.        ]]
split_resid_norm,cube,0.813333333,0.042738609,0.993783583,5227.211049,99.60918641,0.0,500,normal,"(400, 2000, 2000, 2000)",[[0.58333333 1.         1.         0.95       0.53333333]]
split_resid_norm,cube,0.923333333,0.92538473,0.912409296,2712.926206,71.00873971,0.2,500,normal,"(400, 2000, 2000, 2000)",[[0.86666667 0.95       0.91666667 0.95       0.93333333]]
split_resid_norm,cube,0.896666667,1.970206631,0.812698786,2913.11811,46.21131396,0.5,500,normal,"(400, 2000, 2000, 2000)",[[0.66666667 0.9        0.98333333 0.95       0.98333333]]
split_resid_norm,cube,0.9,3.604105815,0.700597482,1471.594119,62.67833114,1.0,500,normal,"(400, 2000, 2000, 2000)",[[0.75       0.86666667 0.93333333 0.95       1.        ]]
split_resid_norm,nmm,0.9,0.892023199,0.92668151,21406.90099,16.8173871,0.0,1000,normal,"(200, 1000)",[[0.95       1.         0.86666667 0.83333333 0.85      ]]
split_resid_norm,nmm,0.84,1.172792368,0.907101346,20558.45774,15.29908466,0.2,1000,normal,"(200, 1000)",[[0.95       0.86666667 0.93333333 0.63333333 0.81666667]]
split_resid_norm,nmm,0.906666667,2.304011023,0.834706202,18735.78633,15.38254452,0.5,1000,normal,"(200, 1000)",[[0.93333333 0.88333333 0.93333333 0.86666667 0.91666667]]
split_resid_norm,nmm,0.883333333,3.453704692,0.7751485,16262.43707,12.40926385,1.0,1000,normal,"(200, 1000)",[[0.96666667 0.78333333 0.83333333 0.95       0.88333333]]
split_resid_norm,cube,0.97,0.061948616,0.99232117,5124.076375,13.86670351,0.0,1000,normal,"(200, 1000)",[[0.96666667 1.         1.         1.         0.88333333]]
split_resid_norm,cube,0.926666667,0.757413014,0.920742358,3725.092869,14.85043406,0.2,1000,normal,"(200, 1000)",[[0.88333333 0.91666667 0.91666667 0.95       0.96666667]]
split_resid_norm,cube,0.923333333,1.705770828,0.874404582,2676.844073,7.332310438,0.5,1000,normal,"(200, 1000)",[[0.83333333 0.9        0.96666667 0.95       0.96666667]]
split_resid_norm,cube,0.94,3.670569543,0.607087749,1559.224913,4.964999437,1.0,1000,normal,"(200, 1000)",[[0.93333333 0.9        0.96666667 0.95       0.95      ]]
split_resid_norm,nmm,0.893333333,0.661313077,0.945644335,22021.86214,94.61106253,0.0,1000,normal,"(200, 1000, 1000, 1000)",[[0.83333333 0.91666667 1.         0.85       0.86666667]]
split_resid_norm,nmm,0.843333333,0.941861518,0.924617177,21112.34684,73.69622731,0.2,1000,normal,"(200, 1000, 1000, 1000)",[[0.91666667 0.96666667 0.98333333 0.73333333 0.61666667]]
split_resid_norm,nmm,0.87,2.124715009,0.84671117,18539.60426,30.10181093,0.5,1000,normal,"(200, 1000, 1000, 1000)",[[0.76666667 0.85       0.9        0.9        0.93333333]]
split_resid_norm,nmm,0.816666667,2.913435509,0.814684708,17569.41297,35.9215641,1.0,1000,normal,"(200, 1000, 1000, 1000)",[[0.7        0.76666667 0.86666667 0.86666667 0.88333333]]
split_resid_norm,cube,0.906666667,0.088055461,0.988121092,4718.678563,29.42920876,0.0,1000,normal,"(200, 1000, 1000, 1000)",[[0.8        1.         0.8        1.         0.93333333]]
split_resid_norm,cube,0.923333333,0.749085854,0.890849415,2794.136216,25.54698873,0.2,1000,normal,"(200, 1000, 1000, 1000)",[[0.83333333 0.93333333 0.98333333 0.95       0.91666667]]
split_resid_norm,cube,0.906666667,1.890079448,0.868134458,3057.422484,24.27246666,0.5,1000,normal,"(200, 1000, 1000, 1000)",[[0.78333333 0.9        0.9        0.96666667 0.98333333]]
split_resid_norm,cube,0.863333333,3.10882118,0.691692015,2066.490066,22.71613979,1.0,1000,normal,"(200, 1000, 1000, 1000)",[[0.71666667 0.86666667 0.81666667 0.93333333 0.98333333]]
split_resid_norm,nmm,0.926666667,1.200255972,0.901346145,21038.03081,34.55665755,0.0,1000,normal,"(400, 2000)",[[1.         0.88333333 1.         0.86666667 0.88333333]]
split_resid_norm,nmm,0.886666667,1.650311735,0.870430094,20251.08803,34.71895909,0.2,1000,normal,"(400, 2000)",[[0.7        0.98333333 0.95       0.86666667 0.93333333]]
split_resid_norm,nmm,0.96,2.811162318,0.802084668,17332.45086,30.84012794,0.5,1000,normal,"(400, 2000)",[[0.95       0.88333333 0.98333333 1.         0.98333333]]
split_resid_norm,nmm,0.936666667,4.364188323,0.718321608,14775.68724,33.07865763,1.0,1000,normal,"(400, 2000)",[[0.93333333 0.81666667 0.93333333 1.         1.        ]]
split_resid_norm,cube,0.86,0.033838901,0.995381686,4719.229438,20.25592828,0.0,1000,normal,"(400, 2000)",[[0.68333333 0.71666667 1.         1.         0.9       ]]
split_resid_norm,cube,0.766666667,0.521414687,0.943480849,4699.494364,30.05578375,0.2,1000,normal,"(400, 2000)",[[0.6        0.8        0.76666667 0.8        0.86666667]]
split_resid_norm,cube,0.88,1.6592328,0.815990163,2257.781809,8.837590933,0.5,1000,normal,"(400, 2000)",[[0.83333333 0.81666667 0.88333333 0.91666667 0.95      ]]
split_resid_norm,cube,0.94,4.336063502,0.489986899,1009.925255,11.79943538,1.0,1000,normal,"(400, 2000)",[[0.8        0.91666667 1.         0.98333333 1.        ]]
split_resid_norm,nmm,0.926666667,0.718031878,0.940981793,21953.11155,185.3035777,0.0,1000,normal,"(400, 2000, 2000, 2000)",[[0.96666667 1.         1.         0.81666667 0.85      ]]
split_resid_norm,nmm,0.91,1.58278032,0.874705243,20420.2822,208.3168631,0.2,1000,normal,"(400, 2000, 2000, 2000)",[[0.81666667 0.9        0.98333333 0.91666667 0.93333333]]
split_resid_norm,nmm,0.91,2.221197818,0.833628243,18390.40835,127.1636684,0.5,1000,normal,"(400, 2000, 2000, 2000)",[[0.95       0.95       0.98333333 0.86666667 0.8       ]]
split_resid_norm,nmm,0.87,4.557445943,0.716883059,14525.35243,124.8995624,1.0,1000,normal,"(400, 2000, 2000, 2000)",[[0.61666667 0.83333333 0.9        1.         1.        ]]
split_resid_norm,cube,0.933333333,0.028086328,0.996286364,4425.033951,123.2331188,0.0,1000,normal,"(400, 2000, 2000, 2000)",[[0.9        0.78333333 1.         1.         0.98333333]]
split_resid_norm,cube,0.93,0.892050041,0.836125644,2684.320122,111.1185851,0.2,1000,normal,"(400, 2000, 2000, 2000)",[[0.78333333 0.91666667 0.95       1.         1.        ]]
split_resid_norm,cube,0.876666667,1.691794916,0.800169521,2605.946335,73.15035486,0.5,1000,normal,"(400, 2000, 2000, 2000)",[[0.71666667 0.85       0.91666667 0.95       0.95      ]]
split_resid_norm,cube,0.883333333,3.533347023,0.60108469,1306.850713,61.84491038,1.0,1000,normal,"(400, 2000, 2000, 2000)",[[0.8        0.88333333 0.93333333 0.9        0.9       ]]
split_resid_norm,linear,0.936666667,0.049856961,0.995012966,19899.71192,2.050980568,0.0,300,normal,"(200, 1000)",[[0.7        1.         1.         1.         0.98333333]]
split_resid_norm,linear,0.906666667,0.784239422,0.923700994,17792.05888,1.678984404,0.2,300,normal,"(200, 1000)",[[0.8        0.81666667 0.95       0.98333333 0.98333333]]
split_resid_norm,linear,0.98,5.95877196,0.466856364,8050.940594,1.901945829,0.5,300,normal,"(200, 1000)",[[0.93333333 0.96666667 1.         1.         1.        ]]
split_resid_norm,linear,0.983333333,6.760859513,0.466011211,6356.046375,1.836453915,1.0,300,normal,"(200, 1000)",[[0.93333333 0.98333333 1.         1.         1.        ]]
split_resid_norm,sinex_het,0.963333333,8.385793576,0.388906216,2492.481333,3.176401854,0.0,300,normal,"(200, 1000)",[[0.81666667 1.         1.         1.         1.        ]]
split_resid_norm,sinex_het,0.876666667,4.836955749,0.683453502,5141.850919,2.88873601,0.2,300,normal,"(200, 1000)",[[0.76666667 0.86666667 1.         0.95       0.8       ]]
split_resid_norm,sinex_het,0.88,5.323366112,0.61325404,5040.627119,3.50006938,0.5,300,normal,"(200, 1000)",[[0.63333333 0.93333333 0.98333333 1.         0.85      ]]
split_resid_norm,sinex_het,0.973333333,16.52792895,-0.183060303,1248.75638,2.956137419,1.0,300,normal,"(200, 1000)",[[0.86666667 1.         1.         1.         1.        ]]
split_resid_norm,linear,0.98,0.051149579,0.994878675,19899.19139,16.17523694,0.0,300,normal,"(200, 1000, 1000, 1000)",[[1.  1.  1.  1.  0.9]]
split_resid_norm,linear,0.956666667,0.957344322,0.908939075,17492.70396,11.85245109,0.2,300,normal,"(200, 1000, 1000, 1000)",[[0.88333333 0.98333333 0.96666667 1.         0.95      ]]
split_resid_norm,linear,0.97,2.198275854,0.816556829,14379.83982,14.19765449,0.5,300,normal,"(200, 1000, 1000, 1000)",[[0.95       0.98333333 0.98333333 1.         0.93333333]]
split_resid_norm,linear,0.95,5.133999147,0.594616535,8485.234339,14.55130863,1.0,300,normal,"(200, 1000, 1000, 1000)",[[0.9        0.88333333 0.96666667 1.         1.        ]]
split_resid_norm,sinex_het,0.966666667,7.247187168,0.455857343,3819.986114,15.90601897,0.0,300,normal,"(200, 1000, 1000, 1000)",[[0.86666667 1.         1.         1.         0.96666667]]
split_resid_norm,sinex_het,0.976666667,7.532658255,0.576946921,3005.6327,10.02878189,0.2,300,normal,"(200, 1000, 1000, 1000)",[[0.95       1.         1.         1.         0.93333333]]
split_resid_norm,sinex_het,0.83,6.392698081,0.560568785,5436.574272,9.352956533,0.5,300,normal,"(200, 1000, 1000, 1000)",[[0.38333333 0.78333333 1.         1.         0.98333333]]
split_resid_norm,sinex_het,0.94,12.55292145,0.179529201,2539.132439,19.72811031,1.0,300,normal,"(200, 1000, 1000, 1000)",[[0.76666667 0.93333333 1.         1.         1.        ]]
split_resid_norm,linear,0.87,0.022044239,0.997794678,19999.81935,6.228208542,0.0,300,normal,"(400, 2000)",[[0.83333333 1.         1.         0.53333333 0.98333333]]
split_resid_norm,linear,0.936666667,0.974217556,0.908253943,17264.00015,5.37181139,0.2,300,normal,"(400, 2000)",[[0.85       0.86666667 1.         0.96666667 1.        ]]
split_resid_norm,linear,0.983333333,2.875795189,0.738287739,12665.59767,5.199884892,0.5,300,normal,"(400, 2000)",[[0.95       0.96666667 1.         1.         1.        ]]
split_resid_norm,linear,0.95,4.558647716,0.650012399,9164.313565,4.248735428,1.0,300,normal,"(400, 2000)",[[0.9        0.91666667 0.95       1.         0.98333333]]
split_resid_norm,sinex_het,0.89,4.517368675,0.686453245,7300.393747,8.231477737,0.0,300,normal,"(400, 2000)",[[0.56666667 0.93333333 1.         1.         0.95      ]]
split_resid_norm,sinex_het,0.916666667,7.117205053,0.511366565,4453.35819,8.310403824,0.2,300,normal,"(400, 2000)",[[0.65       0.93333333 1.         1.         1.        ]]
split_resid_norm,sinex_het,0.966666667,7.223298548,0.495292491,4067.578192,9.005038977,0.5,300,normal,"(400, 2000)",[[0.96666667 1.         1.         1.         0.86666667]]
split_resid_norm,sinex_het,0.94,16.61619114,0.065527225,2266.958095,8.955688715,1.0,300,normal,"(400, 2000)",[[0.7 1.  1.  1.  1. ]]
split_resid_norm,linear,0.98,0.815611674,0.918432955,17811.47478,67.83948088,0.0,300,normal,"(400, 2000, 2000, 2000)",[[0.9 1.  1.  1.  1. ]]
split_resid_norm,linear,0.93,2.233688033,0.789731853,14492.63835,71.88535619,0.2,300,normal,"(400, 2000, 2000, 2000)",[[0.71666667 0.93333333 1.         1.         1.        ]]
split_resid_norm,linear,0.95,2.191133722,0.809764617,14238.58251,63.21093273,0.5,300,normal,"(400, 2000, 2000, 2000)",[[0.93333333 0.95       0.96666667 0.96666667 0.93333333]]
split_resid_norm,linear,0.813333333,2.936337387,0.778220554,13072.76553,58.76845956,1.0,300,normal,"(400, 2000, 2000, 2000)",[[0.73333333 0.8        0.78333333 0.88333333 0.86666667]]
split_resid_norm,sinex_het,0.82,5.223049823,0.606616404,6311.952435,48.45508575,0.0,300,normal,"(400, 2000, 2000, 2000)",[[0.38333333 0.75       1.         1.         0.96666667]]
split_resid_norm,sinex_het,0.903333333,6.309826268,0.593679629,4915.98433,41.34254909,0.2,300,normal,"(400, 2000, 2000, 2000)",[[0.66666667 0.86666667 1.         1.         0.98333333]]
split_resid_norm,sinex_het,0.96,10.7286273,0.278605906,2435.051901,31.34909821,0.5,300,normal,"(400, 2000, 2000, 2000)",[[0.8 1.  1.  1.  1. ]]
split_resid_norm,sinex_het,0.97,9.355297284,0.273936531,1845.25838,41.0024519,1.0,300,normal,"(400, 2000, 2000, 2000)",[[0.86666667 1.         1.         1.         0.98333333]]
split_resid_norm,linear,0.94,0.061141615,0.993884248,19856.56512,2.57804966,0.0,500,normal,"(200, 1000)",[[0.7 1.  1.  1.  1. ]]
split_resid_norm,linear,0.923333333,1.320836176,0.872223709,16317.60121,2.176031351,0.2,500,normal,"(200, 1000)",[[0.73333333 0.88333333 1.         1.         1.        ]]
split_resid_norm,linear,0.91,2.025359901,0.825701688,14434.9456,4.173215866,0.5,500,normal,"(200, 1000)",[[0.76666667 0.85       0.95       0.98333333 1.        ]]
split_resid_norm,linear,0.933333333,4.210438556,0.66550221,10430.04827,2.33333087,1.0,500,normal,"(200, 1000)",[[0.91666667 0.91666667 0.88333333 0.96666667 0.98333333]]
split_resid_norm,sinex_het,0.913333333,14.15282019,0.054636949,2732.07973,3.873150587,0.0,500,normal,"(200, 1000)",[[0.58333333 0.98333333 1.         1.         1.        ]]
split_resid_norm,sinex_het,0.98,8.675506812,0.374714907,2383.398789,4.195029259,0.2,500,normal,"(200, 1000)",[[0.91666667 0.98333333 1.         1.         1.        ]]
split_resid_norm,sinex_het,0.93,7.100216094,0.582209406,4297.617352,4.307515383,0.5,500,normal,"(200, 1000)",[[0.71666667 0.96666667 1.         1.         0.96666667]]
split_resid_norm,sinex_het,0.953333333,9.321347708,0.439698284,2016.856236,3.484038591,1.0,500,normal,"(200, 1000)",[[0.78333333 1.         1.         1.         0.98333333]]
split_resid_norm,linear,0.866666667,0.017916052,0.998207286,20000.59209,20.58337212,0.0,500,normal,"(200, 1000, 1000, 1000)",[[0.68333333 1.         1.         0.76666667 0.88333333]]
split_resid_norm,linear,0.953333333,0.88810638,0.916564691,17578.49622,19.04800987,0.2,500,normal,"(200, 1000, 1000, 1000)",[[0.9        0.95       0.96666667 0.96666667 0.98333333]]
split_resid_norm,linear,0.92,2.643674437,0.765882425,13246.75461,15.74489999,0.5,500,normal,"(200, 1000, 1000, 1000)",[[0.81666667 0.8        0.98333333 1.         1.        ]]
split_resid_norm,linear,0.87,3.19324094,0.764184627,12673.1103,17.64308691,1.0,500,normal,"(200, 1000, 1000, 1000)",[[0.8        0.81666667 0.83333333 0.95       0.95      ]]
split_resid_norm,sinex_het,0.913333333,8.563921488,0.382610537,3746.866573,16.28526783,0.0,500,normal,"(200, 1000, 1000, 1000)",[[0.58333333 0.98333333 1.         1.         1.        ]]
split_resid_norm,sinex_het,0.953333333,7.685850717,0.433404016,2478.686082,21.65470123,0.2,500,normal,"(200, 1000, 1000, 1000)",[[0.76666667 1.         1.         1.         1.        ]]
split_resid_norm,sinex_het,0.973333333,13.2551281,-0.038995922,1172.036475,19.38514757,0.5,500,normal,"(200, 1000, 1000, 1000)",[[0.86666667 1.         1.         1.         1.        ]]
split_resid_norm,sinex_het,0.963333333,9.490377714,0.305424981,2977.852231,18.34352255,1.0,500,normal,"(200, 1000, 1000, 1000)",[[0.86666667 1.         1.         1.         0.95      ]]
split_resid_norm,linear,0.916666667,0.035000118,0.996499711,19947.16309,7.41098237,0.0,500,normal,"(400, 2000)",[[0.61666667 1.         1.         1.         0.96666667]]
split_resid_norm,linear,0.94,2.615768929,0.747336402,13589.85284,8.326094151,0.2,500,normal,"(400, 2000)",[[0.7 1.  1.  1.  1. ]]
split_resid_norm,linear,0.976666667,2.368873109,0.782711514,13776.91327,6.609738111,0.5,500,normal,"(400, 2000)",[[0.95       0.96666667 0.98333333 1.         0.98333333]]
split_resid_norm,linear,0.93,3.843619046,0.747668668,11469.41845,8.759614944,1.0,500,normal,"(400, 2000)",[[0.85       0.91666667 0.93333333 0.98333333 0.96666667]]
split_resid_norm,sinex_het,0.956666667,7.182767905,0.504936289,3353.643323,13.42271733,0.0,500,normal,"(400, 2000)",[[0.8        0.98333333 1.         1.         1.        ]]
split_resid_norm,sinex_het,0.883333333,4.891488323,0.674078872,4589.912623,13.31590104,0.2,500,normal,"(400, 2000)",[[0.68333333 0.95       1.         0.95       0.83333333]]
split_resid_norm,sinex_het,0.996666667,33.64170209,-1.354294787,656.1028153,14.91602898,0.5,500,normal,"(400, 2000)",[[0.98333333 1.         1.         1.         1.        ]]
split_resid_norm,sinex_het,0.896666667,14.80650942,0.116137959,3864.695023,15.10250497,1.0,500,normal,"(400, 2000)",[[0.55       0.93333333 1.         1.         1.        ]]
split_resid_norm,linear,0.916666667,0.40315893,0.95968384,19099.63333,56.69418669,0.0,500,normal,"(400, 2000, 2000, 2000)",[[1.         1.         0.8        1.         0.78333333]]
split_resid_norm,linear,0.936666667,0.837500157,0.919316081,17578.27159,74.64236283,0.2,500,normal,"(400, 2000, 2000, 2000)",[[0.83333333 0.95       0.95       0.96666667 0.98333333]]
split_resid_norm,linear,0.966666667,2.129255649,0.807179323,14367.05136,65.11003566,0.5,500,normal,"(400, 2000, 2000, 2000)",[[0.95       0.95       0.96666667 0.98333333 0.98333333]]
split_resid_norm,linear,0.88,3.219714937,0.768744032,11758.85435,59.1304698,1.0,500,normal,"(400, 2000, 2000, 2000)",[[0.86666667 0.9        0.88333333 0.9        0.85      ]]
split_resid_norm,sinex_het,0.893333333,5.456453477,0.643538401,5644.255212,70.77717829,0.0,500,normal,"(400, 2000, 2000, 2000)",[[0.58333333 0.95       1.         1.         0.93333333]]
split_resid_norm,sinex_het,0.846666667,4.391664475,0.718108592,6800.373184,66.50525308,0.2,500,normal,"(400, 2000, 2000, 2000)",[[0.63333333 0.96666667 1.         0.9        0.73333333]]
split_resid_norm,sinex_het,0.926666667,5.598150755,0.602314804,4079.788051,72.89144444,0.5,500,normal,"(400, 2000, 2000, 2000)",[[0.83333333 0.95       1.         0.98333333 0.86666667]]
split_resid_norm,sinex_het,0.943333333,7.915511585,0.48854954,2896.872959,94.65442252,1.0,500,normal,"(400, 2000, 2000, 2000)",[[0.8        0.98333333 1.         1.         0.93333333]]
split_resid_norm,linear,0.886666667,0.009812745,0.999018548,20036.36923,3.654311419,0.0,1000,normal,"(200, 1000)",[[0.76666667 1.         1.         0.68333333 0.98333333]]
split_resid_norm,linear,0.876666667,0.613333693,0.940317437,18330.92628,3.910059929,0.2,1000,normal,"(200, 1000)",[[0.9        0.86666667 0.86666667 0.86666667 0.88333333]]
split_resid_norm,linear,0.936666667,1.767230357,0.844932107,15272.75375,4.140842199,0.5,1000,normal,"(200, 1000)",[[0.96666667 0.9        0.93333333 0.93333333 0.95      ]]
split_resid_norm,linear,0.956666667,5.833620947,0.593633731,8116.122814,3.683327913,1.0,1000,normal,"(200, 1000)",[[0.8        0.98333333 1.         1.         1.        ]]
split_resid_norm,sinex_het,0.92,6.253390067,0.579526092,5194.600195,7.374643087,0.0,1000,normal,"(200, 1000)",[[0.7        0.96666667 1.         1.         0.93333333]]
split_resid_norm,sinex_het,0.916666667,6.949726745,0.536953755,4392.704793,6.939607143,0.2,1000,normal,"(200, 1000)",[[0.6        0.98333333 1.         1.         1.        ]]
split_resid_norm,sinex_het,0.863333333,4.649964238,0.664648583,6035.816702,7.611485481,0.5,1000,normal,"(200, 1000)",[[0.61666667 0.93333333 1.         0.96666667 0.8       ]]
split_resid_norm,sinex_het,0.9,8.974091185,0.454960167,4500.127644,6.595691919,1.0,1000,normal,"(200, 1000)",[[0.65 0.85 1.   1.   1.  ]]
split_resid_norm,linear,0.903333333,0.011100575,0.998889931,20037.8004,24.00599575,0.0,1000,normal,"(200, 1000, 1000, 1000)",[[0.51666667 1.         1.         1.         1.        ]]
split_resid_norm,linear,0.826666667,0.731269323,0.929911196,17958.4776,25.8023262,0.2,1000,normal,"(200, 1000, 1000, 1000)",[[0.55       0.81666667 0.81666667 0.96666667 0.98333333]]
split_resid_norm,linear,0.953333333,2.255319604,0.80222511,14091.4761,31.70892835,0.5,1000,normal,"(200, 1000, 1000, 1000)",[[0.83333333 0.93333333 1.         1.         1.        ]]
split_resid_norm,linear,0.826666667,2.799291282,0.787461091,13036.48672,39.13230705,1.0,1000,normal,"(200, 1000, 1000, 1000)",[[0.75       0.78333333 0.81666667 0.88333333 0.9       ]]
split_resid_norm,sinex_het,0.923333333,6.793926581,0.529897191,3329.23104,27.08488512,0.0,1000,normal,"(200, 1000, 1000, 1000)",[[0.7        1.         1.         0.98333333 0.93333333]]
split_resid_norm,sinex_het,0.753333333,3.322158864,0.754737207,7063.672508,31.80105305,0.2,1000,normal,"(200, 1000, 1000, 1000)",[[0.43333333 0.8        1.         0.9        0.63333333]]
split_resid_norm,sinex_het,0.9,5.209101762,0.622611319,6159.196765,33.3991003,0.5,1000,normal,"(200, 1000, 1000, 1000)",[[0.81666667 0.98333333 1.         0.98333333 0.71666667]]
split_resid_norm,sinex_het,0.936666667,6.980068299,0.531049025,3590.18988,30.94793916,1.0,1000,normal,"(200, 1000, 1000, 1000)",[[0.76666667 0.95       1.         0.98333333 0.98333333]]
split_resid_norm,linear,0.936666667,0.009046058,0.999094051,20038.83162,10.76355267,0.0,1000,normal,"(400, 2000)",[[0.7        1.         1.         1.         0.98333333]]
split_resid_norm,linear,0.926666667,0.926217826,0.908974439,17319.21614,11.00991893,0.2,1000,normal,"(400, 2000)",[[0.83333333 0.85       0.96666667 0.98333333 1.        ]]
split_resid_norm,linear,0.83,1.525737341,0.864693862,16067.30095,10.42346048,0.5,1000,normal,"(400, 2000)",[[0.8        0.88333333 0.81666667 0.83333333 0.81666667]]
split_resid_norm,linear,0.823333333,2.807103048,0.788733858,12993.89132,8.788545609,1.0,1000,normal,"(400, 2000)",[[0.86666667 0.7        0.78333333 0.88333333 0.88333333]]
split_resid_norm,sinex_het,0.87,4.30641047,0.708403107,6271.404842,18.90205002,0.0,1000,normal,"(400, 2000)",[[0.58333333 0.9        1.         0.96666667 0.9       ]]
split_resid_norm,sinex_het,0.95,7.490203706,0.427202346,3615.52146,17.8301816,0.2,1000,normal,"(400, 2000)",[[0.76666667 0.98333333 1.         1.         1.        ]]
split_resid_norm,sinex_het,0.943333333,9.841357663,0.350034037,2736.886307,23.63068104,0.5,1000,normal,"(400, 2000)",[[0.71666667 1.         1.         1.         1.        ]]
split_resid_norm,sinex_het,0.87,5.612601527,0.627627611,5715.818845,17.88399482,1.0,1000,normal,"(400, 2000)",[[0.75       0.93333333 0.98333333 0.88333333 0.8       ]]
split_resid_norm,linear,0.88,0.006777919,0.999321808,20047.51221,105.1854582,0.0,1000,normal,"(400, 2000, 2000, 2000)",[[0.81666667 1.         1.         0.8        0.78333333]]
split_resid_norm,linear,0.91,0.7242932,0.929054938,17921.93532,112.8934894,0.2,1000,normal,"(400, 2000, 2000, 2000)",[[0.88333333 0.93333333 0.9        0.9        0.93333333]]
split_resid_norm,linear,0.943333333,1.843024645,0.834386087,15304.22172,107.7996728,0.5,1000,normal,"(400, 2000, 2000, 2000)",[[0.93333333 0.93333333 0.95       0.96666667 0.93333333]]
split_resid_norm,linear,0.953333333,3.869934684,0.730138855,10990.89709,124.9082656,1.0,1000,normal,"(400, 2000, 2000, 2000)",[[0.88333333 0.95       0.96666667 0.98333333 0.98333333]]
split_resid_norm,sinex_het,0.95,6.773321081,0.586562096,3704.325671,179.6602256,0.0,1000,normal,"(400, 2000, 2000, 2000)",[[0.86666667 0.96666667 1.         0.98333333 0.93333333]]
split_resid_norm,sinex_het,0.916666667,6.036300005,0.53317413,4027.780057,113.0816774,0.2,1000,normal,"(400, 2000, 2000, 2000)",[[0.68333333 0.91666667 1.         1.         0.98333333]]
split_resid_norm,sinex_het,0.936666667,7.059029618,0.50055214,3367.875889,103.2971432,0.5,1000,normal,"(400, 2000, 2000, 2000)",[[0.86666667 0.95       1.         0.96666667 0.9       ]]
split_resid_norm,sinex_het,0.89,5.659338817,0.600208606,5280.251685,123.2923706,1.0,1000,normal,"(400, 2000, 2000, 2000)",[[0.81666667 0.96666667 0.95       0.85       0.86666667]]
split_resid_norm,linear,0.976666667,6.935441128,0.550433299,6206.759827,1.643034697,4.0,300,student,"(200, 1000)",[[0.95       0.96666667 1.         0.96666667 1.        ]]
split_resid_norm,linear,0.826666667,4.24193337,0.7316344,11451.59057,1.622684002,5.0,300,student,"(200, 1000)",[[0.55       0.85       0.83333333 0.93333333 0.96666667]]
split_resid_norm,linear,0.923333333,4.742176037,0.714853237,9697.724965,1.981843948,10.0,300,student,"(200, 1000)",[[0.81666667 0.9        0.93333333 0.98333333 0.98333333]]
split_resid_norm,linear,0.9,17.37140684,-0.1987328,6483.994007,1.066530943,1000.0,300,student,"(200, 1000)",[[0.6 0.9 1.  1.  1. ]]
split_resid_norm,sinex_het,0.853333333,10.04355142,0.469700766,4116.463279,2.110790253,4.0,300,student,"(200, 1000)",[[0.5        0.8        0.98333333 0.98333333 1.        ]]
split_resid_norm,sinex_het,0.916666667,7.514536183,0.495938087,3715.218019,2.432593584,5.0,300,student,"(200, 1000)",[[0.76666667 0.86666667 0.96666667 1.         0.98333333]]
split_resid_norm,sinex_het,0.966666667,7.94565127,0.458060619,3489.291475,4.325763464,10.0,300,student,"(200, 1000)",[[0.9        1.         1.         1.         0.93333333]]
split_resid_norm,sinex_het,0.806666667,16.18357156,-0.141751942,4426.625731,2.872006178,1000.0,300,student,"(200, 1000)",[[0.21666667 0.81666667 1.         1.         1.        ]]
split_resid_norm,nmm,0.933333333,6.437237349,0.634415561,13256.92207,9.35965991,4.0,300,student,"(200, 1000)",[[0.88333333 0.95       0.88333333 0.98333333 0.96666667]]
split_resid_norm,nmm,0.973333333,11.98916131,0.487724183,8480.518778,9.683796883,5.0,300,student,"(200, 1000)",[[0.91666667 0.96666667 0.98333333 1.         1.        ]]
split_resid_norm,nmm,0.97,7.179633748,0.568100871,12322.26518,9.495496035,10.0,300,student,"(200, 1000)",[[0.88333333 0.96666667 1.         1.         1.        ]]
split_resid_norm,nmm,0.943333333,5.314306821,0.674851546,14508.14857,10.01793194,1000.0,300,student,"(200, 1000)",[[0.83333333 0.95       0.93333333 1.         1.        ]]
split_resid_norm,cube,0.893333333,5.950648971,0.800830931,1600.186879,2.524287462,4.0,300,student,"(200, 1000)",[[0.71666667 0.86666667 0.93333333 0.98333333 0.96666667]]
split_resid_norm,cube,0.88,4.236554106,0.715512289,1947.866666,1.419785023,5.0,300,student,"(200, 1000)",[[0.8        0.81666667 0.88333333 0.91666667 0.98333333]]
split_resid_norm,cube,0.893333333,3.334987799,0.683421652,1810.267477,1.927053452,10.0,300,student,"(200, 1000)",[[0.88333333 0.93333333 0.91666667 0.85       0.88333333]]
split_resid_norm,cube,0.973333333,5.548432976,0.499304595,704.2319908,1.781383991,1000.0,300,student,"(200, 1000)",[[0.96666667 0.93333333 0.98333333 1.         0.98333333]]
split_resid_norm,linear,0.643333333,2.790687699,0.857707728,12307.0242,8.542685509,4.0,300,student,"(200, 1000, 1000, 1000)",[[0.43333333 0.7        0.66666667 0.76666667 0.65      ]]
split_resid_norm,linear,0.926666667,7.95449337,0.505539418,6576.745523,12.81972671,5.0,300,student,"(200, 1000, 1000, 1000)",[[0.8        0.88333333 0.98333333 0.96666667 1.        ]]
split_resid_norm,linear,0.886666667,6.065969846,0.580655085,7746.395923,10.98354435,10.0,300,student,"(200, 1000, 1000, 1000)",[[0.61666667 0.86666667 0.95       1.         1.        ]]
split_resid_norm,linear,0.94,4.658790255,0.629350486,9559.823935,10.8898263,1000.0,300,student,"(200, 1000, 1000, 1000)",[[0.9        0.88333333 0.93333333 0.98333333 1.        ]]
split_resid_norm,sinex_het,0.983333333,11.49555089,0.408629407,1731.990561,12.79294181,4.0,300,student,"(200, 1000, 1000, 1000)",[[0.95       1.         0.98333333 1.         0.98333333]]
split_resid_norm,sinex_het,0.83,6.276808226,0.654954917,5429.460344,7.592762947,5.0,300,student,"(200, 1000, 1000, 1000)",[[0.46666667 0.78333333 0.93333333 1.         0.96666667]]
split_resid_norm,sinex_het,0.92,6.97806403,0.536014157,4329.703348,9.128104687,10.0,300,student,"(200, 1000, 1000, 1000)",[[0.8        0.9        0.98333333 0.98333333 0.93333333]]
split_resid_norm,sinex_het,0.89,5.718928828,0.664700787,6256.765561,10.30257177,1000.0,300,student,"(200, 1000, 1000, 1000)",[[0.7        0.96666667 1.         0.98333333 0.8       ]]
split_resid_norm,nmm,0.973333333,6.727813019,0.657608176,12131.52422,12.96073532,4.0,300,student,"(200, 1000, 1000, 1000)",[[0.93333333 0.96666667 0.98333333 0.98333333 1.        ]]
split_resid_norm,nmm,0.92,4.748338733,0.740839157,14587.85811,15.33807063,5.0,300,student,"(200, 1000, 1000, 1000)",[[0.91666667 0.88333333 0.93333333 0.93333333 0.93333333]]
split_resid_norm,nmm,0.92,4.249662145,0.749969745,15429.49146,21.82098556,10.0,300,student,"(200, 1000, 1000, 1000)",[[0.9        0.88333333 0.93333333 0.95       0.93333333]]
split_resid_norm,nmm,0.886666667,5.623169103,0.670656837,14389.81893,15.34702969,1000.0,300,student,"(200, 1000, 1000, 1000)",[[0.61666667 0.85       0.98333333 0.98333333 1.        ]]
split_resid_norm,cube,0.986666667,15.38020881,-0.039610533,867.2854879,7.981678247,4.0,300,student,"(200, 1000, 1000, 1000)",[[0.95       0.98333333 1.         1.         1.        ]]
split_resid_norm,cube,0.956666667,5.181150485,0.618420406,732.0274394,7.487333775,5.0,300,student,"(200, 1000, 1000, 1000)",[[0.93333333 0.95       0.98333333 0.98333333 0.93333333]]
split_resid_norm,cube,0.953333333,5.039539766,0.572639633,1322.150882,8.647122622,10.0,300,student,"(200, 1000, 1000, 1000)",[[0.81666667 1.         0.95       1.         1.        ]]
split_resid_norm,cube,0.97,4.419284966,0.725612621,2475.190065,9.742601633,1000.0,300,student,"(200, 1000, 1000, 1000)",[[0.91666667 0.98333333 0.98333333 0.98333333 0.98333333]]
split_resid_norm,linear,0.87,4.19818156,0.777016784,11463.81888,4.393429279,4.0,300,student,"(400, 2000)",[[0.71666667 0.91666667 0.9        0.91666667 0.9       ]]
split_resid_norm,linear,0.876666667,3.972266253,0.736932855,11143.79604,5.37039113,5.0,300,student,"(400, 2000)",[[0.7        0.83333333 0.91666667 0.96666667 0.96666667]]
split_resid_norm,linear,0.99,7.713705706,0.439785294,5278.569672,5.426196575,10.0,300,student,"(400, 2000)",[[0.98333333 0.98333333 0.98333333 1.         1.        ]]
split_resid_norm,linear,0.936666667,4.643289152,0.656310246,9979.502296,4.757651091,1000.0,300,student,"(400, 2000)",[[0.86666667 0.91666667 0.9        1.         1.        ]]
split_resid_norm,sinex_het,0.78,5.260192649,0.716354219,5252.013353,4.160201788,4.0,300,student,"(400, 2000)",[[0.73333333 0.81666667 0.86666667 0.85       0.63333333]]
split_resid_norm,sinex_het,0.876666667,5.986433085,0.731573164,5457.681008,6.706883907,5.0,300,student,"(400, 2000)",[[0.6        0.91666667 0.98333333 0.93333333 0.95      ]]
split_resid_norm,sinex_het,0.926666667,7.286586396,0.520784801,3448.901656,7.015256405,10.0,300,student,"(400, 2000)",[[0.85       0.98333333 0.98333333 0.98333333 0.83333333]]
split_resid_norm,sinex_het,0.843333333,5.655066159,0.673891201,5960.720438,7.254327774,1000.0,300,student,"(400, 2000)",[[0.51666667 0.86666667 1.         0.96666667 0.86666667]]
split_resid_norm,nmm,0.953333333,9.01651324,0.49874351,10992.63466,20.67991257,4.0,300,student,"(400, 2000)",[[0.83333333 0.95       0.98333333 1.         1.        ]]
split_resid_norm,nmm,0.95,5.673937966,0.678209456,12812.59789,17.99126792,5.0,300,student,"(400, 2000)",[[0.91666667 0.91666667 0.95       1.         0.96666667]]
split_resid_norm,nmm,0.963333333,12.34586723,0.305866357,9179.725592,20.5779953,10.0,300,student,"(400, 2000)",[[0.86666667 0.95       1.         1.         1.        ]]
split_resid_norm,nmm,0.953333333,4.673266675,0.721747766,15178.27735,23.27681708,1000.0,300,student,"(400, 2000)",[[0.88333333 0.91666667 1.         0.98333333 0.98333333]]
split_resid_norm,cube,0.923333333,6.163916186,0.623160543,1505.995755,5.342939854,4.0,300,student,"(400, 2000)",[[0.86666667 0.88333333 0.9        0.98333333 0.98333333]]
split_resid_norm,cube,0.9,4.39824681,0.687038225,1200.020361,2.746159315,5.0,300,student,"(400, 2000)",[[0.71666667 0.86666667 0.98333333 0.96666667 0.96666667]]
split_resid_norm,cube,0.996666667,15.46022462,-0.414380145,179.918652,2.582752705,10.0,300,student,"(400, 2000)",[[0.98333333 1.         1.         1.         1.        ]]
split_resid_norm,cube,0.916666667,3.856929884,0.620988566,1549.196021,7.407554388,1000.0,300,student,"(400, 2000)",[[0.75       0.9        0.96666667 1.         0.96666667]]
split_resid_norm,linear,0.973333333,7.318496825,0.475585836,5974.236186,57.735883,4.0,300,student,"(400, 2000, 2000, 2000)",[[0.91666667 1.         0.96666667 0.98333333 1.        ]]
split_resid_norm,linear,0.913333333,4.97063202,0.702388402,9423.064889,42.55574083,5.0,300,student,"(400, 2000, 2000, 2000)",[[0.8        0.85       0.96666667 0.96666667 0.98333333]]
split_resid_norm,linear,0.753333333,2.666302804,0.816466899,13466.73562,47.81794286,10.0,300,student,"(400, 2000, 2000, 2000)",[[0.63333333 0.66666667 0.81666667 0.81666667 0.83333333]]
split_resid_norm,linear,0.97,4.833730632,0.618905073,9387.730929,63.60189795,1000.0,300,student,"(400, 2000, 2000, 2000)",[[0.91666667 0.98333333 0.95       1.         1.        ]]
split_resid_norm,sinex_het,0.89,6.314986319,0.709786542,4906.252669,46.65431309,4.0,300,student,"(400, 2000, 2000, 2000)",[[0.8        0.9        0.91666667 0.93333333 0.9       ]]
split_resid_norm,sinex_het,0.993333333,11.87703314,0.230798826,692.2646724,45.77938151,5.0,300,student,"(400, 2000, 2000, 2000)",[[0.98333333 1.         1.         1.         0.98333333]]
split_resid_norm,sinex_het,0.86,7.038616721,0.54520431,2508.038039,46.11859417,10.0,300,student,"(400, 2000, 2000, 2000)",[[0.75       0.93333333 1.         0.96666667 0.65      ]]
split_resid_norm,sinex_het,0.986666667,10.88864696,0.287087155,2232.481454,37.96463871,1000.0,300,student,"(400, 2000, 2000, 2000)",[[0.95       0.98333333 1.         1.         1.        ]]
split_resid_norm,nmm,0.956666667,6.601858258,0.721675505,13301.40055,57.43425918,4.0,300,student,"(400, 2000, 2000, 2000)",[[0.93333333 0.91666667 0.96666667 0.98333333 0.98333333]]
split_resid_norm,nmm,0.946666667,6.042158471,0.645680945,12832.06944,67.44346762,5.0,300,student,"(400, 2000, 2000, 2000)",[[0.93333333 0.9        0.91666667 1.         0.98333333]]
split_resid_norm,nmm,0.946666667,5.581287691,0.664930711,13062.62391,73.51924944,10.0,300,student,"(400, 2000, 2000, 2000)",[[0.9        0.91666667 0.98333333 0.95       0.98333333]]
split_resid_norm,nmm,0.976666667,6.785865266,0.574449959,11187.17695,72.51170206,1000.0,300,student,"(400, 2000, 2000, 2000)",[[0.88333333 1.         1.         1.         1.        ]]
split_resid_norm,cube,0.95,6.744755498,0.504549139,983.9092699,30.12202835,4.0,300,student,"(400, 2000, 2000, 2000)",[[0.83333333 1.         0.95       0.98333333 0.98333333]]
split_resid_norm,cube,0.963333333,7.361431142,0.51343617,703.2654925,21.23575759,5.0,300,student,"(400, 2000, 2000, 2000)",[[0.93333333 0.93333333 0.96666667 0.98333333 1.        ]]
split_resid_norm,cube,0.966666667,6.778138219,0.325586345,353.3723268,23.34425139,10.0,300,student,"(400, 2000, 2000, 2000)",[[1.         1.         0.98333333 1.         0.85      ]]
split_resid_norm,cube,0.906666667,3.346368252,0.708677867,1947.615979,47.97805166,1000.0,300,student,"(400, 2000, 2000, 2000)",[[0.85       0.9        0.93333333 0.91666667 0.93333333]]
split_resid_norm,linear,0.966666667,9.164823854,0.494929642,4928.148289,1.221610785,4.0,500,student,"(200, 1000)",[[0.88333333 0.96666667 0.98333333 1.         1.        ]]
split_resid_norm,linear,0.946666667,7.782966467,0.460003253,6372.471002,1.936026812,5.0,500,student,"(200, 1000)",[[0.83333333 0.9        1.         1.         1.        ]]
split_resid_norm,linear,0.946666667,4.770540476,0.643454157,10167.36178,3.14931941,10.0,500,student,"(200, 1000)",[[0.9        0.86666667 0.96666667 1.         1.        ]]
split_resid_norm,linear,0.976666667,4.853313544,0.66067604,9195.912176,2.677212238,1000.0,500,student,"(200, 1000)",[[0.96666667 0.95       0.96666667 1.         1.        ]]
split_resid_norm,sinex_het,0.876666667,9.503254832,0.376316736,4431.176286,5.043620348,4.0,500,student,"(200, 1000)",[[0.53333333 0.88333333 0.96666667 1.         1.        ]]
split_resid_norm,sinex_het,0.91,9.726795257,0.367865582,3844.536803,4.082209349,5.0,500,student,"(200, 1000)",[[0.7        0.88333333 0.98333333 0.98333333 1.        ]]
split_resid_norm,sinex_het,0.91,6.834440747,0.550920611,4001.652039,5.573345423,10.0,500,student,"(200, 1000)",[[0.71666667 0.86666667 1.         1.         0.96666667]]
split_resid_norm,sinex_het,0.863333333,5.998591396,0.572409438,5509.884597,4.643656254,1000.0,500,student,"(200, 1000)",[[0.61666667 0.9        0.96666667 0.96666667 0.86666667]]
split_resid_norm,nmm,0.953333333,6.208440938,0.660994743,12588.11198,13.01287293,4.0,500,student,"(200, 1000)",[[0.93333333 0.98333333 0.9        0.95       1.        ]]
split_resid_norm,nmm,0.956666667,10.00376343,0.449288425,6663.854118,8.990346909,5.0,500,student,"(200, 1000)",[[0.85       0.93333333 1.         1.         1.        ]]
split_resid_norm,nmm,0.986666667,6.683862085,0.575793147,11249.33825,12.98112154,10.0,500,student,"(200, 1000)",[[0.98333333 0.96666667 0.98333333 1.         1.        ]]
split_resid_norm,nmm,0.993333333,11.98618087,0.221012883,5369.704812,11.14207792,1000.0,500,student,"(200, 1000)",[[0.96666667 1.         1.         1.         1.        ]]
split_resid_norm,cube,0.976666667,6.292812497,0.430328365,453.2245989,2.152460814,4.0,500,student,"(200, 1000)",[[0.98333333 0.96666667 0.98333333 0.98333333 0.96666667]]
split_resid_norm,cube,0.933333333,4.953119246,0.664125491,1597.912911,2.604537487,5.0,500,student,"(200, 1000)",[[0.98333333 0.98333333 0.96666667 0.91666667 0.81666667]]
split_resid_norm,cube,0.926666667,4.327480302,0.553640323,797.1322689,1.288626671,10.0,500,student,"(200, 1000)",[[0.76666667 0.93333333 0.95       0.98333333 1.        ]]
split_resid_norm,cube,0.896666667,4.331502679,0.514462894,990.3736413,4.791819334,1000.0,500,student,"(200, 1000)",[[0.75       0.78333333 0.95       1.         1.        ]]
split_resid_norm,linear,0.956666667,5.435246717,0.650088383,8920.249173,21.194947,4.0,500,student,"(200, 1000, 1000, 1000)",[[0.91666667 1.         0.91666667 0.96666667 0.98333333]]
split_resid_norm,linear,0.953333333,6.110348469,0.547885212,7640.049615,16.27053642,5.0,500,student,"(200, 1000, 1000, 1000)",[[0.93333333 0.93333333 0.93333333 0.96666667 1.        ]]
split_resid_norm,linear,0.873333333,3.367294397,0.728107198,12066.18447,15.65551591,10.0,500,student,"(200, 1000, 1000, 1000)",[[0.8        0.83333333 0.88333333 0.85       1.        ]]
split_resid_norm,linear,0.97,12.83934736,-0.027218491,4632.080862,17.18789601,1000.0,500,student,"(200, 1000, 1000, 1000)",[[0.9  0.95 1.   1.   1.  ]]
split_resid_norm,sinex_het,0.886666667,17.05499364,0.171409544,2741.01629,20.07637644,4.0,500,student,"(200, 1000, 1000, 1000)",[[0.55       0.88333333 1.         1.         1.        ]]
split_resid_norm,sinex_het,0.83,7.562456239,0.544109893,5019.517476,18.18944216,5.0,500,student,"(200, 1000, 1000, 1000)",[[0.46666667 0.76666667 0.95       0.98333333 0.98333333]]
split_resid_norm,sinex_het,0.963333333,8.761299504,0.485569793,3309.879171,15.14452696,10.0,500,student,"(200, 1000, 1000, 1000)",[[0.86666667 0.98333333 1.         0.98333333 0.98333333]]
split_resid_norm,sinex_het,0.96,7.970856942,0.480470111,2698.826246,14.50289607,1000.0,500,student,"(200, 1000, 1000, 1000)",[[0.81666667 1.         1.         1.         0.98333333]]
split_resid_norm,nmm,0.916666667,6.287141872,0.712843208,13819.43725,28.37058115,4.0,500,student,"(200, 1000, 1000, 1000)",[[0.78333333 0.91666667 0.95       0.93333333 1.        ]]
split_resid_norm,nmm,0.983333333,6.998258848,0.572594626,10942.84573,25.12850189,5.0,500,student,"(200, 1000, 1000, 1000)",[[0.95       1.         0.98333333 1.         0.98333333]]
split_resid_norm,nmm,0.86,3.815901426,0.755088537,16257.84866,25.27745962,10.0,500,student,"(200, 1000, 1000, 1000)",[[0.86666667 0.8        0.83333333 0.83333333 0.96666667]]
split_resid_norm,nmm,0.93,4.344474909,0.733440499,15499.63626,21.5217855,1000.0,500,student,"(200, 1000, 1000, 1000)",[[0.86666667 0.88333333 0.95       0.98333333 0.96666667]]
split_resid_norm,cube,0.956666667,7.494533087,0.404910401,500.3855473,22.64598274,4.0,500,student,"(200, 1000, 1000, 1000)",[[0.86666667 0.98333333 0.95       1.         0.98333333]]
split_resid_norm,cube,0.933333333,5.874152161,0.605568116,756.2175544,15.7664237,5.0,500,student,"(200, 1000, 1000, 1000)",[[0.83333333 0.93333333 0.95       1.         0.95      ]]
split_resid_norm,cube,0.87,4.790431653,0.70651598,2062.170414,13.7498641,10.0,500,student,"(200, 1000, 1000, 1000)",[[0.65       0.81666667 0.9        0.98333333 1.        ]]
split_resid_norm,cube,0.876666667,3.358202748,0.638180851,1226.995271,13.09350896,1000.0,500,student,"(200, 1000, 1000, 1000)",[[0.71666667 0.88333333 0.86666667 0.93333333 0.98333333]]
split_resid_norm,linear,0.99,7.361498537,0.583790041,5512.522584,4.776770115,4.0,500,student,"(400, 2000)",[[0.96666667 1.         1.         0.98333333 1.        ]]
split_resid_norm,linear,0.756666667,3.003350359,0.797727961,13604.42342,4.568812132,5.0,500,student,"(400, 2000)",[[0.66666667 0.6        0.8        0.8        0.91666667]]
split_resid_norm,linear,0.963333333,5.262475887,0.644025517,7695.348586,4.909223795,10.0,500,student,"(400, 2000)",[[0.91666667 0.98333333 0.95       0.98333333 0.98333333]]
split_resid_norm,linear,0.883333333,4.452893662,0.684471408,10323.94767,5.488344908,1000.0,500,student,"(400, 2000)",[[0.66666667 0.8        0.95       1.         1.        ]]
split_resid_norm,sinex_het,0.89,7.20858775,0.658764862,4220.605065,11.77261972,4.0,500,student,"(400, 2000)",[[0.66666667 0.93333333 0.93333333 0.98333333 0.93333333]]
split_resid_norm,sinex_het,0.906666667,6.895530087,0.489853608,4197.335982,14.4428854,5.0,500,student,"(400, 2000)",[[0.71666667 0.93333333 0.98333333 0.98333333 0.91666667]]
split_resid_norm,sinex_het,0.87,6.773974736,0.627526267,4749.612979,13.55855775,10.0,500,student,"(400, 2000)",[[0.68333333 0.95       0.98333333 0.95       0.78333333]]
split_resid_norm,sinex_het,0.923333333,5.795059449,0.664228163,4983.981133,16.6467607,1000.0,500,student,"(400, 2000)",[[0.83333333 0.93333333 1.         1.         0.85      ]]
split_resid_norm,nmm,0.953333333,6.350496249,0.744184773,11408.21443,20.39724851,4.0,500,student,"(400, 2000)",[[0.98333333 0.91666667 0.95       0.96666667 0.95      ]]
split_resid_norm,nmm,0.9,4.593793041,0.767770705,14761.67072,27.95232606,5.0,500,student,"(400, 2000)",[[0.95       0.9        0.9        0.91666667 0.83333333]]
split_resid_norm,nmm,0.94,7.278800231,0.586000029,12456.16418,29.31207108,10.0,500,student,"(400, 2000)",[[0.78333333 0.91666667 1.         1.         1.        ]]
split_resid_norm,nmm,0.9,5.134029719,0.688908278,13311.80465,28.35664105,1000.0,500,student,"(400, 2000)",[[0.68333333 0.81666667 1.         1.         1.        ]]
split_resid_norm,cube,0.973333333,6.988521144,0.610566043,733.2534859,4.006310225,4.0,500,student,"(400, 2000)",[[0.93333333 1.         0.98333333 0.96666667 0.98333333]]
split_resid_norm,cube,0.923333333,4.61194726,0.670337274,1091.513713,4.489017725,5.0,500,student,"(400, 2000)",[[0.9        0.93333333 0.88333333 0.91666667 0.98333333]]
split_resid_norm,cube,0.99,7.02501816,0.29625101,334.3109597,7.937185526,10.0,500,student,"(400, 2000)",[[0.95 1.   1.   1.   1.  ]]
split_resid_norm,cube,0.8,3.04206678,0.706822309,2497.468883,8.319401979,1000.0,500,student,"(400, 2000)",[[0.61666667 0.71666667 0.8        0.95       0.91666667]]
split_resid_norm,linear,0.933333333,4.800342902,0.76904609,9449.073499,84.0039289,4.0,500,student,"(400, 2000, 2000, 2000)",[[0.85       0.95       0.98333333 0.95       0.93333333]]
split_resid_norm,linear,0.92,12.17163706,0.142869927,6139.026876,70.76870322,5.0,500,student,"(400, 2000, 2000, 2000)",[[0.68333333 0.91666667 1.         1.         1.        ]]
split_resid_norm,linear,0.87,3.682457743,0.735773227,11351.36617,60.17198277,10.0,500,student,"(400, 2000, 2000, 2000)",[[0.78333333 0.88333333 0.91666667 0.83333333 0.93333333]]
split_resid_norm,linear,0.913333333,3.823118476,0.700779736,10714.48506,61.87960601,1000.0,500,student,"(400, 2000, 2000, 2000)",[[0.75       0.88333333 0.93333333 1.         1.        ]]
split_resid_norm,sinex_het,0.886666667,7.237067696,0.64950511,4188.221636,52.44655204,4.0,500,student,"(400, 2000, 2000, 2000)",[[0.73333333 0.96666667 1.         0.98333333 0.75      ]]
split_resid_norm,sinex_het,0.876666667,8.427580344,0.59233403,5092.877077,74.99213457,5.0,500,student,"(400, 2000, 2000, 2000)",[[0.58333333 0.86666667 0.95       0.98333333 1.        ]]
split_resid_norm,sinex_het,0.92,7.964924486,0.492862334,2767.090083,51.99906707,10.0,500,student,"(400, 2000, 2000, 2000)",[[0.66666667 0.98333333 1.         0.96666667 0.98333333]]
split_resid_norm,sinex_het,0.78,4.78278958,0.743488399,7311.367,52.19894695,1000.0,500,student,"(400, 2000, 2000, 2000)",[[0.51666667 0.85       0.98333333 0.85       0.7       ]]
split_resid_norm,nmm,0.9,10.52676024,0.456839557,9008.324411,56.90072703,4.0,500,student,"(400, 2000, 2000, 2000)",[[0.68333333 0.83333333 1.         0.98333333 1.        ]]
split_resid_norm,nmm,0.866666667,4.692931268,0.730065671,14924.80117,101.8594992,5.0,500,student,"(400, 2000, 2000, 2000)",[[0.68333333 0.83333333 0.9        0.95       0.96666667]]
split_resid_norm,nmm,0.953333333,6.532404269,0.638498317,13254.4459,81.68369508,10.0,500,student,"(400, 2000, 2000, 2000)",[[0.81666667 0.96666667 1.         0.98333333 1.        ]]
split_resid_norm,nmm,0.943333333,4.347227738,0.717689435,15424.11071,92.54866552,1000.0,500,student,"(400, 2000, 2000, 2000)",[[0.93333333 0.91666667 0.95       0.95       0.96666667]]
split_resid_norm,cube,0.896666667,4.358485345,0.792942204,1944.824365,51.79695749,4.0,500,student,"(400, 2000, 2000, 2000)",[[0.9        0.88333333 0.93333333 0.86666667 0.9       ]]
split_resid_norm,cube,0.936666667,5.511468567,0.471008657,829.2416187,63.0226717,5.0,500,student,"(400, 2000, 2000, 2000)",[[0.85       0.95       0.96666667 0.95       0.96666667]]
split_resid_norm,cube,0.986666667,7.146894501,0.449485726,1036.23119,46.49946904,10.0,500,student,"(400, 2000, 2000, 2000)",[[0.95       0.98333333 1.         1.         1.        ]]
split_resid_norm,cube,0.866666667,3.691553306,0.788606096,2180.767658,48.13096023,1000.0,500,student,"(400, 2000, 2000, 2000)",[[0.76666667 0.8        0.86666667 0.91666667 0.98333333]]
split_resid_norm,linear,0.93,5.518981564,0.678212629,8509.148637,3.41113019,4.0,1000,student,"(200, 1000)",[[0.86666667 0.95       0.91666667 0.95       0.96666667]]
split_resid_norm,linear,0.863333333,4.068994694,0.778285284,11388.31279,3.153499365,5.0,1000,student,"(200, 1000)",[[0.78333333 0.8        0.91666667 0.9        0.91666667]]
split_resid_norm,linear,0.87,3.379481252,0.759689981,12840.80095,3.031542778,10.0,1000,student,"(200, 1000)",[[0.78333333 0.83333333 0.85       0.91666667 0.96666667]]
split_resid_norm,linear,0.943333333,6.99798127,0.455919467,6960.016478,3.395077944,1000.0,1000,student,"(200, 1000)",[[0.8        0.91666667 1.         1.         1.        ]]
split_resid_norm,sinex_het,0.923333333,12.90372774,0.24094121,2643.38222,5.962291956,4.0,1000,student,"(200, 1000)",[[0.66666667 0.95       1.         1.         1.        ]]
split_resid_norm,sinex_het,0.876666667,6.701864149,0.665131216,5358.016792,5.712369204,5.0,1000,student,"(200, 1000)",[[0.66666667 0.9        0.96666667 0.98333333 0.86666667]]
split_resid_norm,sinex_het,0.876666667,6.332239046,0.559735772,4838.209566,5.350737333,10.0,1000,student,"(200, 1000)",[[0.58333333 0.88333333 0.96666667 0.96666667 0.98333333]]
split_resid_norm,sinex_het,0.813333333,5.392142288,0.682260261,5806.681578,6.254732609,1000.0,1000,student,"(200, 1000)",[[0.63333333 0.8        0.93333333 0.88333333 0.81666667]]
split_resid_norm,nmm,0.923333333,4.845695846,0.768714872,14438.80806,19.33921313,4.0,1000,student,"(200, 1000)",[[0.9        0.95       0.9        0.95       0.91666667]]
split_resid_norm,nmm,0.92,4.758679721,0.738915904,14667.91451,15.62130022,5.0,1000,student,"(200, 1000)",[[0.95       0.88333333 0.95       0.9        0.91666667]]
split_resid_norm,nmm,0.91,4.189258787,0.744619367,15358.24613,17.41968822,10.0,1000,student,"(200, 1000)",[[0.91666667 0.81666667 0.95       0.95       0.91666667]]
split_resid_norm,nmm,0.92,3.589696229,0.794960665,16572.40023,15.94329309,1000.0,1000,student,"(200, 1000)",[[0.95       0.95       0.86666667 0.88333333 0.95      ]]
split_resid_norm,cube,0.91,5.861153761,0.594950616,1282.090068,5.073761702,4.0,1000,student,"(200, 1000)",[[0.78333333 0.93333333 0.86666667 0.96666667 1.        ]]
split_resid_norm,cube,0.833333333,2.960062253,0.758173254,2164.468237,6.20746851,5.0,1000,student,"(200, 1000)",[[0.86666667 0.76666667 0.88333333 0.78333333 0.86666667]]
split_resid_norm,cube,0.843333333,3.365879454,0.703429106,1860.475563,5.826901913,10.0,1000,student,"(200, 1000)",[[0.7        0.83333333 0.88333333 0.91666667 0.88333333]]
split_resid_norm,cube,0.94,3.970130155,0.734386415,2209.362383,5.299194574,1000.0,1000,student,"(200, 1000)",[[0.93333333 0.93333333 0.96666667 0.93333333 0.93333333]]
split_resid_norm,linear,0.893333333,4.260691291,0.718975294,10931.037,24.68468833,4.0,1000,student,"(200, 1000, 1000, 1000)",[[0.86666667 0.95       0.91666667 0.85       0.88333333]]
split_resid_norm,linear,0.916666667,5.717633954,0.643040676,8181.26435,22.02405405,5.0,1000,student,"(200, 1000, 1000, 1000)",[[0.83333333 0.85       0.95       0.95       1.        ]]
split_resid_norm,linear,0.926666667,3.923780145,0.691988472,11236.6879,23.29985142,10.0,1000,student,"(200, 1000, 1000, 1000)",[[0.95       0.9        0.95       0.9        0.93333333]]
split_resid_norm,linear,0.873333333,5.019112668,0.621118577,9305.41453,30.16439986,1000.0,1000,student,"(200, 1000, 1000, 1000)",[[0.55       0.83333333 0.98333333 1.         1.        ]]
split_resid_norm,sinex_het,0.856666667,6.797745454,0.683529886,4378.417579,30.41810918,4.0,1000,student,"(200, 1000, 1000, 1000)",[[0.75       0.8        0.98333333 0.91666667 0.83333333]]
split_resid_norm,sinex_het,0.906666667,8.127987802,0.439030855,3804.05669,26.80435324,5.0,1000,student,"(200, 1000, 1000, 1000)",[[0.63333333 0.93333333 0.98333333 1.         0.98333333]]
split_resid_norm,sinex_het,0.883333333,6.396953047,0.616214222,4609.322421,36.9235189,10.0,1000,student,"(200, 1000, 1000, 1000)",[[0.73333333 0.91666667 0.98333333 0.95       0.83333333]]
split_resid_norm,sinex_het,0.933333333,7.228615274,0.540888903,2962.663428,42.42831945,1000.0,1000,student,"(200, 1000, 1000, 1000)",[[0.78333333 0.96666667 1.         1.         0.91666667]]
split_resid_norm,nmm,0.926666667,5.703483663,0.738370789,14461.00819,41.33750701,4.0,1000,student,"(200, 1000, 1000, 1000)",[[0.88333333 0.88333333 0.96666667 0.93333333 0.96666667]]
split_resid_norm,nmm,0.86,3.867136487,0.805136902,16330.64074,30.8494885,5.0,1000,student,"(200, 1000, 1000, 1000)",[[0.75       0.91666667 0.88333333 0.83333333 0.91666667]]
split_resid_norm,nmm,0.876666667,4.082408395,0.748663657,15174.6192,34.0033083,10.0,1000,student,"(200, 1000, 1000, 1000)",[[0.83333333 0.9        0.85       0.88333333 0.91666667]]
split_resid_norm,nmm,0.923333333,4.172812987,0.749396454,15329.3847,35.08761692,1000.0,1000,student,"(200, 1000, 1000, 1000)",[[0.88333333 0.86666667 0.95       0.95       0.96666667]]
split_resid_norm,cube,0.89,4.091948819,0.78262948,1695.199969,29.78130221,4.0,1000,student,"(200, 1000, 1000, 1000)",[[0.78333333 0.83333333 0.95       0.95       0.93333333]]
split_resid_norm,cube,0.88,3.846890478,0.684055092,2295.7386,20.2700088,5.0,1000,student,"(200, 1000, 1000, 1000)",[[0.86666667 0.88333333 0.91666667 0.83333333 0.9       ]]
split_resid_norm,cube,0.873333333,5.400833363,0.506754821,982.1336232,23.47041559,10.0,1000,student,"(200, 1000, 1000, 1000)",[[0.63333333 0.83333333 0.91666667 0.98333333 1.        ]]
split_resid_norm,cube,0.84,3.26378508,0.637853455,1514.743468,22.15736985,1000.0,1000,student,"(200, 1000, 1000, 1000)",[[0.6        0.85       0.91666667 0.9        0.93333333]]
split_resid_norm,linear,0.86,3.67856095,0.734575185,11293.91476,15.64482093,4.0,1000,student,"(400, 2000)",[[0.78333333 0.85       0.88333333 0.81666667 0.96666667]]
split_resid_norm,linear,0.93,8.402053099,0.456256869,6473.217111,13.71454,5.0,1000,student,"(400, 2000)",[[0.76666667 0.9        0.98333333 1.         1.        ]]
split_resid_norm,linear,0.883333333,3.819905862,0.716027428,11519.11685,13.92372441,10.0,1000,student,"(400, 2000)",[[0.81666667 0.81666667 0.91666667 0.88333333 0.98333333]]
split_resid_norm,linear,0.88,3.391724297,0.718673255,11893.52117,9.286937237,1000.0,1000,student,"(400, 2000)",[[0.76666667 0.81666667 0.88333333 0.95       0.98333333]]
split_resid_norm,sinex_het,0.913333333,7.411725861,0.595134084,3966.073419,15.44518828,4.0,1000,student,"(400, 2000)",[[0.75       0.95       0.98333333 0.96666667 0.91666667]]
split_resid_norm,sinex_het,0.92,7.006651494,0.572167888,3779.491323,19.44049239,5.0,1000,student,"(400, 2000)",[[0.73333333 0.95       0.98333333 0.98333333 0.95      ]]
split_resid_norm,sinex_het,0.853333333,5.611450549,0.669586798,6350.051258,15.90499759,10.0,1000,student,"(400, 2000)",[[0.7        0.93333333 0.98333333 0.86666667 0.78333333]]
split_resid_norm,sinex_het,0.9,5.613056059,0.627419075,5732.473679,16.51574755,1000.0,1000,student,"(400, 2000)",[[0.75       0.98333333 1.         0.96666667 0.8       ]]
split_resid_norm,nmm,0.853333333,4.095126648,0.76800099,15104.49565,38.13633275,4.0,1000,student,"(400, 2000)",[[0.66666667 0.85       0.93333333 0.83333333 0.98333333]]
split_resid_norm,nmm,0.913333333,5.044950385,0.738625817,13996.15445,33.41024613,5.0,1000,student,"(400, 2000)",[[0.91666667 0.86666667 0.88333333 0.95       0.95      ]]
split_resid_norm,nmm,0.906666667,3.953969253,0.775561889,16309.57912,38.66981077,10.0,1000,student,"(400, 2000)",[[0.93333333 0.86666667 0.93333333 0.91666667 0.88333333]]
split_resid_norm,nmm,0.94,4.492192235,0.704146173,15398.24401,34.62509012,1000.0,1000,student,"(400, 2000)",[[0.83333333 0.93333333 0.96666667 1.         0.96666667]]
split_resid_norm,cube,0.876666667,4.228976259,0.650942424,1980.132955,19.19468331,4.0,1000,student,"(400, 2000)",[[0.78333333 0.86666667 0.88333333 0.9        0.95      ]]
split_resid_norm,cube,0.843333333,3.590844521,0.742315285,2021.572682,11.63144612,5.0,1000,student,"(400, 2000)",[[0.73333333 0.81666667 0.91666667 0.88333333 0.86666667]]
split_resid_norm,cube,0.91,5.432322788,0.610657831,822.4531668,10.89048409,10.0,1000,student,"(400, 2000)",[[0.71666667 0.88333333 0.96666667 0.98333333 1.        ]]
split_resid_norm,cube,0.953333333,4.921970213,0.492933743,1464.264776,17.91008687,1000.0,1000,student,"(400, 2000)",[[0.86666667 0.93333333 1.         0.96666667 1.        ]]
split_resid_norm,linear,0.93,5.605277752,0.724706482,8595.742006,89.42325878,4.0,1000,student,"(400, 2000, 2000, 2000)",[[0.81666667 0.91666667 0.96666667 0.98333333 0.96666667]]
split_resid_norm,linear,0.903333333,4.142979285,0.788338745,10308.56119,100.8472657,5.0,1000,student,"(400, 2000, 2000, 2000)",[[0.86666667 0.93333333 0.9        0.9        0.91666667]]
split_resid_norm,linear,0.843333333,3.173351335,0.761676719,12683.72073,85.55452275,10.0,1000,student,"(400, 2000, 2000, 2000)",[[0.71666667 0.81666667 0.83333333 0.93333333 0.91666667]]
split_resid_norm,linear,0.896666667,3.359696024,0.751473197,12108.64743,130.5670416,1000.0,1000,student,"(400, 2000, 2000, 2000)",[[0.81666667 0.91666667 0.81666667 0.93333333 1.        ]]
split_resid_norm,sinex_het,0.89,7.12412892,0.626974176,3313.605891,165.5309002,4.0,1000,student,"(400, 2000, 2000, 2000)",[[0.6        0.91666667 0.98333333 0.96666667 0.98333333]]
split_resid_norm,sinex_het,0.886666667,7.085844695,0.54472364,3379.965397,83.72936964,5.0,1000,student,"(400, 2000, 2000, 2000)",[[0.7        0.95       0.93333333 0.98333333 0.86666667]]
split_resid_norm,sinex_het,0.926666667,7.02681121,0.548139978,3694.173501,161.8205888,10.0,1000,student,"(400, 2000, 2000, 2000)",[[0.8        0.96666667 0.98333333 0.98333333 0.9       ]]
split_resid_norm,sinex_het,0.896666667,5.196076922,0.725160034,5695.533477,103.2353117,1000.0,1000,student,"(400, 2000, 2000, 2000)",[[0.68333333 0.91666667 1.         0.95       0.93333333]]
split_resid_norm,nmm,0.863333333,4.401408072,0.773291376,15026.6658,127.4941144,4.0,1000,student,"(400, 2000, 2000, 2000)",[[0.7        0.8        0.9        0.96666667 0.95      ]]
split_resid_norm,nmm,0.893333333,4.075060853,0.790067174,15823.77229,143.5971344,5.0,1000,student,"(400, 2000, 2000, 2000)",[[0.81666667 0.91666667 0.86666667 0.9        0.96666667]]
split_resid_norm,nmm,0.916666667,4.285014168,0.742805232,15262.71155,141.6203771,10.0,1000,student,"(400, 2000, 2000, 2000)",[[0.93333333 0.95       0.91666667 0.9        0.88333333]]
split_resid_norm,nmm,0.926666667,3.975124971,0.746605425,15440.51444,127.9585886,1000.0,1000,student,"(400, 2000, 2000, 2000)",[[0.85       0.86666667 0.93333333 1.         0.98333333]]
split_resid_norm,cube,0.856666667,4.085967199,0.69801264,1810.265747,106.7273927,4.0,1000,student,"(400, 2000, 2000, 2000)",[[0.76666667 0.8        0.86666667 0.93333333 0.91666667]]
split_resid_norm,cube,0.936666667,8.255229627,0.514045314,1415.390536,111.2768168,5.0,1000,student,"(400, 2000, 2000, 2000)",[[0.78333333 0.93333333 0.98333333 0.98333333 1.        ]]
split_resid_norm,cube,0.916666667,3.951881886,0.688311601,2419.683081,83.61222601,10.0,1000,student,"(400, 2000, 2000, 2000)",[[0.8        0.88333333 0.93333333 0.98333333 0.98333333]]
split_resid_norm,cube,0.953333333,3.870905659,0.567614788,1214.683651,106.7472446,1000.0,1000,student,"(400, 2000, 2000, 2000)",[[0.95       0.88333333 0.96666667 0.98333333 0.98333333]]
split_resid_norm,sinex_con,0.9133333333333332,4.707442096454252,0.6276495843027311,5823.45645455466,5.568122625350952,4.0,1000,student,"(200, 1000)",[[0.88333333 0.88333333 0.86666667 0.95       0.98333333]]
split_resid_norm,sinex_con,0.8233333333333334,4.0068636197692,0.7240330120448544,7136.893312347646,8.939170837402344,5.0,1000,student,"(200, 1000)",[[0.61666667 0.75       0.88333333 0.93333333 0.93333333]]
split_resid_norm,sinex_con,0.94,4.549543262692857,0.5906613797221014,5684.948284023912,6.498938083648682,10.0,1000,student,"(200, 1000)",[[0.91666667 0.96666667 0.95       0.96666667 0.9       ]]
split_resid_norm,sinex_con,0.9266666666666666,4.164809525006994,0.6097029088355376,6278.589867153647,6.882591485977173,1000.0,1000,student,"(200, 1000)",[[0.83333333 0.86666667 0.96666667 0.98333333 0.98333333]]
split_resid_norm,sinex_con,0.9333333333333333,1.0810478649222175,0.8370350978667311,11502.41062193485,6.636539459228516,0.0,1000,normal,"(200, 1000)",[[0.66666667 1.         1.         1.         1.        ]]
split_resid_norm,sinex_con,0.93,1.2725645402447159,0.824558278201358,11228.001367930467,6.337082147598267,0.2,1000,normal,"(200, 1000)",[[0.73333333 0.91666667 1.         1.         1.        ]]
split_resid_norm,sinex_con,0.9633333333333334,2.0490591386629067,0.7585398258349596,9610.18641681137,5.5414323806762695,0.5,1000,normal,"(200, 1000)",[[0.93333333 0.93333333 0.98333333 0.98333333 0.98333333]]
split_resid_norm,sinex_con,0.94,3.6285797643682582,0.6581067301789728,7044.687345223762,5.3118064403533936,1.0,1000,normal,"(200, 1000)",[[0.93333333 0.95       0.95       0.9        0.96666667]]
