strategy,data_name,coverage,mean_width,cwc,mwi,total_time,noise_std,num_samples,noise_type,layer_size,ssc,cv_size,optimiser,bagging_fraction,normalised_mean_width,num_features
split,linear_multi,0.986666667,0.008513715,0.976899132,536.9440895,2.547932625,0,300,normal,"(200, 1000)",999,50,adam,1,0.02309353,3
split,linear_multi,0.88,0.006440934,0.982528513,542.0625883,3.659390688,0.2,300,normal,"(200, 1000)",999,50,adam,1,0.017471094,3
split,linear_multi,0.933333333,0.012586002,0.96585928,523.3524883,4.899874687,0.5,300,normal,"(200, 1000)",999,50,adam,1,0.034139646,3
split,linear_multi,0.886666667,0.010496959,0.971526728,531.2221833,6.591479063,1,300,normal,"(200, 1000)",999,50,adam,1,0.028473099,3
split_resid_norm,linear_multi,0.943333333,0.008237019,0.977655175,537.1890522,2.716250658,0,300,normal,"(200, 1000)",[[0.76666667 0.96666667 0.98333333 1.         1.        ]],50,adam,1,0.022342989,3
split_resid_norm,linear_multi,0.986666667,0.021767384,0.940948701,499.6757101,3.296089888,0.2,300,normal,"(200, 1000)",[[0.96666667 0.98333333 0.98333333 1.         1.        ]],50,adam,1,0.059044232,3
split_resid_norm,linear_multi,0.94,0.022700733,0.93842255,498.0173734,4.602926016,0.5,300,normal,"(200, 1000)",[[0.78333333 0.93333333 0.98333333 1.         1.        ]],50,adam,1,0.061575949,3
split_resid_norm,linear_multi,0.946666667,0.029579085,0.919764455,479.6715318,6.613944769,1,300,normal,"(200, 1000)",[[0.73333333 1.         1.         1.         1.        ]],50,adam,1,0.080233542,3
jackknife_plus_ab,linear_multi,0.903333333,0.006007989,0.983703264,543.8766037,69.0682056,0,300,normal,"(200, 1000)",[[0.88333333 0.93333333 0.9        0.91666667 0.88333333]],50,adam,1,0.016296726,3
jackknife_plus_ab,linear_multi,0.91,0.007481119,0.979707297,539.9139353,81.93999553,0.2,300,normal,"(200, 1000)",[[0.96666667 0.96666667 0.91666667 0.91666667 0.78333333]],50,adam,1,0.020292605,3
jackknife_plus_ab,linear_multi,0.906666667,0.010077668,0.972664189,532.0566677,131.0646696,0.5,300,normal,"(200, 1000)",[[0.98333333 0.95       0.93333333 0.88333333 0.78333333]],50,adam,1,0.027335767,3
jackknife_plus_ab,linear_multi,0.916666667,0.011627132,0.968461027,527.3524418,159.1345983,1,300,normal,"(200, 1000)",[[0.96666667 0.91666667 0.96666667 0.88333333 0.85      ]],50,adam,1,0.031538704,3
split,linear_multi,0.953333333,0.02917469,0.979587553,1719.650703,4.093852282,0,300,normal,"(200, 1000)",999,50,adam,1,0.020409661,5
split,linear_multi,0.91,0.020364205,0.985753768,1745.910124,3.99828124,0.2,300,normal,"(200, 1000)",999,50,adam,1,0.014246133,5
split,linear_multi,0.89,0.02098174,0.985321761,1743.062905,4.041080236,0.5,300,normal,"(200, 1000)",999,50,adam,1,0.01467814,5
split,linear_multi,0.973333333,0.025314281,0.982285673,1732.271853,6.462759495,1,300,normal,"(200, 1000)",999,50,adam,1,0.017709045,5
split_resid_norm,linear_multi,0.956666667,0.062038427,0.95659687,1630.45017,4.326337099,0,300,normal,"(200, 1000)",[[0.78333333 1.         1.         1.         1.        ]],50,adam,1,0.043400059,5
split_resid_norm,linear_multi,0.97,16.51890187,-10.55603282,529.1404595,3.495007753,0.2,300,normal,"(200, 1000)",[[0.85 1.   1.   1.   1.  ]],50,adam,1,11.55608454,5
split_resid_norm,linear_multi,0.903333333,24551192.54,-17175211.72,24551591.62,3.471129894,0.5,300,normal,"(200, 1000)",[[0.51666667 1.         1.         1.         1.        ]],50,adam,1,17175212.91,5
split_resid_norm,linear_multi,0.97,11.31846658,-6.917995869,460.1169422,3.863069773,1,300,normal,"(200, 1000)",[[0.85 1.   1.   1.   1.  ]],50,adam,1,7.918029767,5
jackknife_plus_ab,linear_multi,0.92,0.025446188,0.982198284,1729.193866,96.13422751,0,300,normal,"(200, 1000)",[[0.93333333 0.93333333 0.86666667 0.95       0.91666667]],50,adam,1,0.017801323,5
jackknife_plus_ab,linear_multi,0.91,0.02435587,0.98296133,1731.844046,94.61747742,0.2,300,normal,"(200, 1000)",[[0.96666667 0.91666667 0.93333333 0.95       0.78333333]],50,adam,1,0.017038572,5
jackknife_plus_ab,linear_multi,0.89,0.02160605,0.984885014,1740.807226,101.6226161,0.5,300,normal,"(200, 1000)",[[0.93333333 0.9        0.9        0.93333333 0.78333333]],50,adam,1,0.015114888,5
jackknife_plus_ab,linear_multi,0.906666667,0.019670737,0.986238951,1748.231651,140.8850498,1,300,normal,"(200, 1000)",[[0.93333333 0.91666667 0.95       0.93333333 0.8       ]],50,adam,1,0.013761006,5
split,linear_multi,0.966666667,0.095933564,0.967428255,3738.81867,4.499769211,0,300,normal,"(200, 1000)",999,50,adam,1,0.032567445,10
split,linear_multi,0.973333333,0.102602661,0.965163345,3717.158026,3.990816355,0.2,300,normal,"(200, 1000)",999,50,adam,1,0.034831465,10
split,linear_multi,0.973333333,0.103449153,0.96487598,3718.38654,5.124845982,0.5,300,normal,"(200, 1000)",999,50,adam,1,0.035118831,10
split,linear_multi,0.956666667,0.084037913,0.971467761,3774.666037,6.085004091,1,300,normal,"(200, 1000)",999,50,adam,1,0.02852912,10
split_resid_norm,linear_multi,0.926666667,1.604125517,0.4554325,2390.008582,4.725858688,0,300,normal,"(200, 1000)",[[0.63333333 1.         1.         1.         1.        ]],50,adam,1,0.544567176,10
split_resid_norm,linear_multi,0.976666667,11691.7531,-3968.083146,12222.75502,5.145379782,0.2,300,normal,"(200, 1000)",[[0.88333333 1.         1.         1.         1.        ]],50,adam,1,3969.10647,10
split_resid_norm,linear_multi,0.966666667,21.49842108,-6.298237844,1232.025614,4.150319099,0.5,300,normal,"(200, 1000)",[[0.83333333 1.         1.         1.         1.        ]],50,adam,1,7.298265836,10
split_resid_norm,linear_multi,0.993333333,0.783823018,0.733902031,2508.267296,4.946573973,1,300,normal,"(200, 1000)",[[0.96666667 1.         1.         1.         1.        ]],50,adam,1,0.266091576,10
jackknife_plus_ab,linear_multi,0.923333333,0.068788467,0.976647217,3812.591411,123.5431945,0,300,normal,"(200, 1000)",[[0.98333333 0.95       0.9        0.96666667 0.81666667]],50,adam,1,0.023352251,10
jackknife_plus_ab,linear_multi,0.916666667,0.070214951,0.976163217,3803.614593,118.0890341,0.2,300,normal,"(200, 1000)",[[0.96666667 0.93333333 0.93333333 0.93333333 0.81666667]],50,adam,1,0.023836512,10
jackknife_plus_ab,linear_multi,0.91,0.072855703,0.97526691,3794.870486,129.7524054,0.5,300,normal,"(200, 1000)",[[1.         1.         0.96666667 0.9        0.68333333]],50,adam,1,0.024732993,10
jackknife_plus_ab,linear_multi,0.91,0.074630996,0.974664235,3789.616296,138.3105452,1,300,normal,"(200, 1000)",[[1.         0.96666667 0.96666667 0.95       0.66666667]],50,adam,1,0.025335667,10
split,poly_multi,0.976666667,0.073392729,0.974806668,3843.6947,3.347497463,0,300,normal,"(200, 1000)",999,50,adam,1,0.025187603,3
split,poly_multi,0.706666667,0.030185771,0.989603575,3967.245588,3.790459871,0.2,300,normal,"(200, 1000)",999,50,adam,1,0.010359435,3
split,poly_multi,0.82,0.047819302,0.98358263,3916.25561,3.630031824,0.5,300,normal,"(200, 1000)",999,50,adam,1,0.016411075,3
split,poly_multi,0.87,0.094739828,0.96748543,3792.935384,3.956327915,1,300,normal,"(200, 1000)",999,50,adam,1,0.0325137,3
split_resid_norm,poly_multi,0.933333333,0.126764358,0.95649476,3685.033054,3.394013643,0,300,normal,"(200, 1000)",[[0.68333333 0.98333333 1.         1.         1.        ]],50,adam,1,0.043504177,3
split_resid_norm,poly_multi,0.933333333,1.096483379,0.623697893,2427.042519,4.114537001,0.2,300,normal,"(200, 1000)",[[0.66666667 1.         1.         1.         1.        ]],50,adam,1,0.376301414,3
split_resid_norm,poly_multi,0.943333333,0.100295839,0.965577723,3770.033909,3.8673985,0.5,300,normal,"(200, 1000)",[[0.85       0.86666667 1.         1.         1.        ]],50,adam,1,0.034420464,3
split_resid_norm,poly_multi,0.893333333,0.087070387,0.970118328,3801.89262,4.247656345,1,300,normal,"(200, 1000)",[[0.65       0.81666667 1.         1.         1.        ]],50,adam,1,0.029881629,3
jackknife_plus_ab,poly_multi,0.903333333,0.059177788,0.979690803,3876.669487,97.33540416,0,300,normal,"(200, 1000)",[[0.98333333 0.98333333 0.96666667 0.85       0.73333333]],50,adam,1,0.020309186,3
jackknife_plus_ab,poly_multi,0.896666667,0.063751452,0.97812117,3862.243051,96.70070624,0.2,300,normal,"(200, 1000)",[[0.81666667 0.95       0.93333333 0.91666667 0.86666667]],50,adam,1,0.021878819,3
jackknife_plus_ab,poly_multi,0.906666667,0.068288695,0.976564004,3848.866265,91.60943437,0.5,300,normal,"(200, 1000)",[[0.96666667 0.93333333 0.9        0.88333333 0.85      ]],50,adam,1,0.023435953,3
jackknife_plus_ab,poly_multi,0.91,0.059426272,0.979605439,3878.756556,97.58746028,1,300,normal,"(200, 1000)",[[1.         0.95       0.95       0.83333333 0.81666667]],50,adam,1,0.020394463,3
split,poly_multi,0.983333333,0.586696069,0.923808203,8196.238548,8.421277285,0,300,normal,"(200, 1000)",999,50,adam,1,0.076185382,5
split,poly_multi,0.91,0.369693095,0.951993431,8716.860034,7.723791599,0.2,300,normal,"(200, 1000)",999,50,adam,1,0.048006474,5
split,poly_multi,0.956666667,0.371900698,0.951703802,8740.062455,10.23045206,0.5,300,normal,"(200, 1000)",999,50,adam,1,0.048293142,5
split,poly_multi,0.993333333,0.57369289,0.925495083,8150.095484,9.303588629,1,300,normal,"(200, 1000)",999,50,adam,1,0.074496855,5
split_resid_norm,poly_multi,0.946666667,1.287590827,0.832798159,6845.592119,7.911032677,0,300,normal,"(200, 1000)",[[0.76666667 0.98333333 0.98333333 1.         1.        ]],50,adam,1,0.167200027,5
split_resid_norm,poly_multi,0.95,8161.963705,-1058.868644,10077.94191,7.77504015,0.2,300,normal,"(200, 1000)",[[0.75 1.   1.   1.   1.  ]],50,adam,1,1059.871291,5
split_resid_norm,poly_multi,0.893333333,1.374915332,0.821460418,6476.661992,7.058719158,0.5,300,normal,"(200, 1000)",[[0.53333333 0.93333333 1.         1.         1.        ]],50,adam,1,0.178539545,5
split_resid_norm,poly_multi,0.94,0.615532102,0.920068645,8086.178034,7.949979544,1,300,normal,"(200, 1000)",[[0.78333333 0.96666667 0.96666667 0.98333333 1.        ]],50,adam,1,0.079929883,5
jackknife_plus_ab,poly_multi,0.9,0.2919537,0.96208837,8902.057092,231.9467933,0,300,normal,"(200, 1000)",[[0.93333333 0.95       0.93333333 0.93333333 0.75      ]],50,adam,1,0.03791163,5
jackknife_plus_ab,poly_multi,0.906666667,0.285583509,0.962915528,8947.566403,235.7070704,0.2,300,normal,"(200, 1000)",[[0.96666667 0.95       0.95       0.9        0.76666667]],50,adam,1,0.037084429,5
jackknife_plus_ab,poly_multi,0.936666667,0.296823768,0.961454675,8885.067157,235.0410647,0.5,300,normal,"(200, 1000)",[[1.         1.         0.98333333 0.93333333 0.76666667]],50,adam,1,0.038544032,5
jackknife_plus_ab,poly_multi,0.896666667,0.27305243,0.964542783,8981.564989,237.9598362,1,300,normal,"(200, 1000)",[[1.         0.88333333 0.96666667 0.95       0.68333333]],50,adam,1,0.035457206,5
split,poly_multi,0.726666667,4.249369621,0.780512561,8978.073996,1.219539642,0,300,normal,"(200, 1000)",999,50,adam,1,0.219463988,10
split,poly_multi,0.92,6.042959766,0.687903539,5845.308403,1.047175169,0.2,300,normal,"(200, 1000)",999,50,adam,1,0.312096186,10
split,poly_multi,0.98,5.916492144,0.694430948,8562.882567,5.280347824,0.5,300,normal,"(200, 1000)",999,50,adam,1,0.305564608,10
split,poly_multi,0.98,8.336230091,0.569461366,4597.487124,2.92556572,1,300,normal,"(200, 1000)",999,50,adam,1,0.430534989,10
split_resid_norm,poly_multi,0.893333333,18.53887075,0.042536921,8099.888956,5.317943811,0,300,normal,"(200, 1000)",[[0.58333333 0.9        0.98333333 1.         1.        ]],50,adam,1,0.957463077,10
split_resid_norm,poly_multi,0.973333333,1115.416586,-56.60677487,2392.223267,1.965211868,0.2,300,normal,"(200, 1000)",[[0.86666667 1.         1.         1.         1.        ]],50,adam,1,57.60707929,10
split_resid_norm,poly_multi,0.976666667,13199.98974,-680.7259147,14390.55884,1.364276886,0.5,300,normal,"(200, 1000)",[[0.88333333 1.         1.         1.         1.        ]],50,adam,1,681.7299159,10
split_resid_norm,poly_multi,0.963333333,287.9712297,-13.8725773,1985.103861,1.654247522,1,300,normal,"(200, 1000)",[[0.81666667 1.         1.         1.         1.        ]],50,adam,1,14.87263294,10
jackknife_plus_ab,poly_multi,0.91,3.41130854,0.823818638,12114.27561,174.6131203,0,300,normal,"(200, 1000)",[[0.96666667 0.96666667 0.98333333 0.93333333 0.7       ]],50,adam,1,0.17618128,10
jackknife_plus_ab,poly_multi,0.903333333,3.299468122,0.829594849,12681.54186,189.9093304,0.2,300,normal,"(200, 1000)",[[0.86666667 0.95       0.96666667 0.91666667 0.81666667]],50,adam,1,0.170405142,10
jackknife_plus_ab,poly_multi,0.9,3.201924564,0.834632617,12872.85638,201.8720398,0.5,300,normal,"(200, 1000)",[[0.96666667 0.96666667 0.95       0.9        0.71666667]],50,adam,1,0.165367383,10
jackknife_plus_ab,poly_multi,0.923333333,3.270679065,0.831081252,12821.60225,191.2298596,1,300,normal,"(200, 1000)",[[0.98333333 0.98333333 0.96666667 0.93333333 0.75      ]],50,adam,1,0.168918295,10
split,non_linear_multi,0.94,0.00766024,0.978434159,518.9117151,5.610984087,0,300,normal,"(200, 1000)",999,50,adam,1,0.021564275,3
split,non_linear_multi,0.973333333,0.010617294,0.970106128,509.9561003,5.171802521,0.2,300,normal,"(200, 1000)",999,50,adam,1,0.029888655,3
split,non_linear_multi,0.94,0.011452575,0.967758406,508.0875403,4.772961617,0.5,300,normal,"(200, 1000)",999,50,adam,1,0.032240046,3
split,non_linear_multi,0.916666667,0.008954726,0.974791357,514.9315572,4.929239273,1,300,normal,"(200, 1000)",999,50,adam,1,0.025208372,3
split_resid_norm,non_linear_multi,0.936666667,0.040914365,0.884821133,430.8219029,5.214034796,0,300,normal,"(200, 1000)",[[0.7        0.98333333 1.         1.         1.        ]],50,adam,1,0.115177678,3
split_resid_norm,non_linear_multi,0.906666667,0.010897312,0.969323027,509.7160381,4.724963903,0.2,300,normal,"(200, 1000)",[[0.73333333 0.88333333 0.95       0.96666667 1.        ]],50,adam,1,0.03067693,3
split_resid_norm,non_linear_multi,0.93,0.027918861,0.921405025,461.9420562,5.515781164,0.5,300,normal,"(200, 1000)",[[0.71666667 0.93333333 1.         1.         1.        ]],50,adam,1,0.078594146,3
split_resid_norm,non_linear_multi,0.976666667,0.191553106,0.460757781,273.0794065,5.504586458,1,300,normal,"(200, 1000)",[[0.88333333 1.         1.         1.         1.        ]],50,adam,1,0.539239511,3
jackknife_plus_ab,non_linear_multi,0.933333333,0.008492848,0.976090773,516.3382122,137.2848225,0,300,normal,"(200, 1000)",[[0.98333333 0.98333333 0.96666667 0.96666667 0.76666667]],50,adam,1,0.023908143,3
jackknife_plus_ab,non_linear_multi,0.923333333,0.006623989,0.98135233,521.5543336,134.4769263,0.2,300,normal,"(200, 1000)",[[0.96666667 0.98333333 0.9        0.93333333 0.83333333]],50,adam,1,0.018647136,3
jackknife_plus_ab,non_linear_multi,0.923333333,0.007957265,0.977599039,518.207616,133.7348127,0.5,300,normal,"(200, 1000)",[[1.         0.95       0.95       0.9        0.81666667]],50,adam,1,0.022400428,3
jackknife_plus_ab,non_linear_multi,0.903333333,0.006530747,0.981615338,521.8721772,135.7717531,1,300,normal,"(200, 1000)",[[0.96666667 0.91666667 0.96666667 0.88333333 0.78333333]],50,adam,1,0.018384651,3
split,non_linear_multi,0.963333333,0.041802144,0.973092193,1886.155716,6.418093204,0,300,normal,"(200, 1000)",999,50,adam,1,0.026903904,5
split,non_linear_multi,0.976666667,0.04581021,0.970510796,1873.983633,7.41588974,0.2,300,normal,"(200, 1000)",999,50,adam,1,0.0294835,5
split,non_linear_multi,0.963333333,0.037988663,0.975546543,1898.916444,7.076681614,0.5,300,normal,"(200, 1000)",999,50,adam,1,0.024449544,5
split,non_linear_multi,0.946666667,0.029101353,0.981268201,1924.417709,6.443101883,1,300,normal,"(200, 1000)",999,50,adam,1,0.018729662,5
split_resid_norm,non_linear_multi,0.896666667,0.061697606,0.960291344,1835.241483,6.534285545,0,300,normal,"(200, 1000)",[[0.56666667 0.91666667 1.         1.         1.        ]],50,adam,1,0.039708645,5
split_resid_norm,non_linear_multi,0.976666667,0.87368983,0.437689721,1061.464174,6.401012421,0.2,300,normal,"(200, 1000)",[[0.88333333 1.         1.         1.         1.        ]],50,adam,1,0.562307706,5
split_resid_norm,non_linear_multi,0.87,0.061628255,0.960335125,1836.886719,6.319818735,0.5,300,normal,"(200, 1000)",[[0.51666667 0.85       0.98333333 1.         1.        ]],50,adam,1,0.03966401,5
split_resid_norm,non_linear_multi,0.943333333,210781662.5,-135659046.9,210781935,7.622024059,1,300,normal,"(200, 1000)",[[0.71666667 1.         1.         1.         1.        ]],50,adam,1,135659302.7,5
jackknife_plus_ab,non_linear_multi,0.963333333,0.059729871,0.961553934,1822.904791,152.4145246,0,300,normal,"(200, 1000)",[[1.         1.         0.98333333 0.9        0.93333333]],50,adam,1,0.038442209,5
jackknife_plus_ab,non_linear_multi,0.95,0.04762303,0.969347344,1860.790065,156.5495398,0.2,300,normal,"(200, 1000)",[[0.93333333 0.98333333 0.96666667 0.93333333 0.93333333]],50,adam,1,0.030650233,5
jackknife_plus_ab,non_linear_multi,0.966666667,0.054516569,0.96490879,1837.909236,159.0185423,0.5,300,normal,"(200, 1000)",[[1.         1.         0.96666667 0.91666667 0.95      ]],50,adam,1,0.035086922,5
jackknife_plus_ab,non_linear_multi,0.96,0.070928962,0.954346609,1786.841269,155.1346996,1,300,normal,"(200, 1000)",[[1.         0.98333333 1.         0.91666667 0.9       ]],50,adam,1,0.045649956,5
split,non_linear_multi,0.976666667,0.170167945,0.944978244,3657.139511,9.069592476,0,300,normal,"(200, 1000)",999,50,adam,1,0.055016201,10
split,non_linear_multi,0.92,0.141095866,0.954382574,3747.76426,8.253073215,0.2,300,normal,"(200, 1000)",999,50,adam,1,0.045617044,10
split,non_linear_multi,0.976666667,0.179231762,0.942047881,3637.009504,8.892334461,0.5,300,normal,"(200, 1000)",999,50,adam,1,0.057946582,10
split,non_linear_multi,0.973333333,0.174168476,0.943685331,3662.403774,8.796854258,1,300,normal,"(200, 1000)",999,50,adam,1,0.056309595,10
split_resid_norm,non_linear_multi,0.953333333,14.2917127,-3.620576417,1568.90906,9.160452127,0,300,normal,"(200, 1000)",[[0.76666667 1.         1.         1.         1.        ]],50,adam,1,4.620586715,10
split_resid_norm,non_linear_multi,0.97,92783.60104,-29996.28463,93258.75433,8.830327511,0.2,300,normal,"(200, 1000)",[[0.85 1.   1.   1.   1.  ]],50,adam,1,29997.43161,10
split_resid_norm,non_linear_multi,0.93,13.05791573,-3.221690694,1729.454624,8.939766407,0.5,300,normal,"(200, 1000)",[[0.65 1.   1.   1.   1.  ]],50,adam,1,4.221693593,10
split_resid_norm,non_linear_multi,0.88,0.531594118,0.828132463,2945.445532,9.123803616,1,300,normal,"(200, 1000)",[[0.46666667 0.93333333 1.         1.         1.        ]],50,adam,1,0.171867205,10
jackknife_plus_ab,non_linear_multi,0.933333333,0.150237241,0.951426444,3724.223021,230.0786867,0,300,normal,"(200, 1000)",[[0.95       0.98333333 0.91666667 0.95       0.86666667]],50,adam,1,0.048572499,10
jackknife_plus_ab,non_linear_multi,0.933333333,0.150356272,0.951387961,3724.444835,228.9870846,0.2,300,normal,"(200, 1000)",[[0.95       0.98333333 0.95       0.95       0.83333333]],50,adam,1,0.048610982,10
jackknife_plus_ab,non_linear_multi,0.913333333,0.123095958,0.960202251,3797.353535,238.454195,0.5,300,normal,"(200, 1000)",[[1.         0.96666667 0.91666667 0.91666667 0.76666667]],50,adam,1,0.039797578,10
jackknife_plus_ab,non_linear_multi,0.906666667,0.129589999,0.958102822,3781.839054,225.2677567,1,300,normal,"(200, 1000)",[[0.91666667 0.96666667 0.9        0.91666667 0.83333333]],50,adam,1,0.041897136,10
split,linear_multi,0.934,0.009549599,0.989980548,2298.317098,3.91422987,0,500,normal,"(200, 1000)",999,50,adam,1,0.010018308,3
split,linear_multi,0.928,0.011951272,0.987461367,2284.451336,3.42254281,0.2,500,normal,"(200, 1000)",999,50,adam,1,0.012537859,3
split,linear_multi,0.918,0.01245793,0.986930296,2279.545204,2.89454484,0.5,500,normal,"(200, 1000)",999,50,adam,1,0.013069384,3
split,linear_multi,0.96,0.021946601,0.976972708,2244.789992,4.026142597,1,500,normal,"(200, 1000)",999,50,adam,1,0.023023775,3
split_resid_norm,linear_multi,0.978,0.093638292,0.901760307,1927.475411,3.255199671,0,500,normal,"(200, 1000)",[[0.89 1.   1.   1.   1.  ]],50,adam,1,0.098234207,3
split_resid_norm,linear_multi,0.912,0.060229893,0.936813794,2071.62663,2.984777451,0.2,500,normal,"(200, 1000)",[[0.57 0.99 1.   1.   1.  ]],50,adam,1,0.063186071,3
split_resid_norm,linear_multi,0.938,0.025384559,0.973368121,2224.071394,3.534435034,0.5,500,normal,"(200, 1000)",[[0.72 0.98 0.99 1.   1.  ]],50,adam,1,0.026630473,3
split_resid_norm,linear_multi,0.95,0.052984081,0.944413016,2106.439873,3.637877941,1,500,normal,"(200, 1000)",[[0.78 0.98 0.99 1.   1.  ]],50,adam,1,0.055584623,3
jackknife_plus_ab,linear_multi,0.908,0.009189037,0.990359887,2301.314298,83.97831488,0,500,normal,"(200, 1000)",[[0.87 0.93 0.92 0.95 0.87]],50,adam,1,0.00964005,3
jackknife_plus_ab,linear_multi,0.908,0.008365935,0.991223389,2305.411543,78.81852579,0.2,500,normal,"(200, 1000)",[[0.94 0.92 0.95 0.89 0.84]],50,adam,1,0.008776548,3
jackknife_plus_ab,linear_multi,0.896,0.009128791,0.990423137,2302.253147,76.75522566,0.5,500,normal,"(200, 1000)",[[0.97 0.91 0.93 0.85 0.82]],50,adam,1,0.009576847,3
jackknife_plus_ab,linear_multi,0.9,0.015656797,0.983574743,2269.640998,98.97244549,1,500,normal,"(200, 1000)",[[0.91 0.91 0.95 0.94 0.79]],50,adam,1,0.016425257,3
split,linear_multi,0.914,0.047627157,0.98127827,5158.868998,4.346306324,0,500,normal,"(200, 1000)",999,50,adam,1,0.018721538,5
split,linear_multi,0.94,0.055319752,0.97825305,5114.195227,4.061654091,0.2,500,normal,"(200, 1000)",999,50,adam,1,0.021745385,5
split,linear_multi,0.906,0.043246324,0.983000468,5158.134981,4.125142097,0.5,500,normal,"(200, 1000)",999,50,adam,1,0.016999497,5
split,linear_multi,0.948,0.05416442,0.978706505,5126.242379,4.74387145,1,500,normal,"(200, 1000)",999,50,adam,1,0.02129124,5
split_resid_norm,linear_multi,0.956,0.115535749,0.954581595,4819.061365,4.926729918,0,500,normal,"(200, 1000)",[[0.8  0.99 0.99 1.   1.  ]],50,adam,1,0.045415411,5
split_resid_norm,linear_multi,0.904,0.455041197,0.821129955,3889.966191,4.168023109,0.2,500,normal,"(200, 1000)",[[0.56 0.96 1.   1.   1.  ]],50,adam,1,0.178870032,5
split_resid_norm,linear_multi,0.944,5.506136148,-1.164379246,2446.449521,4.776795864,0.5,500,normal,"(200, 1000)",[[0.72 1.   1.   1.   1.  ]],50,adam,1,2.1643815,5
split_resid_norm,linear_multi,0.97,1.044548641,0.589400335,3165.929562,4.139212132,1,500,normal,"(200, 1000)",[[0.85 1.   1.   1.   1.  ]],50,adam,1,0.410596777,5
jackknife_plus_ab,linear_multi,0.902,0.041351543,0.98374531,5173.889439,115.5954039,0,500,normal,"(200, 1000)",[[0.9  0.89 0.94 0.94 0.84]],50,adam,1,0.016254686,5
jackknife_plus_ab,linear_multi,0.898,0.040113889,0.984231814,5182.239933,110.5894589,0.2,500,normal,"(200, 1000)",[[0.9  0.9  0.95 0.9  0.84]],50,adam,1,0.015768182,5
jackknife_plus_ab,linear_multi,0.906,0.038105883,0.9850211,5192.152807,114.3745422,0.5,500,normal,"(200, 1000)",[[0.93 0.94 0.95 0.86 0.85]],50,adam,1,0.014978865,5
jackknife_plus_ab,linear_multi,0.914,0.032333594,0.987289944,5221.746809,119.3759673,1,500,normal,"(200, 1000)",[[1.   0.96 0.95 0.9  0.76]],50,adam,1,0.012709863,5
split,linear_multi,0.918,0.082439382,0.973425415,5678.252004,6.054790497,0,500,normal,"(200, 1000)",999,50,adam,1,0.02657427,10
split,linear_multi,0.92,0.080839281,0.973941132,5694.647205,6.753526449,0.2,500,normal,"(200, 1000)",999,50,adam,1,0.026058479,10
split,linear_multi,0.958,0.099011784,0.968080373,5613.698268,5.409137011,0.5,500,normal,"(200, 1000)",999,50,adam,1,0.031916371,10
split,linear_multi,0.97,0.093286493,0.96992442,5625.801046,7.413208485,1,500,normal,"(200, 1000)",999,50,adam,1,0.030070827,10
split_resid_norm,linear_multi,0.916,0.924830103,0.701881565,3965.513816,6.731506348,0,500,normal,"(200, 1000)",[[0.61 0.97 1.   1.   1.  ]],50,adam,1,0.298118255,10
split_resid_norm,linear_multi,0.914,0.249142759,0.919688848,5003.754923,8.032000065,0.2,500,normal,"(200, 1000)",[[0.62 0.95 1.   1.   1.  ]],50,adam,1,0.080310972,10
split_resid_norm,linear_multi,0.976,866.6773874,-278.371165,2094.727542,6.688223839,0.5,500,normal,"(200, 1000)",[[0.88 1.   1.   1.   1.  ]],50,adam,1,279.3727729,10
split_resid_norm,linear_multi,0.974,2224136.52,-716943.7287,2224826.713,7.399244547,1,500,normal,"(200, 1000)",[[0.87 1.   1.   1.   1.  ]],50,adam,1,716948.6547,10
jackknife_plus_ab,linear_multi,0.902,0.05810735,0.981269138,5786.67728,146.4955389,0,500,normal,"(200, 1000)",[[0.94 0.93 0.92 0.92 0.8 ]],50,adam,1,0.018730858,10
jackknife_plus_ab,linear_multi,0.906,0.055505102,0.982107939,5802.161773,154.9698672,0.2,500,normal,"(200, 1000)",[[0.94 0.92 0.94 0.9  0.83]],50,adam,1,0.017892026,10
jackknife_plus_ab,linear_multi,0.904,0.056791173,0.981693394,5798.874903,153.0768175,0.5,500,normal,"(200, 1000)",[[0.97 0.92 0.97 0.91 0.75]],50,adam,1,0.01830659,10
jackknife_plus_ab,linear_multi,0.904,0.053241027,0.982837781,5817.953655,167.3833075,1,500,normal,"(200, 1000)",[[0.96 0.95 0.93 0.89 0.79]],50,adam,1,0.017162203,10
split,poly_multi,0.88,0.043051894,0.982647547,5388.906232,5.299495935,0,500,normal,"(200, 1000)",999,50,adam,1,0.01735206,3
split,poly_multi,0.864,0.0384456,0.98450323,5406.972269,5.262260437,0.2,500,normal,"(200, 1000)",999,50,adam,1,0.015495494,3
split,poly_multi,0.904,0.038287997,0.984568012,5410.109447,5.882084131,0.5,500,normal,"(200, 1000)",999,50,adam,1,0.015431973,3
split,poly_multi,0.908,0.03281842,0.986772477,5426.735621,6.322314262,1,500,normal,"(200, 1000)",999,50,adam,1,0.01322746,3
split_resid_norm,poly_multi,0.866,0.037424976,0.984914729,5411.642572,6.637296915,0,500,normal,"(200, 1000)",[[0.72 0.83 0.91 0.88 0.99]],50,adam,1,0.015084132,3
split_resid_norm,poly_multi,0.886,0.112357846,0.954713997,5062.480789,5.032490969,0.2,500,normal,"(200, 1000)",[[0.61 0.87 0.95 1.   1.  ]],50,adam,1,0.045285816,3
split_resid_norm,poly_multi,0.98,0.094966688,0.961717533,5138.222683,5.593215942,0.5,500,normal,"(200, 1000)",[[0.93 0.99 0.98 1.   1.  ]],50,adam,1,0.038276312,3
split_resid_norm,poly_multi,0.944,0.159749662,0.935611107,4843.561672,5.206000566,1,500,normal,"(200, 1000)",[[0.76 0.98 0.98 1.   1.  ]],50,adam,1,0.064387081,3
jackknife_plus_ab,poly_multi,0.906,0.037016617,0.985080422,5414.440466,129.1944361,0,500,normal,"(200, 1000)",[[0.87 0.91 0.93 0.92 0.9 ]],50,adam,1,0.014919543,3
jackknife_plus_ab,poly_multi,0.906,0.037333504,0.9849527,5413.638244,127.7457573,0.2,500,normal,"(200, 1000)",[[0.91 0.89 0.92 0.95 0.86]],50,adam,1,0.015047264,3
jackknife_plus_ab,poly_multi,0.898,0.035630468,0.98563914,5417.984024,132.3661184,0.5,500,normal,"(200, 1000)",[[0.96 0.95 0.93 0.89 0.76]],50,adam,1,0.014360856,3
jackknife_plus_ab,poly_multi,0.904,0.036215165,0.985403467,5415.696574,127.5198052,1,500,normal,"(200, 1000)",[[0.95 0.98 0.91 0.93 0.75]],50,adam,1,0.014596518,3
split,poly_multi,0.89,0.812620112,0.893814542,12430.14148,8.707826138,0,500,normal,"(200, 1000)",999,50,adam,1,0.106185369,5
split,poly_multi,0.944,0.412498974,0.946096776,14467.49382,10.27189088,0.2,500,normal,"(200, 1000)",999,50,adam,1,0.053901393,5
split,poly_multi,0.976,0.610971566,0.920158806,13645.46635,10.45713067,0.5,500,normal,"(200, 1000)",999,50,adam,1,0.079835879,5
split,poly_multi,0.968,0.497930697,0.93493089,14056.71841,10.38926768,1,500,normal,"(200, 1000)",999,50,adam,1,0.065064787,5
split_resid_norm,poly_multi,0.918,1.816484819,0.762639014,10630.2865,12.20379043,0,500,normal,"(200, 1000)",[[0.63 0.96 1.   1.   1.  ]],50,adam,1,0.237360739,5
split_resid_norm,poly_multi,0.906,0.826258172,0.892032509,12971.03773,11.2143662,0.2,500,normal,"(200, 1000)",[[0.63 0.92 0.98 1.   1.  ]],50,adam,1,0.107967459,5
split_resid_norm,poly_multi,0.922,0.6370673,0.916753738,13572.3758,11.65411496,0.5,500,normal,"(200, 1000)",[[0.7  0.92 0.99 1.   1.  ]],50,adam,1,0.083245818,5
split_resid_norm,poly_multi,0.978,1.665350396,0.782383291,10346.77504,10.68896484,1,500,normal,"(200, 1000)",[[0.91 0.98 1.   1.   1.  ]],50,adam,1,0.217611949,5
jackknife_plus_ab,poly_multi,0.906,0.21391045,0.972048208,15463.04785,308.2059231,0,500,normal,"(200, 1000)",[[0.95 0.91 0.96 0.9  0.81]],50,adam,1,0.027951757,5
jackknife_plus_ab,poly_multi,0.918,0.233405751,0.969500471,15346.30428,306.7686713,0.2,500,normal,"(200, 1000)",[[0.96 0.95 0.94 0.97 0.77]],50,adam,1,0.030499215,5
jackknife_plus_ab,poly_multi,0.902,0.219382384,0.971333219,15432.99082,309.6041193,0.5,500,normal,"(200, 1000)",[[0.92 0.93 0.89 0.92 0.85]],50,adam,1,0.028666777,5
jackknife_plus_ab,poly_multi,0.9,0.21862207,0.971432574,15434.74566,303.8385124,1,500,normal,"(200, 1000)",[[0.96 0.93 0.94 0.92 0.75]],50,adam,1,0.028567426,5
split,poly_multi,0.89,3.508186001,0.827323483,20816.24172,14.07380128,0,500,normal,"(200, 1000)",999,50,adam,1,0.172676434,10
split,poly_multi,0.924,4.956747166,0.756023497,15030.16539,10.22858691,0.2,500,normal,"(200, 1000)",999,50,adam,1,0.243976067,10
split,poly_multi,0.902,3.938791058,0.80612875,18713.46709,11.8198452,0.5,500,normal,"(200, 1000)",999,50,adam,1,0.193871247,10
split,poly_multi,0.892,3.59964702,0.82282171,21217.89176,13.27125788,1,500,normal,"(200, 1000)",999,50,adam,1,0.177178237,10
split_resid_norm,poly_multi,0.976,32.37519656,-0.593536221,6427.948961,12.48656201,0,500,normal,"(200, 1000)",[[0.88 1.   1.   1.   1.  ]],50,adam,1,1.593539649,10
split_resid_norm,poly_multi,0.966,3036.829678,-148.4751561,6054.422441,14.50583696,0.2,500,normal,"(200, 1000)",[[0.83 1.   1.   1.   1.  ]],50,adam,1,149.4758029,10
split_resid_norm,poly_multi,0.882,21.00360699,-0.033818593,8800.294357,9.555549145,0.5,500,normal,"(200, 1000)",[[0.51 0.91 0.99 1.   1.  ]],50,adam,1,1.033818604,10
split_resid_norm,poly_multi,0.948,828.5717458,-39.78304077,4788.283479,10.37244511,1,500,normal,"(200, 1000)",[[0.74 1.   1.   1.   1.  ]],50,adam,1,40.78313243,10
jackknife_plus_ab,poly_multi,0.918,2.130801829,0.895119507,27689.04766,384.6902344,0,500,normal,"(200, 1000)",[[0.97 0.95 0.95 0.94 0.78]],50,adam,1,0.104880203,10
jackknife_plus_ab,poly_multi,0.91,2.115302069,0.895882621,27645.515,398.6528847,0.2,500,normal,"(200, 1000)",[[0.97 0.96 0.94 0.96 0.72]],50,adam,1,0.10411729,10
jackknife_plus_ab,poly_multi,0.91,2.115997112,0.89584841,27826.30302,391.1829786,0.5,500,normal,"(200, 1000)",[[0.98 0.98 0.93 0.93 0.73]],50,adam,1,0.1041515,10
jackknife_plus_ab,poly_multi,0.914,2.244882253,0.889504469,26938.68216,376.4705923,1,500,normal,"(200, 1000)",[[0.95 0.94 0.96 0.95 0.77]],50,adam,1,0.110495356,10
split,non_linear_multi,0.952,0.030866949,0.971011264,2489.517036,5.695285082,0,500,normal,"(200, 1000)",999,50,adam,1,0.02898611,3
split,non_linear_multi,0.822,0.012869789,0.987908405,2578.401047,6.490289211,0.2,500,normal,"(200, 1000)",999,50,adam,1,0.012085585,3
split,non_linear_multi,0.856,0.015269056,0.985659437,2564.658538,6.221297264,0.5,500,normal,"(200, 1000)",999,50,adam,1,0.014338655,3
split,non_linear_multi,0.928,0.019695465,0.981503884,2537.225744,5.578891993,1,500,normal,"(200, 1000)",999,50,adam,1,0.018495346,3
split_resid_norm,non_linear_multi,0.912,0.025015783,0.976508382,2520.282867,6.029355526,0,500,normal,"(200, 1000)",[[0.65 0.92 0.99 1.   1.  ]],50,adam,1,0.023491478,3
split_resid_norm,non_linear_multi,0.94,0.045733906,0.9570513,2420.833836,5.808208227,0.2,500,normal,"(200, 1000)",[[0.74 0.97 0.99 1.   1.  ]],50,adam,1,0.042947168,3
split_resid_norm,non_linear_multi,0.942,0.024492418,0.976998274,2518.295719,6.806394339,0.5,500,normal,"(200, 1000)",[[0.82 0.96 0.94 0.99 1.  ]],50,adam,1,0.023000003,3
split_resid_norm,non_linear_multi,0.954,0.025850059,0.975722237,2513.877853,6.557075739,1,500,normal,"(200, 1000)",[[0.92 0.94 0.98 0.94 0.99]],50,adam,1,0.024274918,3
jackknife_plus_ab,non_linear_multi,0.906,0.012019369,0.988712981,2577.774019,143.6443243,0,500,normal,"(200, 1000)",[[0.94 0.92 0.94 0.91 0.82]],50,adam,1,0.011286984,3
jackknife_plus_ab,non_linear_multi,0.904,0.012495824,0.988265577,2576.015799,142.185704,0.2,500,normal,"(200, 1000)",[[0.95 0.96 0.92 0.89 0.8 ]],50,adam,1,0.011734407,3
jackknife_plus_ab,non_linear_multi,0.906,0.012140327,0.988599393,2577.631105,140.8094957,0.5,500,normal,"(200, 1000)",[[0.96 0.91 0.91 0.91 0.84]],50,adam,1,0.011400571,3
jackknife_plus_ab,non_linear_multi,0.908,0.012451124,0.988307506,2575.929059,141.8713815,1,500,normal,"(200, 1000)",[[0.98 0.93 0.92 0.87 0.84]],50,adam,1,0.01169243,3
split,non_linear_multi,0.848,0.150748597,0.942163381,4833.775406,6.190116167,0,500,normal,"(200, 1000)",999,50,adam,1,0.057834072,5
split,non_linear_multi,0.952,0.176014773,0.932470144,4788.81107,7.077720165,0.2,500,normal,"(200, 1000)",999,50,adam,1,0.067527334,5
split,non_linear_multi,0.952,0.152230719,0.941594773,4940.204785,9.061616421,0.5,500,normal,"(200, 1000)",999,50,adam,1,0.058402681,5
split,non_linear_multi,0.846,0.127579915,0.951051723,5035.419142,7.464789629,1,500,normal,"(200, 1000)",999,50,adam,1,0.048945503,5
split_resid_norm,non_linear_multi,0.894,0.227871775,0.91257791,4547.417527,6.473427534,0,500,normal,"(200, 1000)",[[0.62 0.88 0.97 1.   1.  ]],50,adam,1,0.087422058,5
split_resid_norm,non_linear_multi,0.916,0.141689325,0.945641239,4973.361658,7.87019062,0.2,500,normal,"(200, 1000)",[[0.74 0.9  0.96 0.98 1.  ]],50,adam,1,0.054358519,5
split_resid_norm,non_linear_multi,0.988,0.245950875,0.905634958,4516.250578,8.752497673,0.5,500,normal,"(200, 1000)",[[0.94 1.   1.   1.   1.  ]],50,adam,1,0.094358029,5
split_resid_norm,non_linear_multi,0.952,1.339280761,0.486189199,3005.427564,8.680474281,1,500,normal,"(200, 1000)",[[0.76 1.   1.   1.   1.  ]],50,adam,1,0.513809487,5
jackknife_plus_ab,non_linear_multi,0.904,0.057721788,0.977855261,5353.704715,251.5574737,0,500,normal,"(200, 1000)",[[0.98 0.96 0.95 0.9  0.73]],50,adam,1,0.022144724,5
jackknife_plus_ab,non_linear_multi,0.908,0.05655054,0.978304558,5356.019426,252.5716805,0.2,500,normal,"(200, 1000)",[[0.99 0.95 0.95 0.91 0.74]],50,adam,1,0.021695379,5
jackknife_plus_ab,non_linear_multi,0.904,0.060621632,0.976742748,5335.077324,254.5382826,0.5,500,normal,"(200, 1000)",[[0.94 0.98 0.96 0.9  0.74]],50,adam,1,0.023257237,5
jackknife_plus_ab,non_linear_multi,0.9,0.072108768,0.972335771,5276.292069,236.8516519,1,500,normal,"(200, 1000)",[[0.92 0.95 0.95 0.91 0.77]],50,adam,1,0.027664229,5
split,non_linear_multi,0.846,0.348496447,0.903931383,6210.359859,3.241227388,0,500,normal,"(200, 1000)",999,50,adam,1,0.096065981,10
split,non_linear_multi,0.95,0.396288821,0.890757422,5791.215921,4.808216572,0.2,500,normal,"(200, 1000)",999,50,adam,1,0.109240351,10
split,non_linear_multi,0.956,0.293980797,0.918958835,6163.723932,6.223851442,0.5,500,normal,"(200, 1000)",999,50,adam,1,0.081038283,10
split,non_linear_multi,0.912,0.187527308,0.948306382,6617.90541,8.709428787,1,500,normal,"(200, 1000)",999,50,adam,1,0.051693482,10
split_resid_norm,non_linear_multi,0.924,1.612005557,0.555636771,3746.554829,4.654512405,0,500,normal,"(200, 1000)",[[0.64 0.98 1.   1.   1.  ]],50,adam,1,0.444362909,10
split_resid_norm,non_linear_multi,0.968,4.160029977,-0.146746622,2639.353,6.550063848,0.2,500,normal,"(200, 1000)",[[0.84 1.   1.   1.   1.  ]],50,adam,1,1.146747301,10
split_resid_norm,non_linear_multi,0.94,7.348830699,-1.025765436,3087.298192,8.418296099,0.5,500,normal,"(200, 1000)",[[0.7 1.  1.  1.  1. ]],50,adam,1,2.025767077,10
split_resid_norm,non_linear_multi,0.98,160.4928116,-43.24091851,900.3809477,5.665181637,1,500,normal,"(200, 1000)",[[0.9 1.  1.  1.  1. ]],50,adam,1,44.24119525,10
jackknife_plus_ab,non_linear_multi,0.904,0.135199042,0.96273123,6853.994778,313.8087087,0,500,normal,"(200, 1000)",[[0.95 0.91 0.93 0.87 0.86]],50,adam,1,0.037268755,10
jackknife_plus_ab,non_linear_multi,0.908,0.138232719,0.961894925,6839.786329,312.2770717,0.2,500,normal,"(200, 1000)",[[0.99 0.86 0.94 0.92 0.83]],50,adam,1,0.038105013,10
jackknife_plus_ab,non_linear_multi,0.906,0.126840353,0.965035354,6893.617649,334.0800307,0.5,500,normal,"(200, 1000)",[[0.9  0.91 0.95 0.94 0.83]],50,adam,1,0.034964611,10
jackknife_plus_ab,non_linear_multi,0.9,0.132764752,0.963402278,6865.992679,321.7744296,1,500,normal,"(200, 1000)",[[0.97 0.97 0.93 0.94 0.69]],50,adam,1,0.036597722,10
split,linear_multi,0.923,0.01252756,0.991771468,7098.323438,4.364907026,0,1000,normal,"(200, 1000)",999,50,adam,1,0.008228008,3
split,linear_multi,0.947,0.015237369,0.989990023,7070.286139,4.622160435,0.2,1000,normal,"(200, 1000)",999,50,adam,1,0.01000779,3
split,linear_multi,0.94,0.01413769,0.990712886,7076.064732,5.771736145,0.5,1000,normal,"(200, 1000)",999,50,adam,1,0.009285529,3
split,linear_multi,0.918,0.013725925,0.990984594,7081.187389,6.255655289,1,1000,normal,"(200, 1000)",999,50,adam,1,0.009015085,3
split_resid_norm,linear_multi,0.955,0.015086563,0.990088263,7073.661658,4.370412111,0,1000,normal,"(200, 1000)",[[0.92  0.94  0.965 0.96  0.99 ]],50,adam,1,0.009908742,3
split_resid_norm,linear_multi,0.946,0.026295866,0.982726992,6957.285712,4.608380079,0.2,1000,normal,"(200, 1000)",[[0.785 0.955 0.99  1.    1.   ]],50,adam,1,0.017270928,3
split_resid_norm,linear_multi,0.903,0.015744956,0.989658822,7054.694236,5.688505411,0.5,1000,normal,"(200, 1000)",[[0.75  0.82  0.985 0.975 0.985]],50,adam,1,0.010341169,3
split_resid_norm,linear_multi,0.948,0.027305206,0.982063882,6956.10589,6.399987459,1,1000,normal,"(200, 1000)",[[0.795 0.945 1.    1.    1.   ]],50,adam,1,0.017933855,3
jackknife_plus_ab,linear_multi,0.901,0.010568746,0.993058526,7112.998159,113.4833117,0,1000,normal,"(200, 1000)",[[0.94  0.935 0.88  0.885 0.865]],50,adam,1,0.006941473,3
jackknife_plus_ab,linear_multi,0.9,0.011655996,0.992344429,7101.486064,119.2851932,0.2,1000,normal,"(200, 1000)",[[0.93  0.925 0.92  0.885 0.84 ]],50,adam,1,0.007655571,3
jackknife_plus_ab,linear_multi,0.909,0.010762353,0.992931287,7109.457678,138.8840561,0.5,1000,normal,"(200, 1000)",[[0.92  0.95  0.89  0.93  0.855]],50,adam,1,0.007068633,3
jackknife_plus_ab,linear_multi,0.906,0.010026972,0.993414324,7114.210268,157.1531126,1,1000,normal,"(200, 1000)",[[0.9   0.93  0.935 0.89  0.875]],50,adam,1,0.00658564,3
split,linear_multi,0.916,0.03022157,0.986048677,8975.379304,7.347037315,0,1000,normal,"(200, 1000)",999,50,adam,1,0.013951071,5
split,linear_multi,0.91,0.032715964,0.984897353,8950.944144,6.153659105,0.2,1000,normal,"(200, 1000)",999,50,adam,1,0.015102549,5
split,linear_multi,0.906,0.031482711,0.985466718,8948.896679,6.210628986,0.5,1000,normal,"(200, 1000)",999,50,adam,1,0.014533247,5
split,linear_multi,0.904,0.034011466,0.984299398,8929.21149,5.595297575,1,1000,normal,"(200, 1000)",999,50,adam,1,0.015700586,5
split_resid_norm,linear_multi,0.947,0.044925628,0.979258986,8820.699307,6.03291893,0,1000,normal,"(200, 1000)",[[0.845 0.955 0.975 0.98  0.98 ]],50,adam,1,0.020738851,5
split_resid_norm,linear_multi,0.921,0.046000291,0.978764625,8815.218434,5.61720252,0.2,1000,normal,"(200, 1000)",[[0.785 0.915 0.975 0.945 0.985]],50,adam,1,0.021234943,5
split_resid_norm,linear_multi,0.94,0.069599859,0.967869328,8592.079893,5.644295692,0.5,1000,normal,"(200, 1000)",[[0.75 0.96 0.99 1.   1.  ]],50,adam,1,0.032129124,5
split_resid_norm,linear_multi,0.895,0.037653453,0.982618152,8900.636473,5.563896418,1,1000,normal,"(200, 1000)",[[0.71  0.875 0.98  0.96  0.95 ]],50,adam,1,0.017381823,5
jackknife_plus_ab,linear_multi,0.904,0.031173995,0.985609249,8959.457847,138.3873549,0,1000,normal,"(200, 1000)",[[0.955 0.91  0.94  0.925 0.79 ]],50,adam,1,0.014390735,5
jackknife_plus_ab,linear_multi,0.9,0.031553417,0.985434114,8954.013712,130.7654588,0.2,1000,normal,"(200, 1000)",[[0.955 0.955 0.93  0.895 0.765]],50,adam,1,0.014565886,5
jackknife_plus_ab,linear_multi,0.905,0.031596155,0.98541436,8955.552468,130.8847446,0.5,1000,normal,"(200, 1000)",[[0.97  0.94  0.945 0.91  0.76 ]],50,adam,1,0.014585616,5
jackknife_plus_ab,linear_multi,0.905,0.030076852,0.98611571,8969.924757,133.9564102,1,1000,normal,"(200, 1000)",[[0.965 0.95  0.915 0.91  0.785]],50,adam,1,0.013884265,5
split,linear_multi,0.916,0.050610961,0.98227481,10683.74878,6.7185359,0,1000,normal,"(200, 1000)",999,50,adam,1,0.017724939,10
split,linear_multi,0.958,0.069711342,0.975582456,10487.38476,7.902910709,0.2,1000,normal,"(200, 1000)",999,50,adam,1,0.024414262,10
split,linear_multi,0.924,0.057475264,0.979870485,10586.26093,8.082580805,0.5,1000,normal,"(200, 1000)",999,50,adam,1,0.020128951,10
split,linear_multi,0.947,0.050808139,0.982203836,10696.09282,8.727274656,1,1000,normal,"(200, 1000)",999,50,adam,1,0.017793994,10
split_resid_norm,linear_multi,0.935,0.091090948,0.968097,10282.44842,7.305225134,0,1000,normal,"(200, 1000)",[[0.735 0.96  0.985 0.995 1.   ]],50,adam,1,0.031901814,10
split_resid_norm,linear_multi,0.944,0.183125434,0.935864115,9547.665724,8.892798901,0.2,1000,normal,"(200, 1000)",[[0.73 0.99 1.   1.   1.  ]],50,adam,1,0.064134074,10
split_resid_norm,linear_multi,0.913,0.127931181,0.955195861,9989.727688,7.220112562,0.5,1000,normal,"(200, 1000)",[[0.67  0.905 0.99  1.    1.   ]],50,adam,1,0.044803977,10
split_resid_norm,linear_multi,0.953,0.102428199,0.964124953,10200.53353,7.726997137,1,1000,normal,"(200, 1000)",[[0.805 0.975 0.99  0.995 1.   ]],50,adam,1,0.035872339,10
jackknife_plus_ab,linear_multi,0.908,0.037485244,0.986871878,10791.98291,193.8375814,0,1000,normal,"(200, 1000)",[[0.955 0.935 0.945 0.92  0.785]],50,adam,1,0.013128059,10
jackknife_plus_ab,linear_multi,0.903,0.037921873,0.986719017,10787.51715,191.2691886,0.2,1000,normal,"(200, 1000)",[[0.97  0.915 0.94  0.91  0.78 ]],50,adam,1,0.013280974,10
jackknife_plus_ab,linear_multi,0.899,0.037787597,0.986766051,10790.26439,195.4353054,0.5,1000,normal,"(200, 1000)",[[0.955 0.93  0.94  0.915 0.755]],50,adam,1,0.013233948,10
jackknife_plus_ab,linear_multi,0.903,0.039547038,0.986149853,10774.33789,190.9641173,1,1000,normal,"(200, 1000)",[[0.94  0.93  0.9   0.91  0.835]],50,adam,1,0.013850138,10
split,poly_multi,0.828,0.039458671,0.987761016,14640.79559,6.141076565,0,1000,normal,"(200, 1000)",999,50,adam,1,0.012233863,3
split,poly_multi,0.956,0.081028029,0.974874814,14236.8435,5.417725801,0.2,1000,normal,"(200, 1000)",999,50,adam,1,0.025122129,3
split,poly_multi,0.926,0.059985646,0.981401239,14447.01294,6.712553501,0.5,1000,normal,"(200, 1000)",999,50,adam,1,0.018598097,3
split,poly_multi,0.895,0.045983254,0.985743215,14581.04687,6.520695448,1,1000,normal,"(200, 1000)",999,50,adam,1,0.014256761,3
split_resid_norm,poly_multi,0.934,0.067721958,0.979002186,14370.96984,6.63999486,0,1000,normal,"(200, 1000)",[[0.885 0.895 0.975 0.95  0.965]],50,adam,1,0.020996682,3
split_resid_norm,poly_multi,0.888,0.055440716,0.982810883,14474.82131,5.788868904,0.2,1000,normal,"(200, 1000)",[[0.74  0.85  0.925 0.995 0.93 ]],50,adam,1,0.017188976,3
split_resid_norm,poly_multi,0.905,0.053347076,0.983460117,14497.11781,6.163441896,0.5,1000,normal,"(200, 1000)",[[0.755 0.86  0.955 0.99  0.965]],50,adam,1,0.016539859,3
split_resid_norm,poly_multi,0.944,0.100048657,0.968978793,14039.57534,5.760394573,1,1000,normal,"(200, 1000)",[[0.87  0.895 0.975 0.98  1.   ]],50,adam,1,0.031019331,3
jackknife_plus_ab,poly_multi,0.904,0.045127213,0.986008632,14588.16657,157.7086153,0,1000,normal,"(200, 1000)",[[0.93  0.93  0.915 0.885 0.86 ]],50,adam,1,0.013991352,3
jackknife_plus_ab,poly_multi,0.898,0.045084819,0.986021788,14586.15103,160.6506009,0.2,1000,normal,"(200, 1000)",[[0.93  0.93  0.915 0.875 0.84 ]],50,adam,1,0.013978208,3
jackknife_plus_ab,poly_multi,0.903,0.046494541,0.985584709,14573.29422,157.1550939,0.5,1000,normal,"(200, 1000)",[[0.945 0.965 0.965 0.9   0.74 ]],50,adam,1,0.014415282,3
jackknife_plus_ab,poly_multi,0.902,0.046842529,0.985476823,14569.76891,159.1171517,1,1000,normal,"(200, 1000)",[[0.88  0.92  0.905 0.91  0.895]],50,adam,1,0.014523173,3
split,poly_multi,0.923,0.311748002,0.958808199,26905.77664,16.34457159,0,1000,normal,"(200, 1000)",999,50,adam,1,0.041191293,5
split,poly_multi,0.945,0.369174846,0.951218966,26154.0777,16.10240006,0.2,1000,normal,"(200, 1000)",999,50,adam,1,0.048779108,5
split,poly_multi,0.953,0.273892418,0.963807861,27140.49652,17.53274345,0.5,1000,normal,"(200, 1000)",999,50,adam,1,0.036189431,5
split,poly_multi,0.947,0.361108675,0.952284573,26347.77336,15.51661086,1,1000,normal,"(200, 1000)",999,50,adam,1,0.047713324,5
split_resid_norm,poly_multi,0.942,0.352193046,0.953463017,26332.97724,15.71822572,0,1000,normal,"(200, 1000)",[[0.855 0.93  0.965 0.98  0.98 ]],50,adam,1,0.046535301,5
split_resid_norm,poly_multi,0.948,0.466364232,0.938377087,25424.21931,18.86092806,0.2,1000,normal,"(200, 1000)",[[0.81 0.95 0.99 0.99 1.  ]],50,adam,1,0.061620751,5
split_resid_norm,poly_multi,0.93,0.623329377,0.917638604,24148.25318,15.85102797,0.5,1000,normal,"(200, 1000)",[[0.72  0.95  0.985 0.995 1.   ]],50,adam,1,0.08236057,5
split_resid_norm,poly_multi,0.916,0.37506364,0.950442562,26256.36051,17.61013293,1,1000,normal,"(200, 1000)",[[0.76  0.875 0.95  0.995 1.   ]],50,adam,1,0.049557195,5
jackknife_plus_ab,poly_multi,0.905,0.158150575,0.979103525,28314.67835,417.2191734,0,1000,normal,"(200, 1000)",[[0.96  0.96  0.94  0.915 0.75 ]],50,adam,1,0.020896451,5
jackknife_plus_ab,poly_multi,0.908,0.154396682,0.979599489,28353.60598,427.3427382,0.2,1000,normal,"(200, 1000)",[[0.98 0.98 0.94 0.93 0.71]],50,adam,1,0.020400448,5
jackknife_plus_ab,poly_multi,0.907,0.156103485,0.979373984,28335.81942,418.8478231,0.5,1000,normal,"(200, 1000)",[[0.965 0.955 0.965 0.88  0.77 ]],50,adam,1,0.020625968,5
jackknife_plus_ab,poly_multi,0.911,0.16536998,0.97814953,28255.41741,415.1173201,1,1000,normal,"(200, 1000)",[[0.975 0.97  0.945 0.915 0.75 ]],50,adam,1,0.021850351,5
split,poly_multi,0.916,2.984927274,0.859808825,48359.64756,17.40088701,0,1000,normal,"(200, 1000)",999,50,adam,1,0.140190955,10
split,poly_multi,0.949,3.213412133,0.849075921,47215.73566,21.65355062,0.2,1000,normal,"(200, 1000)",999,50,adam,1,0.15092204,10
split,poly_multi,0.92,2.492663282,0.882928505,53013.66954,20.42321348,0.5,1000,normal,"(200, 1000)",999,50,adam,1,0.117071142,10
split,poly_multi,0.952,2.812772117,0.867892187,50756.51018,22.31064796,1,1000,normal,"(200, 1000)",999,50,adam,1,0.132105466,10
split_resid_norm,poly_multi,0.955,6.123994954,0.712376533,35025.75638,20.68122602,0,1000,normal,"(200, 1000)",[[0.805 0.975 0.995 1.    1.   ]],50,adam,1,0.287621312,10
split_resid_norm,poly_multi,0.948,8.006105098,0.623981523,30974.08465,23.66385913,0.2,1000,normal,"(200, 1000)",[[0.755 0.985 1.    1.    1.   ]],50,adam,1,0.376017039,10
split_resid_norm,poly_multi,0.942,8.075290772,0.620732471,32880.09876,21.28822756,0.5,1000,normal,"(200, 1000)",[[0.75 0.96 1.   1.   1.  ]],50,adam,1,0.379266434,10
split_resid_norm,poly_multi,0.9,6.570773607,0.691395153,37783.76273,22.82074904,1,1000,normal,"(200, 1000)",[[0.585 0.925 0.99  1.    1.   ]],50,adam,1,0.308604847,10
jackknife_plus_ab,poly_multi,0.905,1.890132468,0.911227471,58619.04616,674.0320678,0,1000,normal,"(200, 1000)",[[0.97  0.96  0.99  0.875 0.73 ]],50,adam,1,0.088772506,10
jackknife_plus_ab,poly_multi,0.908,1.950405243,0.908396647,58024.10954,680.5357716,0.2,1000,normal,"(200, 1000)",[[0.975 0.945 0.94  0.925 0.755]],50,adam,1,0.091603295,10
jackknife_plus_ab,poly_multi,0.906,1.883454705,0.911541091,58585.07196,700.5418665,0.5,1000,normal,"(200, 1000)",[[0.975 0.955 0.955 0.93  0.715]],50,adam,1,0.088458876,10
jackknife_plus_ab,poly_multi,0.908,1.904034281,0.910574519,58355.64715,688.413451,1,1000,normal,"(200, 1000)",[[0.955 0.955 0.965 0.93  0.735]],50,adam,1,0.089425423,10
split,non_linear_multi,0.934,0.025217306,0.98648816,9073.084286,6.418908834,0,1000,normal,"(200, 1000)",999,50,adam,1,0.0135107,3
split,non_linear_multi,0.904,0.02394605,0.987170387,9100.975062,7.444578171,0.2,1000,normal,"(200, 1000)",999,50,adam,1,0.012829597,3
split,non_linear_multi,0.913,0.022048315,0.988186987,9114.100299,7.188717842,0.5,1000,normal,"(200, 1000)",999,50,adam,1,0.011812846,3
split,non_linear_multi,0.928,0.025764255,0.986195488,9079.244439,6.67156148,1,1000,normal,"(200, 1000)",999,50,adam,1,0.013803739,3
split_resid_norm,non_linear_multi,0.9,0.027847719,0.985080002,9056.094262,6.470091581,0,1000,normal,"(200, 1000)",[[0.78 0.84 0.94 0.94 1.  ]],50,adam,1,0.014919998,3
split_resid_norm,non_linear_multi,0.968,0.040272295,0.978418751,8938.18724,6.995788336,0.2,1000,normal,"(200, 1000)",[[0.9  0.95 0.99 1.   1.  ]],50,adam,1,0.021576724,3
split_resid_norm,non_linear_multi,0.936,0.0298256,0.984019036,9025.597647,6.914711237,0.5,1000,normal,"(200, 1000)",[[0.875 0.885 0.995 0.95  0.975]],50,adam,1,0.015979689,3
split_resid_norm,non_linear_multi,0.924,0.031390492,0.983181321,9037.255567,6.363381624,1,1000,normal,"(200, 1000)",[[0.765 0.93  0.955 0.97  1.   ]],50,adam,1,0.016818113,3
jackknife_plus_ab,non_linear_multi,0.905,0.017194988,0.990787401,9161.632373,166.4502699,0,1000,normal,"(200, 1000)",[[0.94  0.94  0.915 0.865 0.865]],50,adam,1,0.009212574,3
jackknife_plus_ab,non_linear_multi,0.904,0.017227749,0.990769857,9160.895351,165.9724762,0.2,1000,normal,"(200, 1000)",[[0.935 0.93  0.935 0.9   0.82 ]],50,adam,1,0.009230127,3
jackknife_plus_ab,non_linear_multi,0.908,0.017195109,0.990787297,9161.10557,164.7345865,0.5,1000,normal,"(200, 1000)",[[0.875 0.92  0.89  0.955 0.9  ]],50,adam,1,0.009212639,3
jackknife_plus_ab,non_linear_multi,0.904,0.017387361,0.990684342,9158.877696,160.6402185,1,1000,normal,"(200, 1000)",[[0.905 0.93  0.93  0.9   0.855]],50,adam,1,0.009315642,3
split,non_linear_multi,0.932,0.050050733,0.979932381,10827.88668,9.284162998,0,1000,normal,"(200, 1000)",999,50,adam,1,0.020066615,5
split,non_linear_multi,0.947,0.049667577,0.980084837,10842.27691,10.2974205,0.2,1000,normal,"(200, 1000)",999,50,adam,1,0.019912998,5
split,non_linear_multi,0.96,0.060551515,0.975719841,10701.45347,10.60136461,0.5,1000,normal,"(200, 1000)",999,50,adam,1,0.024276646,5
split,non_linear_multi,0.916,0.043650442,0.982499173,10874.00839,10.11580849,1,1000,normal,"(200, 1000)",999,50,adam,1,0.017500576,5
split_resid_norm,non_linear_multi,0.888,0.045339904,0.981821935,10842.47189,10.66476965,0,1000,normal,"(200, 1000)",[[0.7   0.865 0.91  0.98  0.985]],50,adam,1,0.018177924,5
split_resid_norm,non_linear_multi,0.924,0.079834808,0.967991632,10550.64906,9.181320429,0.2,1000,normal,"(200, 1000)",[[0.705 0.94  0.975 1.    1.   ]],50,adam,1,0.032007811,5
split_resid_norm,non_linear_multi,0.964,0.094853283,0.96196696,10408.03868,9.455474615,0.5,1000,normal,"(200, 1000)",[[0.86 0.96 1.   1.   1.  ]],50,adam,1,0.0380291,5
split_resid_norm,non_linear_multi,0.934,0.063281865,0.97462756,10679.69999,9.252918005,1,1000,normal,"(200, 1000)",[[0.745 0.95  0.995 0.99  0.99 ]],50,adam,1,0.025371313,5
jackknife_plus_ab,non_linear_multi,0.905,0.039421984,0.984194696,10920.28106,226.7337768,0,1000,normal,"(200, 1000)",[[0.925 0.95  0.915 0.925 0.81 ]],50,adam,1,0.015805279,5
jackknife_plus_ab,non_linear_multi,0.904,0.038231623,0.984671952,10935.783,229.2348585,0.2,1000,normal,"(200, 1000)",[[0.945 0.94  0.925 0.885 0.825]],50,adam,1,0.015328033,5
jackknife_plus_ab,non_linear_multi,0.909,0.03737714,0.985014472,10940.99071,228.6701217,0.5,1000,normal,"(200, 1000)",[[0.955 0.95  0.915 0.915 0.81 ]],50,adam,1,0.014985449,5
jackknife_plus_ab,non_linear_multi,0.903,0.036126756,0.985515853,10951.6561,235.8005264,1,1000,normal,"(200, 1000)",[[0.94  0.965 0.89  0.905 0.815]],50,adam,1,0.014484138,5
split,non_linear_multi,0.944,0.131522295,0.951449714,9502.25384,13.96666551,0,1000,normal,"(200, 1000)",999,50,adam,1,0.048548444,10
split,non_linear_multi,0.942,0.111149774,0.958969914,9673.635885,15.0730567,0.2,1000,normal,"(200, 1000)",999,50,adam,1,0.041028395,10
split,non_linear_multi,0.949,0.121670992,0.955085646,9594.862264,14.72575951,0.5,1000,normal,"(200, 1000)",999,50,adam,1,0.044912061,10
split,non_linear_multi,0.966,0.117256879,0.95671314,9607.600252,17.02181268,1,1000,normal,"(200, 1000)",999,50,adam,1,0.043282693,10
split_resid_norm,non_linear_multi,0.883,0.184520684,0.931888144,9073.902934,12.55376673,0,1000,normal,"(200, 1000)",[[0.565 0.905 0.95  0.995 1.   ]],50,adam,1,0.068111586,10
split_resid_norm,non_linear_multi,0.949,0.218085556,0.919496501,8786.678843,16.45963097,0.2,1000,normal,"(200, 1000)",[[0.79  0.96  0.995 1.    1.   ]],50,adam,1,0.080501291,10
split_resid_norm,non_linear_multi,0.924,0.25672459,0.905235473,8491.394451,13.98234797,0.5,1000,normal,"(200, 1000)",[[0.705 0.93  0.985 1.    1.   ]],50,adam,1,0.094764006,10
split_resid_norm,non_linear_multi,0.958,0.195748436,0.927740825,8940.926847,13.67100501,1,1000,normal,"(200, 1000)",[[0.85 0.96 0.98 1.   1.  ]],50,adam,1,0.072256054,10
jackknife_plus_ab,non_linear_multi,0.907,0.093431273,0.965511937,9837.201382,368.6591134,0,1000,normal,"(200, 1000)",[[0.965 0.92  0.94  0.95  0.76 ]],50,adam,1,0.034488016,10
jackknife_plus_ab,non_linear_multi,0.906,0.091428316,0.966251295,9854.765934,384.8254035,0.2,1000,normal,"(200, 1000)",[[0.945 0.92  0.915 0.915 0.835]],50,adam,1,0.03374867,10
jackknife_plus_ab,non_linear_multi,0.905,0.090649294,0.966538864,9867.958454,400.4055741,0.5,1000,normal,"(200, 1000)",[[0.94  0.95  0.935 0.905 0.795]],50,adam,1,0.033461112,10
jackknife_plus_ab,non_linear_multi,0.909,0.089823691,0.966843562,9872.804354,397.7994716,1,1000,normal,"(200, 1000)",[[0.945 0.935 0.92  0.905 0.84 ]],50,adam,1,0.033156359,10
split,linear_multi,0.966666667,0.005501417,0.985072978,545.3614024,19.96485496,0,300,normal,"(200, 1000, 1000, 1000)",999,50,adam,1,0.014922644,3
split,linear_multi,0.856666667,0.002909843,0.992105162,553.0643899,20.6754632,0.2,300,normal,"(200, 1000, 1000, 1000)",999,50,adam,1,0.007892975,3
split,linear_multi,0.96,0.005370835,0.985428012,546.3436226,24.6374855,0.5,300,normal,"(200, 1000, 1000, 1000)",999,50,adam,1,0.01456844,3
split,linear_multi,0.793333333,0.005365505,0.985434807,545.1028945,35.94965529,1,300,normal,"(200, 1000, 1000, 1000)",999,50,adam,1,0.014553981,3
split_resid_norm,linear_multi,0.953333333,0.011702853,0.96825315,527.6884007,21.09336662,0,300,normal,"(200, 1000, 1000, 1000)",[[0.81666667 0.95       1.         1.         1.        ]],50,adam,1,0.031744096,3
split_resid_norm,linear_multi,0.99,0.030422135,0.917472246,478.1306744,19.89839816,0.2,300,normal,"(200, 1000, 1000, 1000)",[[0.96666667 0.98333333 1.         1.         1.        ]],50,adam,1,0.082520322,3
split_resid_norm,linear_multi,0.966666667,0.022399645,0.939236581,497.6281734,24.24463248,0.5,300,normal,"(200, 1000, 1000, 1000)",[[0.85       0.98333333 1.         1.         1.        ]],50,adam,1,0.060759244,3
split_resid_norm,linear_multi,0.956666667,0.077394888,0.790063112,404.1484657,36.05598044,1,300,normal,"(200, 1000, 1000, 1000)",[[0.78333333 1.         1.         1.         1.        ]],50,adam,1,0.209934351,3
jackknife_plus_ab,linear_multi,0.91,0.003668151,0.990050008,550.5750318,591.5529721,0,300,normal,"(200, 1000, 1000, 1000)",[[0.96666667 0.91666667 0.95       0.88333333 0.83333333]],50,adam,1,0.009949893,3
jackknife_plus_ab,linear_multi,0.913333333,0.003251488,0.991180132,551.8969871,594.4543848,0.2,300,normal,"(200, 1000, 1000, 1000)",[[0.95       0.95       0.96666667 0.95       0.75      ]],50,adam,1,0.008819691,3
jackknife_plus_ab,linear_multi,0.906666667,0.004645625,0.987398655,547.5112115,618.9773204,0.5,300,normal,"(200, 1000, 1000, 1000)",[[0.9        0.96666667 0.86666667 0.93333333 0.86666667]],50,adam,1,0.012601301,3
jackknife_plus_ab,linear_multi,0.91,0.0077913,0.978865928,538.538082,1018.026031,1,300,normal,"(200, 1000, 1000, 1000)",[[1.         0.98333333 0.93333333 0.98333333 0.65      ]],50,adam,1,0.021133974,3
split,linear_multi,0.973333333,0.030349172,0.978763447,1713.990056,21.07607937,0,300,normal,"(200, 1000, 1000, 1000)",999,50,adam,1,0.02123129,5
split,linear_multi,0.93,0.028884935,0.97979216,1723.435158,26.05171299,0.2,300,normal,"(200, 1000, 1000, 1000)",999,50,adam,1,0.020206958,5
split,linear_multi,0.856666667,0.027532607,0.980737245,1721.397491,27.14003706,0.5,300,normal,"(200, 1000, 1000, 1000)",999,50,adam,1,0.019260913,5
split,linear_multi,0.923333333,0.021280408,0.985112385,1740.887339,27.6377964,1,300,normal,"(200, 1000, 1000, 1000)",999,50,adam,1,0.014887079,5
split_resid_norm,linear_multi,0.96,0.092686022,0.935156518,1558.326108,20.41619778,0,300,normal,"(200, 1000, 1000, 1000)",[[0.8 1.  1.  1.  1. ]],50,adam,1,0.064840116,5
split_resid_norm,linear_multi,0.98,0.618568259,0.567266207,1034.926516,32.13460422,0.2,300,normal,"(200, 1000, 1000, 1000)",[[0.91666667 0.98333333 1.         1.         1.        ]],50,adam,1,0.432730163,5
split_resid_norm,linear_multi,0.98,0.208189497,0.854351956,1344.530111,28.93022799,0.5,300,normal,"(200, 1000, 1000, 1000)",[[0.9 1.  1.  1.  1. ]],50,adam,1,0.145642576,5
split_resid_norm,linear_multi,0.976666667,1591281.266,-1113200.889,1591510.303,27.35074639,1,300,normal,"(200, 1000, 1000, 1000)",[[0.88333333 1.         1.         1.         1.        ]],50,adam,1,1113208.432,5
jackknife_plus_ab,linear_multi,0.91,0.016740474,0.988288812,1754.605019,587.0930712,0,300,normal,"(200, 1000, 1000, 1000)",[[0.98333333 0.93333333 0.95       0.91666667 0.76666667]],50,adam,1,0.011711089,5
jackknife_plus_ab,linear_multi,0.916666667,0.0208275,0.985429487,1742.480544,798.3621457,0.2,300,normal,"(200, 1000, 1000, 1000)",[[0.98333333 0.95       0.95       0.91666667 0.78333333]],50,adam,1,0.014570239,5
jackknife_plus_ab,linear_multi,0.916666667,0.024883015,0.982592382,1730.591566,690.0013516,0.5,300,normal,"(200, 1000, 1000, 1000)",[[0.9        0.91666667 0.95       0.98333333 0.83333333]],50,adam,1,0.017407345,5
jackknife_plus_ab,linear_multi,0.906666667,0.019805611,0.986144597,1744.36904,770.2993178,1,300,normal,"(200, 1000, 1000, 1000)",[[0.91666667 0.93333333 0.91666667 0.91666667 0.85      ]],50,adam,1,0.013855359,5
split,linear_multi,0.983333333,0.126508748,0.957046271,3658.924024,34.12508488,0,300,normal,"(200, 1000, 1000, 1000)",999,50,adam,1,0.042947083,10
split,linear_multi,0.986666667,0.146222827,0.95035326,3594.06986,29.88721967,0.2,300,normal,"(200, 1000, 1000, 1000)",999,50,adam,1,0.049639602,10
split,linear_multi,0.96,0.066261575,0.977502057,3824.675724,31.75723028,0.5,300,normal,"(200, 1000, 1000, 1000)",999,50,adam,1,0.022494424,10
split,linear_multi,0.99,0.085407936,0.970997921,3765.869246,21.58117533,1,300,normal,"(200, 1000, 1000, 1000)",999,50,adam,1,0.028994214,10
split_resid_norm,linear_multi,0.983333333,31.27027033,-9.615538193,870.8208956,30.64146972,0,300,normal,"(200, 1000, 1000, 1000)",[[0.91666667 1.         1.         1.         1.        ]],50,adam,1,10.61560497,10
split_resid_norm,linear_multi,0.993333333,2.050770282,0.30380359,1865.217417,39.20588422,0.2,300,normal,"(200, 1000, 1000, 1000)",[[0.96666667 1.         1.         1.         1.        ]],50,adam,1,0.696193764,10
split_resid_norm,linear_multi,0.966666667,0.978833048,0.667703616,2559.959274,25.60935998,0.5,300,normal,"(200, 1000, 1000, 1000)",[[0.83333333 1.         1.         1.         1.        ]],50,adam,1,0.332293417,10
split_resid_norm,linear_multi,0.996666667,0.459973655,0.843840647,2884.697692,26.28581047,1,300,normal,"(200, 1000, 1000, 1000)",[[0.98333333 1.         1.         1.         1.        ]],50,adam,1,0.156151468,10
jackknife_plus_ab,linear_multi,0.903333333,0.058142245,0.980261909,3837.481453,1089.268343,0,300,normal,"(200, 1000, 1000, 1000)",[[0.95       0.98333333 0.93333333 0.9        0.75      ]],50,adam,1,0.01973808,10
jackknife_plus_ab,linear_multi,0.923333333,0.06118883,0.979227134,3828.432753,1004.092278,0.2,300,normal,"(200, 1000, 1000, 1000)",[[1.         1.         0.95       0.95       0.71666667]],50,adam,1,0.020772332,10
jackknife_plus_ab,linear_multi,0.923333333,0.054519345,0.981491284,3847.057119,927.5827837,0.5,300,normal,"(200, 1000, 1000, 1000)",[[1.         0.98333333 0.96666667 0.95       0.71666667]],50,adam,1,0.018508181,10
jackknife_plus_ab,linear_multi,0.94,0.058876265,0.980011167,3835.260707,784.3697419,1,300,normal,"(200, 1000, 1000, 1000)",[[0.98333333 0.98333333 0.98333333 0.98333333 0.76666667]],50,adam,1,0.019987265,10
split,poly_multi,0.94,0.040815884,0.985990846,3930.36713,23.33851838,0,300,normal,"(200, 1000, 1000, 1000)",999,50,adam,1,0.014007576,3
split,poly_multi,0.81,0.030908275,0.989384595,3964.82228,23.6139636,0.2,300,normal,"(200, 1000, 1000, 1000)",999,50,adam,1,0.010607391,3
split,poly_multi,0.896666667,0.031906705,0.989049948,3962.248492,21.99167848,0.5,300,normal,"(200, 1000, 1000, 1000)",999,50,adam,1,0.010950041,3
split,poly_multi,0.96,0.040157886,0.986214691,3932.872514,26.59934807,1,300,normal,"(200, 1000, 1000, 1000)",999,50,adam,1,0.013781759,3
split_resid_norm,poly_multi,0.936666667,0.071377317,0.975502754,3842.896806,23.05836964,0,300,normal,"(200, 1000, 1000, 1000)",[[0.71666667 0.98333333 0.98333333 1.         1.        ]],50,adam,1,0.024495935,3
split_resid_norm,poly_multi,0.966666667,0.100178908,0.965615374,3762.278452,22.09035635,0.2,300,normal,"(200, 1000, 1000, 1000)",[[0.83333333 1.         1.         1.         1.        ]],50,adam,1,0.034380334,3
split_resid_norm,poly_multi,0.966666667,0.091173473,0.96870593,3789.049872,24.23379469,0.5,300,normal,"(200, 1000, 1000, 1000)",[[0.83333333 1.         1.         1.         1.        ]],50,adam,1,0.031289764,3
split_resid_norm,poly_multi,0.916666667,0.056240526,0.980698578,3890.989601,26.06195426,1,300,normal,"(200, 1000, 1000, 1000)",[[0.83333333 0.83333333 0.91666667 1.         1.        ]],50,adam,1,0.019301149,3
jackknife_plus_ab,poly_multi,0.913333333,0.033282688,0.98857756,3954.835467,685.0309505,0,300,normal,"(200, 1000, 1000, 1000)",[[0.95       0.96666667 0.93333333 0.93333333 0.78333333]],50,adam,1,0.011422264,3
jackknife_plus_ab,poly_multi,0.903333333,0.032098279,0.988984202,3959.699684,673.2627814,0.2,300,normal,"(200, 1000, 1000, 1000)",[[0.95       0.93333333 0.93333333 0.88333333 0.81666667]],50,adam,1,0.011015787,3
jackknife_plus_ab,poly_multi,0.906666667,0.029729811,0.989797001,3966.1499,676.3165543,0.5,300,normal,"(200, 1000, 1000, 1000)",[[1.         0.96666667 0.93333333 0.93333333 0.7       ]],50,adam,1,0.010202955,3
jackknife_plus_ab,poly_multi,0.91,0.031250771,0.98927497,3961.204614,758.6921694,1,300,normal,"(200, 1000, 1000, 1000)",[[0.98333333 0.88333333 0.93333333 0.91666667 0.83333333]],50,adam,1,0.010724932,3
split,poly_multi,0.936666667,1.357459215,0.82372611,5864.994222,32.40001941,0,300,normal,"(200, 1000, 1000, 1000)",999,50,adam,1,0.176272782,5
split,poly_multi,0.856666667,0.168582264,0.978106924,9351.534368,53.12506175,0.2,300,normal,"(200, 1000, 1000, 1000)",999,50,adam,1,0.021891239,5
split,poly_multi,0.99,0.325164798,0.957767987,8869.952314,50.39447498,0.5,300,normal,"(200, 1000, 1000, 1000)",999,50,adam,1,0.042224255,5
split,poly_multi,0.993333333,0.373014707,0.951553909,8729.203143,51.73756623,1,300,normal,"(200, 1000, 1000, 1000)",999,50,adam,1,0.048437802,5
split_resid_norm,poly_multi,0.796666667,2.626995129,0.658864675,6861.533592,48.48122478,0,300,normal,"(200, 1000, 1000, 1000)",[[0.21666667 0.78333333 0.98333333 1.         1.        ]],50,adam,1,0.34112829,5
split_resid_norm,poly_multi,0.966666667,6299.300495,-816.9916442,8136.757719,57.86549735,0.2,300,normal,"(200, 1000, 1000, 1000)",[[0.83333333 1.         1.         1.         1.        ]],50,adam,1,817.9952753,5
split_resid_norm,poly_multi,0.856666667,0.906648622,0.882265543,7829.585443,50.07805753,0.5,300,normal,"(200, 1000, 1000, 1000)",[[0.5        0.78333333 1.         1.         1.        ]],50,adam,1,0.117732801,5
split_resid_norm,poly_multi,0.973333333,4.723606668,0.38661427,4829.049818,51.72367883,1,300,normal,"(200, 1000, 1000, 1000)",[[0.86666667 1.         1.         1.         1.        ]],50,adam,1,0.613383651,5
jackknife_plus_ab,poly_multi,0.913333333,0.162959386,0.978838745,9322.038591,1369.736144,0,300,normal,"(200, 1000, 1000, 1000)",[[0.96666667 0.98333333 0.85       0.93333333 0.83333333]],50,adam,1,0.021161081,5
jackknife_plus_ab,poly_multi,0.916666667,0.156300135,0.979703384,9336.410808,1360.194812,0.2,300,normal,"(200, 1000, 1000, 1000)",[[0.98333333 0.91666667 0.98333333 0.95       0.75      ]],50,adam,1,0.020296344,5
jackknife_plus_ab,poly_multi,0.92,0.150538422,0.98045145,9358.120347,1337.483471,0.5,300,normal,"(200, 1000, 1000, 1000)",[[0.98333333 0.98333333 0.98333333 0.93333333 0.71666667]],50,adam,1,0.019548157,5
jackknife_plus_ab,poly_multi,0.92,0.163545417,0.978762429,9309.634429,1211.955786,1,300,normal,"(200, 1000, 1000, 1000)",[[0.98333333 0.98333333 0.96666667 0.95       0.71666667]],50,adam,1,0.02123718,5
split,poly_multi,0.976666667,3.095951514,0.840100789,14797.56894,54.40792537,0,300,normal,"(200, 1000, 1000, 1000)",999,50,adam,1,0.159894273,10
split,poly_multi,0.966666667,3.942791906,0.79636606,13342.35473,45.83035707,0.2,300,normal,"(200, 1000, 1000, 1000)",999,50,adam,1,0.2036304,10
split,poly_multi,0.99,3.97970465,0.79445676,12803.80453,56.81396198,0.5,300,normal,"(200, 1000, 1000, 1000)",999,50,adam,1,0.205536805,10
split,poly_multi,0.993333333,5.805683718,0.700152132,9520.45202,60.1436038,1,300,normal,"(200, 1000, 1000, 1000)",999,50,adam,1,0.299841769,10
split_resid_norm,poly_multi,0.966666667,8.13522645,0.579843517,9770.228957,55.13841939,0,300,normal,"(200, 1000, 1000, 1000)",[[0.83333333 1.         1.         1.         1.        ]],50,adam,1,0.420153906,10
split_resid_norm,poly_multi,0.96,16.30215708,0.158054218,10179.92886,67.03448319,0.2,300,normal,"(200, 1000, 1000, 1000)",[[0.83333333 0.96666667 1.         1.         1.        ]],50,adam,1,0.841945213,10
split_resid_norm,poly_multi,0.946666667,18.20969303,0.059537587,7996.867204,65.37081885,0.5,300,normal,"(200, 1000, 1000, 1000)",[[0.73333333 1.         1.         1.         1.        ]],50,adam,1,0.940462284,10
split_resid_norm,poly_multi,0.986666667,59.55114728,-2.075577606,3228.436728,53.3991313,1,300,normal,"(200, 1000, 1000, 1000)",[[0.93333333 1.         1.         1.         1.        ]],50,adam,1,3.075593196,10
jackknife_plus_ab,poly_multi,0.92,1.771049526,0.908531577,17548.79791,1664.621384,0,300,normal,"(200, 1000, 1000, 1000)",[[1.         1.         0.96666667 0.93333333 0.7       ]],50,adam,1,0.091468059,10
jackknife_plus_ab,poly_multi,0.933333333,1.874716703,0.903176917,17247.11395,1640.153361,0.2,300,normal,"(200, 1000, 1000, 1000)",[[1.         1.         0.96666667 0.95       0.75      ]],50,adam,1,0.09682208,10
jackknife_plus_ab,poly_multi,0.913333333,1.875803976,0.903121606,17318.7294,1624.419209,0.5,300,normal,"(200, 1000, 1000, 1000)",[[1.         0.98333333 0.98333333 0.95       0.65      ]],50,adam,1,0.096878233,10
jackknife_plus_ab,poly_multi,0.92,1.863941561,0.903734054,17418.86155,1572.066877,1,300,normal,"(200, 1000, 1000, 1000)",[[0.98333333 1.         0.98333333 0.93333333 0.7       ]],50,adam,1,0.096265584,10
split,non_linear_multi,0.906666667,0.004950952,0.986062575,527.9143244,30.6991713,0,300,normal,"(200, 1000, 1000, 1000)",999,50,adam,1,0.013937381,3
split,non_linear_multi,0.96,0.00434381,0.98776822,527.9850618,31.50447369,0.2,300,normal,"(200, 1000, 1000, 1000)",999,50,adam,1,0.012228224,3
split,non_linear_multi,0.966666667,0.005579918,0.984287647,525.0515983,31.90685725,0.5,300,normal,"(200, 1000, 1000, 1000)",999,50,adam,1,0.015707978,3
split,non_linear_multi,0.966666667,0.005555978,0.984355038,524.2907494,29.23692536,1,300,normal,"(200, 1000, 1000, 1000)",999,50,adam,1,0.015640587,3
split_resid_norm,non_linear_multi,0.936666667,0.007750978,0.978178973,518.8648237,28.77285075,0,300,normal,"(200, 1000, 1000, 1000)",[[0.76666667 0.91666667 1.         1.         1.        ]],50,adam,1,0.021819712,3
split_resid_norm,non_linear_multi,0.946666667,0.013777514,0.961212945,501.5258375,28.59945226,0.2,300,normal,"(200, 1000, 1000, 1000)",[[0.76666667 0.96666667 1.         1.         1.        ]],50,adam,1,0.038784962,3
split_resid_norm,non_linear_multi,0.983333333,0.013575283,0.961777657,502.261197,31.43774319,0.5,300,normal,"(200, 1000, 1000, 1000)",[[0.91666667 1.         1.         1.         1.        ]],50,adam,1,0.038215664,3
split_resid_norm,non_linear_multi,0.886666667,0.005989774,0.983138064,523.493319,32.17119789,1,300,normal,"(200, 1000, 1000, 1000)",[[0.56666667 0.91666667 0.95       1.         1.        ]],50,adam,1,0.016861761,3
jackknife_plus_ab,non_linear_multi,0.926666667,0.006310994,0.982233278,520.9749706,795.5402062,0,300,normal,"(200, 1000, 1000, 1000)",[[0.95       0.98333333 1.         0.93333333 0.76666667]],50,adam,1,0.017766024,3
jackknife_plus_ab,non_linear_multi,0.916666667,0.004222552,0.988112855,528.6247428,829.0834231,0.2,300,normal,"(200, 1000, 1000, 1000)",[[0.91666667 0.93333333 0.93333333 0.91666667 0.88333333]],50,adam,1,0.01188687,3
jackknife_plus_ab,non_linear_multi,0.91,0.004215303,0.988133439,528.6222534,847.6411233,0.5,300,normal,"(200, 1000, 1000, 1000)",[[0.96666667 0.85       0.96666667 0.88333333 0.88333333]],50,adam,1,0.011866462,3
jackknife_plus_ab,non_linear_multi,0.92,0.004060583,0.988568691,529.1778641,851.4834309,1,300,normal,"(200, 1000, 1000, 1000)",[[0.88333333 0.95       0.98333333 0.96666667 0.81666667]],50,adam,1,0.011430914,3
split,non_linear_multi,0.97,0.066088043,0.957460973,1818.218036,30.51121688,0,300,normal,"(200, 1000, 1000, 1000)",999,50,adam,1,0.042534335,5
split,non_linear_multi,0.953333333,0.034777918,0.977614114,1907.141849,31.84406638,0.2,300,normal,"(200, 1000, 1000, 1000)",999,50,adam,1,0.022383105,5
split,non_linear_multi,0.93,0.079553891,0.948798177,1771.921285,27.19963574,0.5,300,normal,"(200, 1000, 1000, 1000)",999,50,adam,1,0.051200969,5
split,non_linear_multi,0.886666667,0.038856001,0.974992063,1893.968929,30.3500936,1,300,normal,"(200, 1000, 1000, 1000)",999,50,adam,1,0.025007764,5
split_resid_norm,non_linear_multi,0.88,0.275137241,0.822921049,1516.921071,32.61219239,0,300,normal,"(200, 1000, 1000, 1000)",[[0.46666667 0.93333333 1.         1.         1.        ]],50,adam,1,0.177078622,5
split_resid_norm,non_linear_multi,0.956666667,34.30585901,-21.07921974,617.7466853,24.42361856,0.2,300,normal,"(200, 1000, 1000, 1000)",[[0.78333333 1.         1.         1.         1.        ]],50,adam,1,22.07928743,5
split_resid_norm,non_linear_multi,0.92,1168.27953,-750.9056507,1767.585461,39.25355911,0.5,300,normal,"(200, 1000, 1000, 1000)",[[0.6 1.  1.  1.  1. ]],50,adam,1,751.905951,5
split_resid_norm,non_linear_multi,0.906666667,2.817354136,-0.813252089,1017.595423,32.85429597,1,300,normal,"(200, 1000, 1000, 1000)",[[0.53333333 1.         1.         1.         1.        ]],50,adam,1,1.813252126,5
jackknife_plus_ab,non_linear_multi,0.93,0.043281297,0.972143236,1860.635624,885.1349456,0,300,normal,"(200, 1000, 1000, 1000)",[[0.98333333 1.         0.98333333 0.86666667 0.81666667]],50,adam,1,0.027855889,5
jackknife_plus_ab,non_linear_multi,0.926666667,0.046238501,0.970240161,1849.830561,881.962631,0.2,300,normal,"(200, 1000, 1000, 1000)",[[1.         0.98333333 0.96666667 0.9        0.78333333]],50,adam,1,0.029759149,5
jackknife_plus_ab,non_linear_multi,0.896666667,0.023277061,0.985018848,1937.059854,965.1163669,0.5,300,normal,"(200, 1000, 1000, 1000)",[[0.98333333 0.95       0.88333333 0.91666667 0.75      ]],50,adam,1,0.014981141,5
jackknife_plus_ab,non_linear_multi,0.9,0.024246083,0.984395195,1933.980253,925.584141,1,300,normal,"(200, 1000, 1000, 1000)",[[0.96666667 0.96666667 0.9        0.95       0.71666667]],50,adam,1,0.015604805,5
split,non_linear_multi,0.98,0.163258931,0.947211457,3677.211653,59.2325449,0,300,normal,"(200, 1000, 1000, 1000)",999,50,adam,1,0.05278248,10
split,non_linear_multi,0.98,0.147545295,0.952291727,3723.57291,57.49969578,0.2,300,normal,"(200, 1000, 1000, 1000)",999,50,adam,1,0.047702179,10
split,non_linear_multi,0.986666667,0.214382079,0.930682143,3538.136689,55.8624444,0.5,300,normal,"(200, 1000, 1000, 1000)",999,50,adam,1,0.069310866,10
split,non_linear_multi,0.99,0.189822292,0.938621841,3612.34934,58.07911229,1,300,normal,"(200, 1000, 1000, 1000)",999,50,adam,1,0.061370556,10
split_resid_norm,non_linear_multi,0.956666667,55.27825928,-16.871701,1096.588901,49.63770032,0,300,normal,"(200, 1000, 1000, 1000)",[[0.78333333 1.         1.         1.         1.        ]],50,adam,1,17.87175518,10
split_resid_norm,non_linear_multi,0.963333333,111045492,-35901453.06,111045799.2,48.91826701,0.2,300,normal,"(200, 1000, 1000, 1000)",[[0.81666667 1.         1.         1.         1.        ]],50,adam,1,35901598.07,10
split_resid_norm,non_linear_multi,0.92,112.3466831,-35.32226596,1530.832336,55.80265164,0.5,300,normal,"(200, 1000, 1000, 1000)",[[0.6 1.  1.  1.  1. ]],50,adam,1,36.32228009,10
split_resid_norm,non_linear_multi,0.956666667,1.54119575,0.501721607,2181.82346,50.88234639,1,300,normal,"(200, 1000, 1000, 1000)",[[0.78333333 1.         1.         1.         1.        ]],50,adam,1,0.498276782,10
jackknife_plus_ab,non_linear_multi,0.946666667,0.10763396,0.965199266,3825.327892,1423.761398,0,300,normal,"(200, 1000, 1000, 1000)",[[0.96666667 0.93333333 1.         0.9        0.93333333]],50,adam,1,0.034798632,10
jackknife_plus_ab,non_linear_multi,0.91,0.098859346,0.968038151,3861.710519,1409.598599,0.2,300,normal,"(200, 1000, 1000, 1000)",[[0.98333333 0.93333333 0.91666667 0.98333333 0.73333333]],50,adam,1,0.031961752,10
jackknife_plus_ab,non_linear_multi,0.91,0.098571458,0.968131227,3858.767227,1441.831805,0.5,300,normal,"(200, 1000, 1000, 1000)",[[0.98333333 0.95       0.93333333 0.88333333 0.8       ]],50,adam,1,0.031868677,10
jackknife_plus_ab,non_linear_multi,0.916666667,0.0994095,0.967860111,3856.223483,1439.869703,1,300,normal,"(200, 1000, 1000, 1000)",[[0.98333333 0.95       0.96666667 0.95       0.73333333]],50,adam,1,0.03213962,10
split,linear_multi,0.933333333,0.006751614,0.981685095,542.1529065,9.173554659,0,300,normal,"(400, 2000)",999,50,adam,1,0.018313814,3
split,linear_multi,0.926666667,0.004530764,0.987709558,547.9291877,10.88438106,0.2,300,normal,"(400, 2000)",999,50,adam,1,0.012289739,3
split,linear_multi,0.873333333,0.005795324,0.98427943,544.2716788,11.69050336,0.5,300,normal,"(400, 2000)",999,50,adam,1,0.015719871,3
split,linear_multi,0.93,0.011041193,0.970049789,529.9227522,17.42034626,1,300,normal,"(400, 2000)",999,50,adam,1,0.029949338,3
split_resid_norm,linear_multi,0.836666667,0.03425963,0.907066796,477.0699199,9.372271299,0,300,normal,"(400, 2000)",[[0.33333333 0.85       1.         1.         1.        ]],50,adam,1,0.092929565,3
split_resid_norm,linear_multi,0.946666667,0.019264612,0.947742499,507.8950658,9.560318232,0.2,300,normal,"(400, 2000)",[[0.76666667 0.98333333 0.98333333 1.         1.        ]],50,adam,1,0.052255438,3
split_resid_norm,linear_multi,0.986666667,0.016329026,0.955700186,514.3342803,13.5508213,0.5,300,normal,"(400, 2000)",[[0.93333333 1.         1.         1.         1.        ]],50,adam,1,0.044292636,3
split_resid_norm,linear_multi,0.963333333,0.015240533,0.958656068,517.5207665,15.94230771,1,300,normal,"(400, 2000)",[[0.95       0.96666667 0.91666667 0.98333333 1.        ]],50,adam,1,0.041340087,3
jackknife_plus_ab,linear_multi,0.916666667,0.008765497,0.976223236,536.8973985,197.3920245,0,300,normal,"(400, 2000)",[[0.98333333 1.         0.95       0.98333333 0.66666667]],50,adam,1,0.023776492,3
jackknife_plus_ab,linear_multi,0.913333333,0.00494462,0.986587497,546.3829953,264.0589087,0.2,300,normal,"(400, 2000)",[[0.95       0.93333333 0.93333333 0.85       0.9       ]],50,adam,1,0.013412327,3
jackknife_plus_ab,linear_multi,0.906666667,0.00611382,0.983416164,543.5925564,325.7047629,0.5,300,normal,"(400, 2000)",[[0.95       0.95       0.85       0.88333333 0.9       ]],50,adam,1,0.016583792,3
jackknife_plus_ab,linear_multi,0.946666667,0.009942853,0.973027801,529.7571343,461.5204725,1,300,normal,"(400, 2000)",[[0.98333333 1.         0.96666667 0.96666667 0.81666667]],50,adam,1,0.02697008,3
split,linear_multi,0.98,0.02039235,0.985727869,1746.03516,8.090241194,0,300,normal,"(400, 2000)",999,50,adam,1,0.014265822,5
split,linear_multi,0.893333333,0.015886097,0.988886561,1759.440941,9.446404696,0.2,300,normal,"(400, 2000)",999,50,adam,1,0.011113395,5
split,linear_multi,0.873333333,0.011166911,0.992187288,1772.633453,13.8218708,0.5,300,normal,"(400, 2000)",999,50,adam,1,0.007812007,5
split,linear_multi,0.963333333,0.034989975,0.975518242,1703.330436,19.1168673,1,300,normal,"(400, 2000)",999,50,adam,1,0.024477845,5
split_resid_norm,linear_multi,0.903333333,4.938652311,-2.454919923,988.8129383,7.779014111,0,300,normal,"(400, 2000)",[[0.53333333 0.98333333 1.         1.         1.        ]],50,adam,1,3.454919951,5
split_resid_norm,linear_multi,0.933333333,7.145660704,-3.998866539,751.8468613,8.930863857,0.2,300,normal,"(400, 2000)",[[0.66666667 1.         1.         1.         1.        ]],50,adam,1,4.998870982,5
split_resid_norm,linear_multi,0.993333333,190.4392849,-132.2239557,578.9410585,14.05769396,0.5,300,normal,"(400, 2000)",[[0.96666667 1.         1.         1.         1.        ]],50,adam,1,133.2251075,5
split_resid_norm,linear_multi,0.87,3.703001131,-1.590497287,949.3595184,20.10551071,1,300,normal,"(400, 2000)",[[0.35 1.   1.   1.   1.  ]],50,adam,1,2.590498718,5
jackknife_plus_ab,linear_multi,0.906666667,0.015378332,0.989241777,1759.158272,249.3347337,0,300,normal,"(400, 2000)",[[0.96666667 0.96666667 0.9        0.9        0.8       ]],50,adam,1,0.010758179,5
jackknife_plus_ab,linear_multi,0.913333333,0.015754626,0.988978402,1758.718583,264.0293722,0.2,300,normal,"(400, 2000)",[[0.91666667 0.96666667 0.95       0.86666667 0.86666667]],50,adam,1,0.011021422,5
jackknife_plus_ab,linear_multi,0.923333333,0.013222881,0.990749165,1766.338591,364.3253129,0.5,300,normal,"(400, 2000)",[[0.96666667 1.         0.9        0.93333333 0.81666667]],50,adam,1,0.009250296,5
jackknife_plus_ab,linear_multi,0.92,0.016104552,0.988733386,1758.990444,488.914803,1,300,normal,"(400, 2000)",[[0.96666667 0.95       0.95       0.9        0.83333333]],50,adam,1,0.011266219,5
split,linear_multi,0.99,0.121620271,0.958704688,3670.564101,11.40281057,0,300,normal,"(400, 2000)",999,50,adam,1,0.041287547,10
split,linear_multi,0.97,0.076995757,0.973856774,3788.39064,11.22020555,0.2,300,normal,"(400, 2000)",999,50,adam,1,0.026138455,10
split,linear_multi,0.99,0.095821191,0.967462867,3742.880482,12.81365514,0.5,300,normal,"(400, 2000)",999,50,adam,1,0.032529297,10
split,linear_multi,0.99,0.09366608,0.968194476,3746.293242,11.88140774,1,300,normal,"(400, 2000)",999,50,adam,1,0.031797682,10
split_resid_norm,linear_multi,0.91,1.158249222,0.606798471,2688.661209,11.45839977,0,300,normal,"(400, 2000)",[[0.58333333 0.96666667 1.         1.         1.        ]],50,adam,1,0.393201468,10
split_resid_norm,linear_multi,0.823333333,0.117187299,0.960211711,3706.660252,14.89511323,0.2,300,normal,"(400, 2000)",[[0.43333333 0.73333333 0.96666667 0.98333333 1.        ]],50,adam,1,0.039782645,10
split_resid_norm,linear_multi,0.863333333,9.002206445,-2.056058679,2149.502581,12.73285818,0.5,300,normal,"(400, 2000)",[[0.33333333 0.98333333 1.         1.         1.        ]],50,adam,1,3.056061443,10
split_resid_norm,linear_multi,0.97,0.90130125,0.694023612,2651.621013,12.13947248,1,300,normal,"(400, 2000)",[[0.86666667 0.98333333 1.         1.         1.        ]],50,adam,1,0.305972987,10
jackknife_plus_ab,linear_multi,0.903333333,0.056904363,0.980682144,3846.616266,347.2501628,0,300,normal,"(400, 2000)",[[1.         0.96666667 0.93333333 0.93333333 0.68333333]],50,adam,1,0.019317845,10
jackknife_plus_ab,linear_multi,0.913333333,0.061761364,0.97903313,3827.347105,328.4115522,0.2,300,normal,"(400, 2000)",[[0.98333333 1.         0.95       0.85       0.78333333]],50,adam,1,0.020966696,10
jackknife_plus_ab,linear_multi,0.903333333,0.057635704,0.980433869,3839.236207,338.6068568,0.5,300,normal,"(400, 2000)",[[0.93333333 0.93333333 1.         0.91666667 0.73333333]],50,adam,1,0.01956612,10
jackknife_plus_ab,linear_multi,0.92,0.0627311,0.978703708,3823.67062,369.696563,1,300,normal,"(400, 2000)",[[1.         0.96666667 0.98333333 0.93333333 0.71666667]],50,adam,1,0.021295901,10
split,poly_multi,0.953333333,0.039385,0.986480682,3934.695801,11.77333379,0,300,normal,"(400, 2000)",999,50,adam,1,0.013516512,3
split,poly_multi,0.82,0.108250786,0.962843321,3789.586289,8.134217262,0.2,300,normal,"(400, 2000)",999,50,adam,1,0.037150516,3
split,poly_multi,0.94,0.056408245,0.980639722,3889.816144,10.2604444,0.5,300,normal,"(400, 2000)",999,50,adam,1,0.019358709,3
split,poly_multi,0.97,0.040567036,0.986072994,3936.39663,12.54288864,1,300,normal,"(400, 2000)",999,50,adam,1,0.013922175,3
split_resid_norm,poly_multi,0.963333333,0.057687328,0.980198392,3882.834966,11.36858296,0,300,normal,"(400, 2000)",[[0.83333333 0.98333333 1.         1.         1.        ]],50,adam,1,0.019797676,3
split_resid_norm,poly_multi,0.976666667,0.201719143,0.930766668,3426.537088,8.427001476,0.2,300,normal,"(400, 2000)",[[1.         0.98333333 0.95       0.96666667 0.98333333]],50,adam,1,0.069227861,3
split_resid_norm,poly_multi,0.92,0.037749838,0.987044263,3937.949041,11.5602622,0.5,300,normal,"(400, 2000)",[[0.7  0.95 0.95 1.   1.  ]],50,adam,1,0.012955342,3
split_resid_norm,poly_multi,0.893333333,0.070597613,0.975771608,3846.513665,13.2289567,1,300,normal,"(400, 2000)",[[0.55       0.91666667 1.         1.         1.        ]],50,adam,1,0.024228349,3
jackknife_plus_ab,poly_multi,0.903333333,0.035297572,0.987886238,3948.305021,299.4232717,0,300,normal,"(400, 2000)",[[0.98333333 1.         0.96666667 0.93333333 0.63333333]],50,adam,1,0.012113751,3
jackknife_plus_ab,poly_multi,0.913333333,0.047767718,0.983606453,3908.750811,281.2432742,0.2,300,normal,"(400, 2000)",[[0.98333333 0.98333333 0.96666667 0.96666667 0.66666667]],50,adam,1,0.016393372,3
jackknife_plus_ab,poly_multi,0.913333333,0.039931621,0.986295718,3931.287101,308.7847157,0.5,300,normal,"(400, 2000)",[[1.         0.93333333 0.95       0.95       0.73333333]],50,adam,1,0.013704107,3
jackknife_plus_ab,poly_multi,0.913333333,0.053825643,0.981527438,3890.196642,321.2302158,1,300,normal,"(400, 2000)",[[1.         1.         0.96666667 0.96666667 0.63333333]],50,adam,1,0.018472387,3
split,poly_multi,0.963333333,0.273844906,0.964436018,8989.968121,25.3534596,0,300,normal,"(400, 2000)",999,50,adam,1,0.035560113,5
split,poly_multi,0.946666667,0.20224561,0.973735288,9232.224107,26.2798841,0.2,300,normal,"(400, 2000)",999,50,adam,1,0.026262591,5
split,poly_multi,0.983333333,0.349224103,0.954644896,8824.336675,23.91192627,0.5,300,normal,"(400, 2000)",999,50,adam,1,0.045348474,5
split,poly_multi,0.986666667,0.329974556,0.957143985,8839.822216,22.77498651,1,300,normal,"(400, 2000)",999,50,adam,1,0.042848825,5
split_resid_norm,poly_multi,0.98,0.898286281,0.883347437,7522.90926,27.56132269,0,300,normal,"(400, 2000)",[[0.9 1.  1.  1.  1. ]],50,adam,1,0.116646909,5
split_resid_norm,poly_multi,0.986666667,1.9043E+11,-24728154178,1.9043E+11,21.65948796,0.2,300,normal,"(400, 2000)",[[0.93333333 1.         1.         1.         1.        ]],50,adam,1,24728339916,5
split_resid_norm,poly_multi,0.896666667,101.139919,-12.13351777,4437.597805,21.0307734,0.5,300,normal,"(400, 2000)",[[0.48333333 1.         1.         1.         1.        ]],50,adam,1,13.13351791,5
split_resid_norm,poly_multi,0.973333333,1.336612934,0.826429766,6852.519279,24.29838538,1,300,normal,"(400, 2000)",[[0.88333333 0.98333333 1.         1.         1.        ]],50,adam,1,0.17356579,5
jackknife_plus_ab,poly_multi,0.913333333,0.171800284,0.977690711,9296.907603,691.9314711,0,300,normal,"(400, 2000)",[[1.         0.95       0.98333333 0.93333333 0.7       ]],50,adam,1,0.022309115,5
jackknife_plus_ab,poly_multi,0.906666667,0.16627558,0.978408251,9306.302254,701.7508998,0.2,300,normal,"(400, 2000)",[[0.98333333 1.         0.91666667 0.9        0.73333333]],50,adam,1,0.021591705,5
jackknife_plus_ab,poly_multi,0.913333333,0.172291565,0.977626916,9295.973694,673.2120543,0.5,300,normal,"(400, 2000)",[[1.         0.96666667 0.91666667 0.95       0.73333333]],50,adam,1,0.022372911,5
jackknife_plus_ab,poly_multi,0.92,0.196458587,0.974488493,9200.282516,661.2644351,1,300,normal,"(400, 2000)",[[1.         1.         0.91666667 0.95       0.73333333]],50,adam,1,0.025511118,5
split,poly_multi,0.966666667,3.899349168,0.798609705,12793.37618,12.51844025,0,300,normal,"(400, 2000)",999,50,adam,1,0.201386746,10
split,poly_multi,0.89,5.552732401,0.713222146,6626.33274,2.842246294,0.2,300,normal,"(400, 2000)",999,50,adam,1,0.286777783,10
split,poly_multi,0.95,5.741563352,0.703468049,7032.145786,4.760421515,0.5,300,normal,"(400, 2000)",999,50,adam,1,0.296530193,10
split,poly_multi,0.98,6.040701902,0.688016021,8514.311984,10.41399074,1,300,normal,"(400, 2000)",999,50,adam,1,0.311979576,10
split_resid_norm,poly_multi,0.8,15.60710268,0.193949798,5728.644357,2.921307564,0,300,normal,"(400, 2000)",[[0.35 0.65 1.   1.   1.  ]],50,adam,1,0.806048263,10
split_resid_norm,poly_multi,0.95,18005.42043,-928.9100486,19880.18847,7.310642958,0.2,300,normal,"(400, 2000)",[[0.75 1.   1.   1.   1.  ]],50,adam,1,929.9123709,10
split_resid_norm,poly_multi,0.936666667,12.91453924,0.333012083,7095.656005,12.55044389,0.5,300,normal,"(400, 2000)",[[0.68333333 1.         1.         1.         1.        ]],50,adam,1,0.666987469,10
split_resid_norm,poly_multi,0.966666667,1405.878441,-71.60802542,3285.589345,7.23350811,1,300,normal,"(400, 2000)",[[0.83333333 1.         1.         1.         1.        ]],50,adam,1,72.60834368,10
jackknife_plus_ab,poly_multi,0.906666667,4.488313127,0.768195442,8962.41365,292.5624688,0,300,normal,"(400, 2000)",[[0.95       0.93333333 0.95       0.91666667 0.78333333]],50,adam,1,0.231804523,10
jackknife_plus_ab,poly_multi,0.91,3.899825396,0.798588579,10487.94975,386.381341,0.2,300,normal,"(400, 2000)",[[0.96666667 0.96666667 0.95       0.96666667 0.7       ]],50,adam,1,0.201411341,10
jackknife_plus_ab,poly_multi,0.906666667,4.376993039,0.773944707,9139.501949,305.7719419,0.5,300,normal,"(400, 2000)",[[1.         0.95       0.95       0.95       0.68333333]],50,adam,1,0.226055259,10
jackknife_plus_ab,poly_multi,0.9,3.796429998,0.803928643,10741.9508,366.2875729,1,300,normal,"(400, 2000)",[[1.         0.98333333 0.93333333 0.91666667 0.66666667]],50,adam,1,0.196071357,10
split,non_linear_multi,0.98,0.008764453,0.975321021,515.0648945,14.12800288,0,300,normal,"(400, 2000)",999,50,adam,1,0.024672736,3
split,non_linear_multi,0.876666667,0.004120554,0.988399726,529.2524277,14.5847106,0.2,300,normal,"(400, 2000)",999,50,adam,1,0.011599736,3
split,non_linear_multi,0.913333333,0.003986769,0.988776706,529.0472279,15.40791297,0.5,300,normal,"(400, 2000)",999,50,adam,1,0.011223119,3
split,non_linear_multi,0.936666667,0.005474115,0.984588541,525.5850277,15.57354164,1,300,normal,"(400, 2000)",999,50,adam,1,0.015410135,3
split_resid_norm,non_linear_multi,0.99,0.048985306,0.8620949,414.3347864,14.12445402,0,300,normal,"(400, 2000)",[[0.95 1.   1.   1.   1.  ]],50,adam,1,0.137898117,3
split_resid_norm,non_linear_multi,0.906666667,0.01763514,0.950355427,490.0571867,16.67759037,0.2,300,normal,"(400, 2000)",[[0.6        0.95       0.98333333 1.         1.        ]],50,adam,1,0.04964453,3
split_resid_norm,non_linear_multi,0.93,0.041946623,0.881915628,434.9064982,14.61875963,0.5,300,normal,"(400, 2000)",[[0.68333333 0.96666667 1.         1.         1.        ]],50,adam,1,0.118083578,3
split_resid_norm,non_linear_multi,0.773333333,0.011206863,0.968436117,510.1529423,13.71001816,1,300,normal,"(400, 2000)",[[0.3        0.65       0.93333333 0.98333333 1.        ]],50,adam,1,0.031548345,3
jackknife_plus_ab,non_linear_multi,0.926666667,0.004353659,0.98774335,528.2893998,406.5886023,0,300,normal,"(400, 2000)",[[0.96666667 1.         0.9        0.98333333 0.78333333]],50,adam,1,0.012255948,3
jackknife_plus_ab,non_linear_multi,0.933333333,0.006389159,0.982012843,522.5397882,392.7575154,0.2,300,normal,"(400, 2000)",[[0.98333333 0.98333333 0.98333333 0.91666667 0.8       ]],50,adam,1,0.017986066,3
jackknife_plus_ab,non_linear_multi,0.92,0.004543814,0.987208354,527.5819592,409.8338125,0.5,300,normal,"(400, 2000)",[[1.         0.98333333 0.91666667 0.86666667 0.83333333]],50,adam,1,0.012791251,3
jackknife_plus_ab,non_linear_multi,0.916666667,0.004290879,0.987920508,528.3544464,414.5905511,1,300,normal,"(400, 2000)",[[0.98333333 0.98333333 0.91666667 0.91666667 0.78333333]],50,adam,1,0.012079217,3
split,non_linear_multi,0.993333333,0.051783335,0.966663769,1859.484964,19.5703907,0,300,normal,"(400, 2000)",999,50,adam,1,0.03332781,5
split,non_linear_multi,0.966666667,0.043158069,0.9722191,1885.858813,18.22131181,0.2,300,normal,"(400, 2000)",999,50,adam,1,0.027776579,5
split,non_linear_multi,0.943333333,0.031314834,0.9798439,1917.960432,18.70329142,0.5,300,normal,"(400, 2000)",999,50,adam,1,0.02015426,5
split,non_linear_multi,0.953333333,0.033329916,0.978546047,1912.130007,19.58997011,1,300,normal,"(400, 2000)",999,50,adam,1,0.02145117,5
split_resid_norm,non_linear_multi,0.936666667,8.566024662,-4.513096537,900.1443547,20.14021683,0,300,normal,"(400, 2000)",[[0.68333333 1.         1.         1.         1.        ]],50,adam,1,5.513102605,5
split_resid_norm,non_linear_multi,0.903333333,0.831896355,0.464590614,1249.067069,18.73761559,0.2,300,normal,"(400, 2000)",[[0.56666667 0.95       1.         1.         1.        ]],50,adam,1,0.535409381,5
split_resid_norm,non_linear_multi,0.98,394290.9832,-253763.473,394505.4275,20.57987785,0.5,300,normal,"(400, 2000)",[[0.9 1.  1.  1.  1. ]],50,adam,1,253766.0971,5
split_resid_norm,non_linear_multi,0.966666667,4.032862794,-1.595547703,808.3543208,18.07651782,1,300,normal,"(400, 2000)",[[0.83333333 1.         1.         1.         1.        ]],50,adam,1,2.595554794,5
jackknife_plus_ab,non_linear_multi,0.91,0.022623018,0.985439703,1942.709178,501.673733,0,300,normal,"(400, 2000)",[[0.91666667 0.91666667 0.85       1.         0.86666667]],50,adam,1,0.014560199,5
jackknife_plus_ab,non_linear_multi,0.91,0.021800597,0.985969014,1944.979568,509.1307371,0.2,300,normal,"(400, 2000)",[[0.88333333 0.96666667 0.91666667 0.95       0.83333333]],50,adam,1,0.014030887,5
jackknife_plus_ab,non_linear_multi,0.906666667,0.022162961,0.985735851,1943.55486,518.1455588,0.5,300,normal,"(400, 2000)",[[0.95       0.93333333 0.95       0.91666667 0.78333333]],50,adam,1,0.014264105,5
jackknife_plus_ab,non_linear_multi,0.906666667,0.021726667,0.98601665,1944.433982,521.8772671,1,300,normal,"(400, 2000)",[[0.93333333 0.93333333 0.93333333 0.93333333 0.8       ]],50,adam,1,0.013983306,5
split,non_linear_multi,0.98,0.311799694,0.899187746,3287.923848,23.54424357,0,300,normal,"(400, 2000)",999,50,adam,1,0.100806499,10
split,non_linear_multi,0.973333333,0.154087441,0.950177601,3728.597195,28.64783025,0.2,300,normal,"(400, 2000)",999,50,adam,1,0.049817289,10
split,non_linear_multi,0.946666667,0.118766895,0.961599937,3806.86047,28.46517467,0.5,300,normal,"(400, 2000)",999,50,adam,1,0.038397969,10
split,non_linear_multi,0.97,0.193560878,0.937416145,3610.059635,25.04844713,1,300,normal,"(400, 2000)",999,50,adam,1,0.062579261,10
split_resid_norm,non_linear_multi,0.89,0.648194181,0.790435295,2985.585246,30.06596422,0,300,normal,"(400, 2000)",[[0.58333333 0.9        0.96666667 1.         1.        ]],50,adam,1,0.209564626,10
split_resid_norm,non_linear_multi,0.896666667,0.225346449,0.927144284,3541.250326,28.4573667,0.2,300,normal,"(400, 2000)",[[0.63333333 0.85       1.         1.         1.        ]],50,adam,1,0.072855705,10
split_resid_norm,non_linear_multi,0.94,0.276056987,0.910747851,3415.636849,29.76634526,0.5,300,normal,"(400, 2000)",[[0.78333333 0.91666667 1.         1.         1.        ]],50,adam,1,0.089250692,10
split_resid_norm,non_linear_multi,0.956666667,68.36506335,-21.10272076,1173.118371,26.74932408,1,300,normal,"(400, 2000)",[[0.78333333 1.         1.         1.         1.        ]],50,adam,1,22.10278853,10
jackknife_plus_ab,non_linear_multi,0.92,0.114600515,0.962948659,3825.923288,780.4616816,0,300,normal,"(400, 2000)",[[0.98333333 1.         0.93333333 0.93333333 0.75      ]],50,adam,1,0.037050956,10
jackknife_plus_ab,non_linear_multi,0.913333333,0.130248997,0.957889636,3789.965785,747.9181597,0.2,300,normal,"(400, 2000)",[[1.         1.         0.98333333 0.9        0.68333333]],50,adam,1,0.042110193,10
jackknife_plus_ab,non_linear_multi,0.926666667,0.116924301,0.962197068,3824.782108,783.0998211,0.5,300,normal,"(400, 2000)",[[1.         0.98333333 0.93333333 0.96666667 0.75      ]],50,adam,1,0.037802248,10
jackknife_plus_ab,non_linear_multi,0.93,0.117780061,0.961920214,3820.093014,784.3425436,1,300,normal,"(400, 2000)",[[0.96666667 0.96666667 0.98333333 0.93333333 0.8       ]],50,adam,1,0.03807892,10
split,linear_multi,0.93,0.003285091,0.991088268,551.2907486,88.18502665,0,300,normal,"(400, 2000, 2000, 2000)",999,50,adam,1,0.00891084,3
split,linear_multi,0.943333333,0.005699058,0.984539403,545.3408332,85.93716812,0.2,300,normal,"(400, 2000, 2000, 2000)",999,50,adam,1,0.015458748,3
split,linear_multi,0.85,0.003283812,0.991090151,551.6298421,107.6198373,0.5,300,normal,"(400, 2000, 2000, 2000)",999,50,adam,1,0.008907372,3
split,linear_multi,0.8,0.027547528,0.925267822,500.8569745,85.27049923,1,300,normal,"(400, 2000, 2000, 2000)",999,50,adam,1,0.074722925,3
split_resid_norm,linear_multi,0.946666667,0.016421002,0.955455798,515.203208,84.28108406,0,300,normal,"(400, 2000, 2000, 2000)",[[0.76666667 0.96666667 1.         1.         1.        ]],50,adam,1,0.044542121,3
split_resid_norm,linear_multi,0.98,0.00852423,0.976871695,535.6381901,78.30058861,0.2,300,normal,"(400, 2000, 2000, 2000)",[[0.98333333 0.95       0.98333333 0.98333333 1.        ]],50,adam,1,0.023122053,3
split_resid_norm,linear_multi,0.966666667,0.044121565,0.880315932,452.0881024,110.7469356,0.5,300,normal,"(400, 2000, 2000, 2000)",[[0.83333333 1.         1.         1.         1.        ]],50,adam,1,0.119680156,3
split_resid_norm,linear_multi,0.95,0.01844177,0.949974153,508.478198,109.4515915,1,300,normal,"(400, 2000, 2000, 2000)",[[0.76666667 0.98333333 1.         1.         1.        ]],50,adam,1,0.050023472,3
jackknife_plus_ab,linear_multi,0.92,0.003044201,0.991742179,552.2220813,2137.577569,0,300,normal,"(400, 2000, 2000, 2000)",[[0.96666667 0.96666667 0.96666667 0.95       0.75      ]],50,adam,1,0.008257424,3
jackknife_plus_ab,linear_multi,0.913333333,0.003552326,0.990364108,551.2286026,2050.137598,0.2,300,normal,"(400, 2000, 2000, 2000)",[[0.96666667 0.91666667 0.91666667 0.9        0.86666667]],50,adam,1,0.009635716,3
jackknife_plus_ab,linear_multi,0.923333333,0.003688633,0.989994009,550.332964,2702.870314,0.5,300,normal,"(400, 2000, 2000, 2000)",[[0.96666667 0.98333333 0.93333333 0.96666667 0.76666667]],50,adam,1,0.010005452,3
jackknife_plus_ab,linear_multi,0.923333333,0.00804669,0.978172747,535.8047622,2287.7962,1,300,normal,"(400, 2000, 2000, 2000)",[[1.         0.96666667 0.95       0.95       0.75      ]],50,adam,1,0.02182672,3
split,linear_multi,0.976666667,0.021007386,0.985298127,1743.939716,83.28129816,0,300,normal,"(400, 2000, 2000, 2000)",999,50,adam,1,0.014696082,5
split,linear_multi,0.943333333,0.018926061,0.986758092,1750.438961,76.94921851,0.2,300,normal,"(400, 2000, 2000, 2000)",999,50,adam,1,0.013240055,5
split,linear_multi,0.93,0.015249552,0.989331021,1758.890552,72.67528033,0.5,300,normal,"(400, 2000, 2000, 2000)",999,50,adam,1,0.010668089,5
split,linear_multi,0.89,0.018717683,0.986905621,1751.237306,101.1043904,1,300,normal,"(400, 2000, 2000, 2000)",999,50,adam,1,0.01309428,5
split_resid_norm,linear_multi,0.88,0.037569804,0.973717002,1699.091109,82.13286591,0,300,normal,"(400, 2000, 2000, 2000)",[[0.55       0.86666667 0.98333333 1.         1.        ]],50,adam,1,0.026282608,5
split_resid_norm,linear_multi,0.96,0.234763643,0.835764009,1297.975292,76.46026707,0.2,300,normal,"(400, 2000, 2000, 2000)",[[0.81666667 0.98333333 1.         1.         1.        ]],50,adam,1,0.164232982,5
split_resid_norm,linear_multi,0.926666667,4.68651E+13,-3.27853E+13,4.68651E+13,51.77109361,0.5,300,normal,"(400, 2000, 2000, 2000)",[[0.63333333 1.         1.         1.         1.        ]],50,adam,1,3.27853E+13,5
split_resid_norm,linear_multi,0.98,15.17127274,-9.613265664,620.5898435,102.7444897,1,300,normal,"(400, 2000, 2000, 2000)",[[0.9 1.  1.  1.  1. ]],50,adam,1,10.61332719,5
jackknife_plus_ab,linear_multi,0.9,0.014475046,0.98987373,1760.911706,2273.802898,0,300,normal,"(400, 2000, 2000, 2000)",[[0.93333333 0.93333333 0.95       0.85       0.83333333]],50,adam,1,0.01012627,5
jackknife_plus_ab,linear_multi,0.916666667,0.014573301,0.98980472,1760.641572,2256.21988,0.2,300,normal,"(400, 2000, 2000, 2000)",[[0.95       0.9        0.91666667 0.93333333 0.88333333]],50,adam,1,0.010195005,5
jackknife_plus_ab,linear_multi,0.926666667,0.01296765,0.990927551,1766.894942,1967.442761,0.5,300,normal,"(400, 2000, 2000, 2000)",[[0.93333333 0.95       0.91666667 0.96666667 0.86666667]],50,adam,1,0.009071744,5
jackknife_plus_ab,linear_multi,0.956666667,0.041220114,0.971160635,1650.461948,2752.888003,1,300,normal,"(400, 2000, 2000, 2000)",[[1.         1.         1.         0.98333333 0.8       ]],50,adam,1,0.028836247,5
split,linear_multi,0.986666667,0.12800128,0.956539049,3648.633265,188.9660904,0,300,normal,"(400, 2000, 2000, 2000)",999,50,adam,1,0.043453767,10
split,linear_multi,0.986666667,0.110048565,0.962633576,3709.842692,105.8940136,0.2,300,normal,"(400, 2000, 2000, 2000)",999,50,adam,1,0.037359194,10
split,linear_multi,0.99,0.095773565,0.967479034,3743.590823,115.3285663,0.5,300,normal,"(400, 2000, 2000, 2000)",999,50,adam,1,0.032513129,10
split,linear_multi,0.986666667,0.119742866,0.959342587,3669.525799,138.5758924,1,300,normal,"(400, 2000, 2000, 2000)",999,50,adam,1,0.040650207,10
split_resid_norm,linear_multi,0.99,11.0754412,-2.759859072,1244.518419,177.5891154,0,300,normal,"(400, 2000, 2000, 2000)",[[0.95 1.   1.   1.   1.  ]],50,adam,1,3.759881427,10
split_resid_norm,linear_multi,0.98,947301.8725,-321586.1817,947725.9002,116.397249,0.2,300,normal,"(400, 2000, 2000, 2000)",[[0.9 1.  1.  1.  1. ]],50,adam,1,321589.2398,10
split_resid_norm,linear_multi,0.976666667,0.588615454,0.800172619,2865.584228,107.6576996,0.5,300,normal,"(400, 2000, 2000, 2000)",[[0.88333333 1.         1.         1.         1.        ]],50,adam,1,0.199822677,10
split_resid_norm,linear_multi,0.98,28.80228358,-8.777718734,1033.679223,103.2120576,1,300,normal,"(400, 2000, 2000, 2000)",[[0.9 1.  1.  1.  1. ]],50,adam,1,9.777774912,10
jackknife_plus_ab,linear_multi,0.926666667,0.062761277,0.978693159,3819.505357,4434.482659,0,300,normal,"(400, 2000, 2000, 2000)",[[1.         1.         0.96666667 0.96666667 0.7       ]],50,adam,1,0.021306145,10
jackknife_plus_ab,linear_multi,0.936666667,0.054140112,0.981619241,3849.520524,2589.015765,0.2,300,normal,"(400, 2000, 2000, 2000)",[[1.         1.         0.96666667 0.96666667 0.75      ]],50,adam,1,0.018379439,10
jackknife_plus_ab,linear_multi,0.93,0.058512518,0.980135338,3832.828351,2633.078839,0.5,300,normal,"(400, 2000, 2000, 2000)",[[0.95       1.         0.98333333 0.96666667 0.75      ]],50,adam,1,0.01986378,10
jackknife_plus_ab,linear_multi,0.923333333,0.063085349,0.978583306,3818.411447,3263.809421,1,300,normal,"(400, 2000, 2000, 2000)",[[0.98333333 0.98333333 0.96666667 0.96666667 0.71666667]],50,adam,1,0.021416161,10
split,poly_multi,0.92,0.034118293,0.98829057,3952.728404,86.35722899,0,300,normal,"(400, 2000, 2000, 2000)",999,50,adam,1,0.011709035,3
split,poly_multi,0.916666667,0.040101201,0.986237421,3934.890349,93.56615758,0.2,300,normal,"(400, 2000, 2000, 2000)",999,50,adam,1,0.013762305,3
split,poly_multi,0.866666667,0.031461449,0.989201667,3962.658354,98.39269018,0.5,300,normal,"(400, 2000, 2000, 2000)",999,50,adam,1,0.010797234,3
split,poly_multi,0.956666667,0.032330747,0.988901257,3961.334317,83.37909985,1,300,normal,"(400, 2000, 2000, 2000)",999,50,adam,1,0.011095568,3
split_resid_norm,poly_multi,0.993333333,0.06677591,0.977074708,3859.06021,86.50311589,0,300,normal,"(400, 2000, 2000, 2000)",[[0.98333333 0.98333333 1.         1.         1.        ]],50,adam,1,0.022916781,3
split_resid_norm,poly_multi,0.973333333,0.070064625,0.975949319,3853.360807,96.10050154,0.2,300,normal,"(400, 2000, 2000, 2000)",[[0.95       0.93333333 0.98333333 1.         1.        ]],50,adam,1,0.024045433,3
split_resid_norm,poly_multi,0.9,0.110362152,0.962124885,3742.307234,101.8559175,0.5,300,normal,"(400, 2000, 2000, 2000)",[[0.6 0.9 1.  1.  1. ]],50,adam,1,0.037875115,3
split_resid_norm,poly_multi,0.983333333,0.161291958,0.944639758,3591.192063,86.05483961,1,300,normal,"(400, 2000, 2000, 2000)",[[0.91666667 1.         1.         1.         1.        ]],50,adam,1,0.055353682,3
jackknife_plus_ab,poly_multi,0.903333333,0.030143192,0.989655167,3963.0857,2515.073619,0,300,normal,"(400, 2000, 2000, 2000)",[[0.91666667 0.95       0.95       0.9        0.8       ]],50,adam,1,0.010344822,3
jackknife_plus_ab,poly_multi,0.91,0.031241567,0.989278128,3960.202688,2664.496622,0.2,300,normal,"(400, 2000, 2000, 2000)",[[0.98333333 0.91666667 0.91666667 0.9        0.83333333]],50,adam,1,0.010721773,3
jackknife_plus_ab,poly_multi,0.913333333,0.028429299,0.990243191,3968.281182,2720.516539,0.5,300,normal,"(400, 2000, 2000, 2000)",[[0.93333333 0.96666667 0.96666667 0.88333333 0.81666667]],50,adam,1,0.009756633,3
jackknife_plus_ab,poly_multi,0.916666667,0.023354423,0.991984735,3983.728963,2355.53348,1,300,normal,"(400, 2000, 2000, 2000)",[[0.98333333 0.93333333 0.91666667 0.96666667 0.78333333]],50,adam,1,0.008014989,3
split,poly_multi,0.97,0.183045577,0.976225844,9277.15932,130.9362638,0,300,normal,"(400, 2000, 2000, 2000)",999,50,adam,1,0.023769372,5
split,poly_multi,0.913333333,0.144070355,0.981291578,9418.454836,109.8628745,0.2,300,normal,"(400, 2000, 2000, 2000)",999,50,adam,1,0.018708247,5
split,poly_multi,0.986666667,0.241588307,0.96862129,9084.369506,129.7471733,0.5,300,normal,"(400, 2000, 2000, 2000)",999,50,adam,1,0.031371435,5
split,poly_multi,0.99,0.460014579,0.940257219,8474.305835,137.5650005,1,300,normal,"(400, 2000, 2000, 2000)",999,50,adam,1,0.059735165,5
split_resid_norm,poly_multi,0.933333333,1.847343697,0.760112454,7015.284894,149.1920769,0,300,normal,"(400, 2000, 2000, 2000)",[[0.68333333 0.98333333 1.         1.         1.        ]],50,adam,1,0.239886701,5
split_resid_norm,poly_multi,0.96,525.0721406,-67.18296841,3131.808968,95.80821443,0.2,300,normal,"(400, 2000, 2000, 2000)",[[0.8 1.  1.  1.  1. ]],50,adam,1,68.18321027,5
split_resid_norm,poly_multi,0.906666667,889257.6092,-115473.4866,891613.1918,102.5956101,0.5,300,normal,"(400, 2000, 2000, 2000)",[[0.53333333 1.         1.         1.         1.        ]],50,adam,1,115474.4917,5
split_resid_norm,poly_multi,0.966666667,26.35980517,-2.422940097,4427.638806,135.0517478,1,300,normal,"(400, 2000, 2000, 2000)",[[0.83333333 1.         1.         1.         1.        ]],50,adam,1,3.422950866,5
jackknife_plus_ab,poly_multi,0.923333333,0.129055306,0.983240996,9425.220934,3299.752272,0,300,normal,"(400, 2000, 2000, 2000)",[[0.98333333 1.         0.96666667 0.91666667 0.75      ]],50,adam,1,0.016758469,5
jackknife_plus_ab,poly_multi,0.91,0.121465842,0.984226962,9440.579971,3479.773708,0.2,300,normal,"(400, 2000, 2000, 2000)",[[1.         0.98333333 0.91666667 0.91666667 0.73333333]],50,adam,1,0.015772939,5
jackknife_plus_ab,poly_multi,0.923333333,0.131336584,0.982944761,9409.268821,3425.490901,0.5,300,normal,"(400, 2000, 2000, 2000)",[[0.98333333 0.96666667 0.96666667 0.95       0.75      ]],50,adam,1,0.017054704,5
jackknife_plus_ab,poly_multi,0.92,0.133463623,0.982668696,9400.846067,3743.717457,1,300,normal,"(400, 2000, 2000, 2000)",[[0.98333333 1.         1.         0.91666667 0.7       ]],50,adam,1,0.017330911,5
split,poly_multi,0.983333333,2.610253685,0.865184188,15881.25763,127.8427067,0,300,normal,"(400, 2000, 2000, 2000)",999,50,adam,1,0.134809804,10
split,poly_multi,0.87,5.741000584,0.703498239,6006.038565,81.51255441,0.2,300,normal,"(400, 2000, 2000, 2000)",999,50,adam,1,0.296501128,10
split,poly_multi,0.986666667,4.25142398,0.78042405,12219.98493,145.2693019,0.5,300,normal,"(400, 2000, 2000, 2000)",999,50,adam,1,0.219570088,10
split,poly_multi,0.986666667,4.004927282,0.793154583,13018.37046,125.7009141,1,300,normal,"(400, 2000, 2000, 2000)",999,50,adam,1,0.206839459,10
split_resid_norm,poly_multi,0.896666667,137.5951093,-6.10627078,6602.236156,98.06343007,0,300,normal,"(400, 2000, 2000, 2000)",[[0.48333333 1.         1.         1.         1.        ]],50,adam,1,7.106270848,10
split_resid_norm,poly_multi,0.966666667,166359594.3,-8591809.331,166361326.2,129.2627504,0.2,300,normal,"(400, 2000, 2000, 2000)",[[0.83333333 1.         1.         1.         1.        ]],50,adam,1,8591848.517,10
split_resid_norm,poly_multi,0.92,1277526.603,-65978.42667,1281316.07,119.3212857,0.5,300,normal,"(400, 2000, 2000, 2000)",[[0.6 1.  1.  1.  1. ]],50,adam,1,65979.45306,10
split_resid_norm,poly_multi,0.963333333,5.065060173,0.738405695,12704.47006,138.8615375,1,300,normal,"(400, 2000, 2000, 2000)",[[0.83333333 1.         0.98333333 1.         1.        ]],50,adam,1,0.261591343,10
jackknife_plus_ab,poly_multi,0.916666667,1.635167888,0.915549463,17948.20184,4543.861105,0,300,normal,"(400, 2000, 2000, 2000)",[[1.         0.98333333 0.96666667 0.96666667 0.66666667]],50,adam,1,0.084450283,10
jackknife_plus_ab,poly_multi,0.92,1.66268473,0.91412821,17915.60912,4415.075997,0.2,300,normal,"(400, 2000, 2000, 2000)",[[1.         1.         0.98333333 0.96666667 0.65      ]],50,adam,1,0.085871424,10
jackknife_plus_ab,poly_multi,0.913333333,1.630368582,0.915797421,18034.39678,4406.773853,0.5,300,normal,"(400, 2000, 2000, 2000)",[[1.         1.         0.96666667 0.98333333 0.61666667]],50,adam,1,0.084202417,10
jackknife_plus_ab,poly_multi,0.93,1.655656187,0.91449075,17962.2817,4315.634558,1,300,normal,"(400, 2000, 2000, 2000)",[[1.         1.         0.98333333 0.98333333 0.68333333]],50,adam,1,0.085508427,10
split,non_linear_multi,0.926666667,0.004090684,0.988483649,528.9311434,77.44159079,0,300,normal,"(400, 2000, 2000, 2000)",999,50,adam,1,0.011515648,3
split,non_linear_multi,0.943333333,0.003825837,0.989228063,529.3197532,87.63123679,0.2,300,normal,"(400, 2000, 2000, 2000)",999,50,adam,1,0.01077008,3
split,non_linear_multi,0.953333333,0.005048026,0.98578654,525.5155476,70.66902137,0.5,300,normal,"(400, 2000, 2000, 2000)",999,50,adam,1,0.014210656,3
split,non_linear_multi,0.916666667,0.004188268,0.988209368,528.7040554,72.13179708,1,300,normal,"(400, 2000, 2000, 2000)",999,50,adam,1,0.011790358,3
split_resid_norm,non_linear_multi,0.88,0.006117778,0.982777503,522.7525117,74.25099635,0,300,normal,"(400, 2000, 2000, 2000)",[[0.65       0.81666667 0.96666667 0.96666667 1.        ]],50,adam,1,0.017222104,3
split_resid_norm,non_linear_multi,0.843333333,0.010082307,0.971614263,512.4379964,81.27533126,0.2,300,normal,"(400, 2000, 2000, 2000)",[[0.48333333 0.76666667 0.96666667 1.         1.        ]],50,adam,1,0.028382617,3
split_resid_norm,non_linear_multi,0.946666667,0.011598309,0.967347592,507.2914855,63.51464176,0.5,300,normal,"(400, 2000, 2000, 2000)",[[0.85       0.9        0.98333333 1.         1.        ]],50,adam,1,0.032650301,3
split_resid_norm,non_linear_multi,0.946666667,0.005955102,0.983233702,523.6580664,79.98527837,1,300,normal,"(400, 2000, 2000, 2000)",[[0.81666667 0.93333333 0.98333333 1.         1.        ]],50,adam,1,0.016764157,3
jackknife_plus_ab,non_linear_multi,0.926666667,0.00452434,0.987262868,526.9469666,2190.524456,0,300,normal,"(400, 2000, 2000, 2000)",[[0.98333333 0.96666667 0.93333333 0.85       0.9       ]],50,adam,1,0.01273643,3
jackknife_plus_ab,non_linear_multi,0.913333333,0.003746631,0.989452714,529.7615209,2154.092471,0.2,300,normal,"(400, 2000, 2000, 2000)",[[0.86666667 0.86666667 0.96666667 0.98333333 0.88333333]],50,adam,1,0.01054711,3
jackknife_plus_ab,non_linear_multi,0.903333333,0.004113309,0.988420648,528.3878653,2163.582739,0.5,300,normal,"(400, 2000, 2000, 2000)",[[0.96666667 0.9        0.9        0.9        0.85      ]],50,adam,1,0.011579341,3
jackknife_plus_ab,non_linear_multi,0.913333333,0.003943845,0.988897539,529.1569692,2211.525386,1,300,normal,"(400, 2000, 2000, 2000)",[[0.93333333 0.86666667 0.95       0.91666667 0.9       ]],50,adam,1,0.011102285,3
split,non_linear_multi,0.94,0.048878005,0.968540514,1872.188316,97.18221998,0,300,normal,"(400, 2000, 2000, 2000)",999,50,adam,1,0.031457936,5
split,non_linear_multi,0.963333333,0.022626571,0.985433562,1940.209458,135.5664942,0.2,300,normal,"(400, 2000, 2000, 2000)",999,50,adam,1,0.014562485,5
split,non_linear_multi,0.946666667,0.059805916,0.961506755,1832.596828,104.3078492,0.5,300,normal,"(400, 2000, 2000, 2000)",999,50,adam,1,0.038491151,5
split,non_linear_multi,0.963333333,0.01594919,0.989731114,1959.881181,137.1450133,1,300,normal,"(400, 2000, 2000, 2000)",999,50,adam,1,0.010264916,5
split_resid_norm,non_linear_multi,0.943333333,0.49529965,0.681223338,1162.721069,107.7786143,0,300,normal,"(400, 2000, 2000, 2000)",[[0.71666667 1.         1.         1.         1.        ]],50,adam,1,0.318775383,5
split_resid_norm,non_linear_multi,0.963333333,110.1875146,-69.91652144,634.4332886,120.9782913,0.2,300,normal,"(400, 2000, 2000, 2000)",[[0.81666667 1.         1.         1.         1.        ]],50,adam,1,70.91680189,5
split_resid_norm,non_linear_multi,0.93,42883.51543,-27598.85141,43453.52541,130.6729779,0.5,300,normal,"(400, 2000, 2000, 2000)",[[0.65 1.   1.   1.   1.  ]],50,adam,1,27599.87625,5
split_resid_norm,non_linear_multi,0.903333333,255.9865654,-163.7532246,1061.191443,130.6009827,1,300,normal,"(400, 2000, 2000, 2000)",[[0.51666667 1.         1.         1.         1.        ]],50,adam,1,164.7532264,5
jackknife_plus_ab,non_linear_multi,0.913333333,0.020954236,0.986513656,1945.106512,3274.818664,0,300,normal,"(400, 2000, 2000, 2000)",[[0.96666667 0.91666667 0.93333333 0.85       0.9       ]],50,adam,1,0.013486169,5
jackknife_plus_ab,non_linear_multi,0.906666667,0.021680561,0.986046324,1943.253397,3290.109984,0.2,300,normal,"(400, 2000, 2000, 2000)",[[0.9        0.98333333 0.9        0.93333333 0.81666667]],50,adam,1,0.013953632,5
jackknife_plus_ab,non_linear_multi,0.903333333,0.019677037,0.987335827,1948.425419,3281.793466,0.5,300,normal,"(400, 2000, 2000, 2000)",[[0.93333333 0.93333333 0.95       0.9        0.8       ]],50,adam,1,0.012664162,5
jackknife_plus_ab,non_linear_multi,0.903333333,0.019165851,0.987664827,1951.220638,3331.634649,1,300,normal,"(400, 2000, 2000, 2000)",[[0.96666667 0.98333333 0.88333333 0.9        0.78333333]],50,adam,1,0.012335162,5
split,non_linear_multi,0.98,0.210115772,0.932062488,3560.270386,73.62911725,0,300,normal,"(400, 2000, 2000, 2000)",999,50,adam,1,0.067931547,10
split,non_linear_multi,0.846666667,0.235211801,0.923952146,3427.821908,55.45730901,0.2,300,normal,"(400, 2000, 2000, 2000)",999,50,adam,1,0.076045226,10
split,non_linear_multi,0.983333333,0.138308744,0.955277414,3759.196796,135.7676508,0.5,300,normal,"(400, 2000, 2000, 2000)",999,50,adam,1,0.044715952,10
split,non_linear_multi,0.953333333,0.155026211,0.9498765,3702.758613,76.14536262,1,300,normal,"(400, 2000, 2000, 2000)",999,50,adam,1,0.050120798,10
split_resid_norm,non_linear_multi,0.96,13.14077586,-3.248471021,1249.432307,85.91905499,0,300,normal,"(400, 2000, 2000, 2000)",[[0.8 1.  1.  1.  1. ]],50,adam,1,4.248482716,10
split_resid_norm,non_linear_multi,0.963333333,316.346447,-101.2760823,980.8507187,85.50245643,0.2,300,normal,"(400, 2000, 2000, 2000)",[[0.81666667 1.         1.         1.         1.        ]],50,adam,1,102.2764886,10
split_resid_norm,non_linear_multi,0.956666667,0.941713025,0.695536938,2498.171087,121.5265749,0.5,300,normal,"(400, 2000, 2000, 2000)",[[0.78333333 1.         1.         1.         1.        ]],50,adam,1,0.304460829,10
split_resid_norm,non_linear_multi,0.95,11.55925924,-2.737163137,1218.988592,58.56534529,1,300,normal,"(400, 2000, 2000, 2000)",[[0.75 1.   1.   1.   1.  ]],50,adam,1,3.73716998,10
jackknife_plus_ab,non_linear_multi,0.913333333,0.091715388,0.970347755,3880.982834,4028.504779,0,300,normal,"(400, 2000, 2000, 2000)",[[1.         0.95       0.95       0.88333333 0.78333333]],50,adam,1,0.029652073,10
jackknife_plus_ab,non_linear_multi,0.92,0.096082932,0.96893549,3868.548715,3766.01543,0.2,300,normal,"(400, 2000, 2000, 2000)",[[0.98333333 0.98333333 0.91666667 0.9        0.81666667]],50,adam,1,0.031064123,10
jackknife_plus_ab,non_linear_multi,0.916666667,0.093742588,0.969692254,3874.675735,4011.94721,0.5,300,normal,"(400, 2000, 2000, 2000)",[[1.         0.95       0.95       0.91666667 0.76666667]],50,adam,1,0.030307477,10
jackknife_plus_ab,non_linear_multi,0.93,0.089200978,0.971159976,3885.331748,4090.245797,1,300,normal,"(400, 2000, 2000, 2000)",[[0.95       0.96666667 0.96666667 0.95       0.81666667]],50,adam,1,0.02883915,10
