strategy,data_name,coverage,mean_width,cwc,mwi,total_time,noise_std,num_samples,noise_type,layer_size,ssc,cv_size
cv,sinex_het,0.883333333,4.87228949,0.611893087,5902.743795,17.35382056,0,1000,normal,"(200, 1000)",999,5
cv,sinex_het,0.906666667,4.822531288,0.697290323,5790.896382,16.5696094,0.2,1000,normal,"(200, 1000)",999,5
cv,sinex_het,0.89,5.181217508,0.678523924,6229.864121,14.8701601,0.5,1000,normal,"(200, 1000)",999,5
cv,sinex_het,0.883333333,5.799043649,0.616031408,5479.272326,14.02528882,1,1000,normal,"(200, 1000)",999,5
cv_plus,sinex_het,0.883333333,4.903093916,0.609439332,5794.859733,16.95263696,0,1000,normal,"(200, 1000)",[[1.         0.98333333 0.81666667 0.88333333 0.73333333]],5
cv_plus,sinex_het,0.913333333,4.897235415,0.692601063,5721.277763,15.08997488,0.2,1000,normal,"(200, 1000)",[[0.81666667 0.9        0.95       0.96666667 0.93333333]],5
cv_plus,sinex_het,0.893333333,5.304782298,0.670857209,5771.101531,16.20209241,0.5,1000,normal,"(200, 1000)",[[0.78333333 0.78333333 0.96666667 0.95       0.98333333]],5
cv_plus,sinex_het,0.896666667,5.974020935,0.604445911,5146.514748,15.00486135,1,1000,normal,"(200, 1000)",[[1.         0.88333333 0.86666667 0.93333333 0.8       ]],5
cv,sinex_het,0.896666667,4.678513299,0.643888629,5884.046014,32.14210558,0,1000,normal,"(200, 1000)",999,10
cv,sinex_het,0.93,5.299764183,0.662431944,5256.946493,31.62009048,0.2,1000,normal,"(200, 1000)",999,10
cv,sinex_het,0.91,5.264917946,0.702514467,6039.680739,32.38106847,0.5,1000,normal,"(200, 1000)",999,10
cv,sinex_het,0.89,5.795553095,0.588574062,5516.665143,36.08833098,1,1000,normal,"(200, 1000)",999,10
cv_plus,sinex_het,0.906666667,4.831791981,0.632221593,5775.365802,28.78962159,0,1000,normal,"(200, 1000)",[[0.88333333 0.95       0.95       0.98333333 0.76666667]],10
cv_plus,sinex_het,0.933333333,5.558740892,0.645936351,4673.858332,31.26629066,0.2,1000,normal,"(200, 1000)",[[0.96666667 1.         0.95       0.9        0.85      ]],10
cv_plus,sinex_het,0.913333333,5.268420976,0.70231648,5694.017759,32.92446709,0.5,1000,normal,"(200, 1000)",[[0.91666667 0.91666667 0.96666667 0.95       0.81666667]],10
cv_plus,sinex_het,0.9,5.96444683,0.576584367,5200.995166,38.43058062,1,1000,normal,"(200, 1000)",[[0.98333333 0.98333333 0.88333333 0.85       0.8       ]],10
cv,sinex_het,0.913333333,5.010870454,0.678444853,5767.021284,63.1133678,0,1000,normal,"(200, 1000)",999,20
cv,sinex_het,0.886666667,5.04513338,0.599699477,4872.983097,59.9466939,0.2,1000,normal,"(200, 1000)",999,20
cv,sinex_het,0.88,5.034706235,0.697710411,5837.996445,65.7697258,0.5,1000,normal,"(200, 1000)",999,20
cv,sinex_het,0.913333333,5.86447931,0.616802375,5232.826483,65.98014975,1,1000,normal,"(200, 1000)",999,20
cv_plus,sinex_het,0.913333333,4.99699096,0.67933552,5623.308819,64.62461996,0,1000,normal,"(200, 1000)",[[1.         0.95       0.91666667 0.86666667 0.83333333]],20
cv_plus,sinex_het,0.906666667,5.128599831,0.593077006,4944.762916,63.08479857,0.2,1000,normal,"(200, 1000)",[[1.         0.93333333 0.95       0.88333333 0.76666667]],20
cv_plus,sinex_het,0.883333333,5.013097266,0.699007923,5985.973793,67.01101804,0.5,1000,normal,"(200, 1000)",[[0.9        0.86666667 0.9        0.86666667 0.88333333]],20
cv_plus,sinex_het,0.913333333,5.959278308,0.610608009,5096.638281,68.83269715,1,1000,normal,"(200, 1000)",[[0.98333333 0.95       0.9        0.9        0.83333333]],20
cv,sinex_het,0.866666667,4.903088138,0.724273388,5911.746395,146.5623477,0,1000,normal,"(200, 1000)",999,50
cv,sinex_het,0.873333333,5.411661996,0.622449761,5485.972965,142.195118,0.2,1000,normal,"(200, 1000)",999,50
cv,sinex_het,0.936666667,5.459625,0.621022037,4774.121109,134.3410106,0.5,1000,normal,"(200, 1000)",999,50
cv,sinex_het,0.883333333,5.798202375,0.633646764,5227.085772,144.845278,1,1000,normal,"(200, 1000)",999,50
cv_plus,sinex_het,0.87,4.78298381,0.731027618,6025.894477,143.0747697,0,1000,normal,"(200, 1000)",[[1.         0.98333333 0.85       0.78333333 0.73333333]],50
cv_plus,sinex_het,0.876666667,5.341945893,0.627313673,5394.633681,142.4269292,0.2,1000,normal,"(200, 1000)",[[1.         0.96666667 0.96666667 0.76666667 0.68333333]],50
cv_plus,sinex_het,0.94,5.505624618,0.617828843,4702.806318,130.3318729,0.5,1000,normal,"(200, 1000)",[[0.88333333 0.9        0.95       0.98333333 0.98333333]],50
cv_plus,sinex_het,0.873333333,5.617433775,0.645068147,5391.428968,149.9308126,1,1000,normal,"(200, 1000)",[[0.93333333 0.95       0.9        0.85       0.73333333]],50
cv,sinex_con,0.92,0.672532352,0.898617873,12482.91819,16.78938818,0,1000,normal,"(200, 1000)",999,5
cv,sinex_con,0.906666667,0.906245696,0.87735307,12008.9652,15.91340995,0.2,1000,normal,"(200, 1000)",999,5
cv,sinex_con,0.903333333,1.753188789,0.781204279,10053.27185,13.98872566,0.5,1000,normal,"(200, 1000)",999,5
cv,sinex_con,0.893333333,3.411182862,0.652013888,7342.535605,13.99006772,1,1000,normal,"(200, 1000)",999,5
cv_plus,sinex_con,0.893333333,0.676086045,0.898082486,12459.76975,16.88212132,0,1000,normal,"(200, 1000)",[[1.         0.88333333 0.96666667 0.83333333 0.78333333]],5
cv_plus,sinex_con,0.9,0.932718757,0.873770373,11871.88415,17.44575739,0.2,1000,normal,"(200, 1000)",[[0.88333333 0.96666667 0.93333333 0.9        0.81666667]],5
cv_plus,sinex_con,0.9,1.80083119,0.775258577,9852.922494,15.34279871,0.5,1000,normal,"(200, 1000)",[[0.91666667 0.88333333 0.95       0.85       0.9       ]],5
cv_plus,sinex_con,0.886666667,3.396504821,0.653511156,7301.731172,14.04846954,1,1000,normal,"(200, 1000)",[[0.91666667 0.93333333 0.86666667 0.88333333 0.83333333]],5
cv,sinex_con,0.876666667,0.598063197,0.909843687,12676.4289,34.54924464,0,1000,normal,"(200, 1000)",999,10
cv,sinex_con,0.883333333,0.890720554,0.881244398,11973.57524,35.34443188,0.2,1000,normal,"(200, 1000)",999,10
cv,sinex_con,0.903333333,1.781171686,0.783669119,10160.08873,37.88085175,0.5,1000,normal,"(200, 1000)",999,10
cv,sinex_con,0.9,3.408042525,0.683723856,7705.579811,40.15626502,1,1000,normal,"(200, 1000)",999,10
cv_plus,sinex_con,0.896666667,0.60066627,0.909451769,12758.64,36.39171195,0,1000,normal,"(200, 1000)",[[0.8        0.93333333 0.88333333 0.86666667 1.        ]],10
cv_plus,sinex_con,0.88,0.867295932,0.884367378,12102.2543,37.81073618,0.2,1000,normal,"(200, 1000)",[[0.96666667 0.95       0.93333333 0.85       0.7       ]],10
cv_plus,sinex_con,0.903333333,1.81100789,0.780045386,10183.55645,40.18631196,0.5,1000,normal,"(200, 1000)",[[0.88333333 0.86666667 0.95       0.95       0.86666667]],10
cv_plus,sinex_con,0.88,3.3597341,0.688206741,7827.921278,38.20959044,1,1000,normal,"(200, 1000)",[[0.8        0.95       0.91666667 0.83333333 0.9       ]],10
cv,sinex_con,0.863333333,0.563059787,0.915119587,12768.36337,80.46733308,0,1000,normal,"(200, 1000)",999,20
cv,sinex_con,0.906666667,0.828745081,0.88437549,12167.01794,67.30579019,0.2,1000,normal,"(200, 1000)",999,20
cv,sinex_con,0.91,1.790134546,0.7999632,10083.26192,63.68785429,0.5,1000,normal,"(200, 1000)",999,20
cv,sinex_con,0.906666667,3.434417966,0.685911138,7615.045788,57.2887907,1,1000,normal,"(200, 1000)",999,20
cv_plus,sinex_con,0.9,0.553242976,0.916600665,12857.50221,81.98918915,0,1000,normal,"(200, 1000)",[[1.         1.         1.         0.78333333 0.71666667]],20
cv_plus,sinex_con,0.906666667,0.817903975,0.885888015,12286.33241,67.45624518,0.2,1000,normal,"(200, 1000)",[[0.98333333 0.96666667 0.96666667 0.86666667 0.75      ]],20
cv_plus,sinex_con,0.933333333,1.841522381,0.794220118,9891.271415,63.56193638,0.5,1000,normal,"(200, 1000)",[[0.91666667 0.95       0.88333333 0.96666667 0.95      ]],20
cv_plus,sinex_con,0.906666667,3.485120286,0.681274244,7401.375718,55.68383336,1,1000,normal,"(200, 1000)",[[0.9        0.93333333 0.95       0.88333333 0.86666667]],20
cv,sinex_con,0.876666667,0.598225613,0.909819203,12676.00377,214.1264997,0,1000,normal,"(200, 1000)",999,50
cv,sinex_con,0.9,0.91144113,0.875943802,11844.71697,160.5314312,0.2,1000,normal,"(200, 1000)",999,50
cv,sinex_con,0.916666667,1.818535122,0.787905712,9878.779505,144.9828746,0.5,1000,normal,"(200, 1000)",999,50
cv,sinex_con,0.92,3.409667206,0.695020978,7387.338161,146.190599,1,1000,normal,"(200, 1000)",999,50
cv_plus,sinex_con,0.91,0.644034356,0.90291411,12565.43402,212.3440416,0,1000,normal,"(200, 1000)",[[1.   1.   1.   1.   0.55]],50
cv_plus,sinex_con,0.926666667,0.927444429,0.873764972,11856.13518,153.1669331,0.2,1000,normal,"(200, 1000)",[[0.98333333 0.98333333 0.95       0.83333333 0.88333333]],50
cv_plus,sinex_con,0.903333333,1.799437026,0.790133315,9963.471518,139.6540051,0.5,1000,normal,"(200, 1000)",[[0.93333333 0.85       0.95       0.88333333 0.9       ]],50
cv_plus,sinex_con,0.926666667,3.435921719,0.69267242,7214.154187,148.4362917,1,1000,normal,"(200, 1000)",[[0.88333333 0.93333333 0.95       1.         0.86666667]],50
cv,linear,0.98,0.011211343,0.998872473,20034.78424,9.610058784,0,1000,normal,"(200, 1000)",999,5
cv,linear,0.94,0.696060038,0.933202799,18084.08417,10.25349188,0.2,1000,normal,"(200, 1000)",999,5
cv,linear,0.88,1.624856519,0.855943687,15904.93438,9.60982132,0.5,1000,normal,"(200, 1000)",999,5
cv,linear,0.906666667,3.613688027,0.728369209,11508.56121,9.782698154,1,1000,normal,"(200, 1000)",999,5
cv_plus,linear,0.973333333,0.014822093,0.998512421,20025.60082,9.826878071,0,1000,normal,"(200, 1000)",[[0.98333333 0.93333333 0.98333333 0.98333333 0.98333333]],5
cv_plus,linear,0.936666667,0.705636409,0.932284065,18037.39717,10.54121327,0.2,1000,normal,"(200, 1000)",[[0.95       0.96666667 0.93333333 0.93333333 0.9       ]],5
cv_plus,linear,0.883333333,1.615176308,0.856802017,15814.86031,10.3879528,0.5,1000,normal,"(200, 1000)",[[0.88333333 0.88333333 0.85       0.93333333 0.86666667]],5
cv_plus,linear,0.92,3.603672694,0.729121774,11518.07834,7.483795404,1,1000,normal,"(200, 1000)",[[0.9        0.93333333 0.95       0.91666667 0.9       ]],5
cv,linear,0.963333333,0.008914226,0.99910457,20041.65095,19.26843667,0,1000,normal,"(200, 1000)",999,10
cv,linear,0.91,0.677089966,0.934455842,18144.00657,18.88838673,0.2,1000,normal,"(200, 1000)",999,10
cv,linear,0.906666667,1.58029839,0.865196846,15761.21456,21.58904409,0.5,1000,normal,"(200, 1000)",999,10
cv,linear,0.91,3.413689901,0.742439802,12160.79028,25.79439187,1,1000,normal,"(200, 1000)",999,10
cv_plus,linear,0.953333333,0.009734804,0.999023678,20037.61146,19.10128641,0,1000,normal,"(200, 1000)",[[1.         0.96666667 1.         0.93333333 0.86666667]],10
cv_plus,linear,0.923333333,0.693761052,0.932841623,18067.26368,20.15022659,0.2,1000,normal,"(200, 1000)",[[0.96666667 0.93333333 0.91666667 0.9        0.9       ]],10
cv_plus,linear,0.906666667,1.60749677,0.862876761,15656.53029,22.80040741,0.5,1000,normal,"(200, 1000)",[[0.88333333 0.88333333 0.91666667 0.91666667 0.93333333]],10
cv_plus,linear,0.906666667,3.370953098,0.7456643,12205.33822,20.38600993,1,1000,normal,"(200, 1000)",[[0.88333333 0.95       0.9        0.86666667 0.93333333]],10
cv,linear,0.966666667,0.009062336,0.999089326,20041.2082,36.7293551,0,1000,normal,"(200, 1000)",999,20
cv,linear,0.93,0.639748041,0.938724561,18162.65351,36.08887386,0.2,1000,normal,"(200, 1000)",999,20
cv,linear,0.893333333,1.585475043,0.856049182,15578.54965,32.41552305,0.5,1000,normal,"(200, 1000)",999,20
cv,linear,0.916666667,3.22897109,0.748086971,12208.19163,36.94469953,1,1000,normal,"(200, 1000)",999,20
cv_plus,linear,0.93,0.010754302,0.998923671,20038.13677,35.55776834,0,1000,normal,"(200, 1000)",[[0.68333333 0.96666667 1.         1.         1.        ]],20
cv_plus,linear,0.923333333,0.644629886,0.938257315,18121.3635,37.17518187,0.2,1000,normal,"(200, 1000)",[[0.86666667 0.96666667 0.95       0.9        0.93333333]],20
cv_plus,linear,0.9,1.589079062,0.855721999,15584.04043,36.49071455,0.5,1000,normal,"(200, 1000)",[[0.9        0.91666667 0.95       0.86666667 0.86666667]],20
cv_plus,linear,0.903333333,3.248133373,0.746592198,12150.90515,38.14915919,1,1000,normal,"(200, 1000)",[[0.86666667 0.91666667 0.91666667 0.95       0.86666667]],20
cv,linear,0.96,0.008546296,0.999141774,20042.75084,94.0782578,0,1000,normal,"(200, 1000)",999,50
cv,linear,0.903333333,0.650140214,0.937110107,18282.77917,89.60159731,0.2,1000,normal,"(200, 1000)",999,50
cv,linear,0.903333333,1.66304292,0.868391145,15564.55787,108.0914786,0.5,1000,normal,"(200, 1000)",999,50
cv,linear,0.903333333,3.273993487,0.747122216,12409.44346,120.1437523,1,1000,normal,"(200, 1000)",999,50
cv_plus,linear,0.983333333,0.009326363,0.999060426,20039.48492,95.70172834,0,1000,normal,"(200, 1000)",[[1.         0.95       0.98333333 0.98333333 1.        ]],50
cv_plus,linear,0.906666667,0.651426717,0.936985629,18276.35289,89.84067178,0.2,1000,normal,"(200, 1000)",[[0.9        0.88333333 0.96666667 0.83333333 0.95      ]],50
cv_plus,linear,0.906666667,1.679456963,0.867092152,15524.59914,105.1305764,0.5,1000,normal,"(200, 1000)",[[0.95       0.83333333 0.88333333 0.95       0.91666667]],50
cv_plus,linear,0.903333333,3.344890148,0.741646277,12065.59934,119.4351778,1,1000,normal,"(200, 1000)",[[0.9        0.88333333 0.95       0.91666667 0.86666667]],50
cv,cube,0.936666667,0.04439587,0.995777535,5201.411428,64.55488992,0,1000,normal,"(200, 1000)",999,5
cv,cube,0.916666667,0.712178198,0.925012841,3631.243036,37.08775997,0.2,1000,normal,"(200, 1000)",999,5
cv,cube,0.923333333,1.687351771,0.740542222,1631.686428,23.08748937,0.5,1000,normal,"(200, 1000)",999,5
cv,cube,0.893333333,3.232831545,0.673872903,2482.2675,39.18038464,1,1000,normal,"(200, 1000)",999,5
cv_plus,cube,0.95,0.029624887,0.997180795,5207.402469,64.2047298,0,1000,normal,"(200, 1000)",[[0.98333333 0.98333333 0.95       0.9        0.93333333]],5
cv_plus,cube,0.933333333,0.735057282,0.92260308,3598.553071,31.43347836,0.2,1000,normal,"(200, 1000)",[[0.93333333 0.95       0.96666667 0.9        0.91666667]],5
cv_plus,cube,0.913333333,1.683252862,0.741172766,1594.250691,26.24953103,0.5,1000,normal,"(200, 1000)",[[0.9        0.88333333 0.96666667 0.9        0.91666667]],5
cv_plus,cube,0.896666667,3.23626748,0.673526309,2353.886705,37.38764048,1,1000,normal,"(200, 1000)",[[0.9        0.83333333 0.88333333 0.95       0.91666667]],5
cv,cube,0.99,0.079401801,0.990762913,4383.164765,46.79233408,0,1000,normal,"(200, 1000)",999,10
cv,cube,0.946666667,0.711626636,0.879364203,2802.379153,32.73514628,0.2,1000,normal,"(200, 1000)",999,10
cv,cube,0.936666667,1.766362404,0.778237719,2012.946902,23.52300549,0.5,1000,normal,"(200, 1000)",999,10
cv,cube,0.883333333,3.329006225,0.646870651,1467.901261,29.49415803,1,1000,normal,"(200, 1000)",999,10
cv_plus,cube,0.99,0.096670933,0.988755697,4316.776825,49.10811043,0,1000,normal,"(200, 1000)",[[1.         1.         0.98333333 1.         0.96666667]],10
cv_plus,cube,0.936666667,0.69530159,0.882132329,2825.737214,37.0352366,0.2,1000,normal,"(200, 1000)",[[0.95       0.93333333 0.95       0.95       0.9       ]],10
cv_plus,cube,0.936666667,1.768367932,0.777985931,1972.043923,31.87042332,0.5,1000,normal,"(200, 1000)",[[0.88333333 0.95       0.95       0.98333333 0.91666667]],10
cv_plus,cube,0.88,3.352459389,0.644382745,1351.69339,23.71980834,1,1000,normal,"(200, 1000)",[[0.88333333 0.95       0.83333333 0.86666667 0.86666667]],10
cv,cube,0.996666667,0.050134525,0.991051474,3709.294173,117.7973583,0,1000,normal,"(200, 1000)",999,20
cv,cube,0.896666667,0.669805352,0.913268698,3977.734306,116.4640393,0.2,1000,normal,"(200, 1000)",999,20
cv,cube,0.903333333,1.636971476,0.809350247,2865.720639,128.2450049,0.5,1000,normal,"(200, 1000)",999,20
cv,cube,0.903333333,3.344308273,0.661155441,1988.231473,95.06620979,1,1000,normal,"(200, 1000)",999,20
cv_plus,cube,0.993333333,0.054537496,0.990267035,3746.388591,117.5702577,0,1000,normal,"(200, 1000)",[[1.         1.         1.         1.         0.96666667]],20
cv_plus,cube,0.883333333,0.655677313,0.915097856,4048.253439,128.9062831,0.2,1000,normal,"(200, 1000)",[[0.95       0.8        0.88333333 0.9        0.88333333]],20
cv_plus,cube,0.913333333,1.632487501,0.809872338,2820.090979,129.954489,0.5,1000,normal,"(200, 1000)",[[0.95       0.81666667 0.85       0.96666667 0.98333333]],20
cv_plus,cube,0.893333333,3.329730281,0.662632458,2038.950911,90.03420877,1,1000,normal,"(200, 1000)",[[0.9        0.91666667 0.85       0.9        0.9       ]],20
cv,cube,0.22,0.010911761,0.998103845,4523.40813,450.6783974,0,1000,normal,"(200, 1000)",999,50
cv,cube,0.91,0.685422426,0.897562197,2816.562732,389.5902796,0.2,1000,normal,"(200, 1000)",999,50
cv,cube,0.906666667,1.693026597,0.885151986,3094.238404,265.7854164,0.5,1000,normal,"(200, 1000)",999,50
cv,cube,0.886666667,3.199746458,0.70384845,1910.670171,199.9796357,1,1000,normal,"(200, 1000)",999,50
cv_plus,cube,0.963333333,0.010257014,0.998647547,4522.2729,445.4230928,0,1000,normal,"(200, 1000)",[[1.         1.         1.         1.         0.81666667]],50
cv_plus,cube,0.916666667,0.683415744,0.89786194,2746.961211,403.9928195,0.2,1000,normal,"(200, 1000)",[[0.91666667 0.95       0.9        0.93333333 0.88333333]],50
cv_plus,cube,0.903333333,1.671411592,0.886618289,3123.171288,286.3817899,0.5,1000,normal,"(200, 1000)",[[0.9        0.9        0.96666667 0.9        0.85      ]],50
cv_plus,cube,0.883333333,3.227936754,0.701239238,1918.641208,174.6340806,1,1000,normal,"(200, 1000)",[[0.85       0.9        0.9        0.91666667 0.85      ]],50
cv,nmm,0.92,0.928522974,0.923681097,21174.06544,45.0243063,0,1000,normal,"(200, 1000)",999,5
cv,nmm,0.926666667,1.353013238,0.897227738,20157.60264,43.931355,0.2,1000,normal,"(200, 1000)",999,5
cv,nmm,0.92,2.147198869,0.841716418,18773.50045,46.21283507,0.5,1000,normal,"(200, 1000)",999,5
cv,nmm,0.903333333,3.826028013,0.748853125,15681.38992,39.16438818,1,1000,normal,"(200, 1000)",999,5
cv_plus,nmm,0.91,0.942603348,0.922524059,21041.54191,44.70205426,0,1000,normal,"(200, 1000)",[[0.91666667 0.95       0.85       0.83333333 1.        ]],5
cv_plus,nmm,0.9,1.315550616,0.900073946,20196.58279,44.08847523,0.2,1000,normal,"(200, 1000)",[[0.9 0.9 0.7 1.  1. ]],5
cv_plus,nmm,0.926666667,2.136957346,0.842471121,18737.21309,44.54947567,0.5,1000,normal,"(200, 1000)",[[0.88333333 0.86666667 0.98333333 0.96666667 0.93333333]],5
cv_plus,nmm,0.9,3.819653255,0.749271583,15808.13152,41.72089076,1,1000,normal,"(200, 1000)",[[0.9        0.93333333 0.81666667 0.91666667 0.93333333]],5
cv,nmm,0.92,0.961080849,0.921005053,21098.29011,97.45318532,0,1000,normal,"(200, 1000)",999,10
cv,nmm,0.893333333,1.215207421,0.904490391,20476.7612,101.5268755,0.2,1000,normal,"(200, 1000)",999,10
cv,nmm,0.906666667,2.163218398,0.848496752,18750.01838,93.99500108,0.5,1000,normal,"(200, 1000)",999,10
cv,nmm,0.923333333,3.736444829,0.759879231,16097.63939,95.93455219,1,1000,normal,"(200, 1000)",999,10
cv_plus,nmm,0.92,0.980359348,0.919420487,20919.15166,97.71814513,0,1000,normal,"(200, 1000)",[[1.         1.         0.98333333 0.61666667 1.        ]],10
cv_plus,nmm,0.913333333,1.300525114,0.897784703,20218.10031,100.072989,0.2,1000,normal,"(200, 1000)",[[0.91666667 0.75       0.91666667 0.98333333 1.        ]],10
cv_plus,nmm,0.92,2.248518009,0.842522407,18492.62412,96.73520947,0.5,1000,normal,"(200, 1000)",[[0.93333333 0.86666667 0.88333333 0.93333333 0.98333333]],10
cv_plus,nmm,0.926666667,3.814754994,0.754846553,15878.55896,91.08655143,1,1000,normal,"(200, 1000)",[[0.95       0.91666667 0.85       0.95       0.96666667]],10
cv,nmm,0.913333333,0.792241714,0.934882731,21497.34577,175.7756743,0,1000,normal,"(200, 1000)",999,20
cv,nmm,0.923333333,1.334072899,0.895422905,20262.53746,175.7166307,0.2,1000,normal,"(200, 1000)",999,20
cv,nmm,0.916666667,2.108243194,0.846243002,18666.35881,173.3761678,0.5,1000,normal,"(200, 1000)",999,20
cv,nmm,0.886666667,3.434010844,0.790312213,16990.87234,164.8451238,1,1000,normal,"(200, 1000)",999,20
cv_plus,nmm,0.906666667,0.829511552,0.931819518,21334.67777,176.6520178,0,1000,normal,"(200, 1000)",[[0.93333333 1.         0.93333333 0.66666667 1.        ]],20
cv_plus,nmm,0.92,1.329809566,0.895757232,20301.92638,183.5507488,0.2,1000,normal,"(200, 1000)",[[1.         0.96666667 0.96666667 0.85       0.81666667]],20
cv_plus,nmm,0.92,2.084677305,0.847961587,18762.92096,169.1433551,0.5,1000,normal,"(200, 1000)",[[0.9        0.86666667 0.85       0.98333333 1.        ]],20
cv_plus,nmm,0.886666667,3.460599835,0.788688636,16839.86648,170.0395539,1,1000,normal,"(200, 1000)",[[0.88333333 0.88333333 0.85       0.9        0.91666667]],20
cv,nmm,0.916666667,0.841349779,0.930846276,21379.66621,384.1583934,0,1000,normal,"(200, 1000)",999,50
cv,nmm,0.89,1.237276444,0.903615368,20389.09106,405.1678143,0.2,1000,normal,"(200, 1000)",999,50
cv,nmm,0.913333333,2.106694064,0.849307569,18898.90656,416.9417505,0.5,1000,normal,"(200, 1000)",999,50
cv,nmm,0.876666667,3.495567512,0.786921827,16670.63129,409.5158484,1,1000,normal,"(200, 1000)",999,50
cv_plus,nmm,0.896666667,0.835637448,0.931316041,21393.35896,385.2756252,0,1000,normal,"(200, 1000)",[[0.91666667 0.88333333 0.81666667 0.86666667 1.        ]],50
cv_plus,nmm,0.916666667,1.252365766,0.902439741,20396.85423,422.4215965,0.2,1000,normal,"(200, 1000)",[[0.98333333 0.8        0.81666667 0.98333333 1.        ]],50
cv_plus,nmm,0.92,2.114146434,0.848774311,18710.16074,418.8566837,0.5,1000,normal,"(200, 1000)",[[0.88333333 0.8        0.96666667 0.96666667 0.98333333]],50
cv_plus,nmm,0.896666667,3.568750975,0.782461235,16584.92126,396.7476153,1,1000,normal,"(200, 1000)",[[0.88333333 0.93333333 0.91666667 0.8        0.95      ]],50
cv,sinex_het,0.893333333,5.028795641,0.599426587,5723.32372,86.40277648,0,1000,normal,"(200, 1000, 1000, 1000)",999,5
cv,sinex_het,0.906666667,4.851178267,0.695492156,5706.827088,88.93386722,0.2,1000,normal,"(200, 1000, 1000, 1000)",999,5
cv,sinex_het,0.893333333,5.167464746,0.679377271,6041.881106,80.28597474,0.5,1000,normal,"(200, 1000, 1000, 1000)",999,5
cv,sinex_het,0.89,6.166252917,0.591717724,5261.719492,75.32094955,1,1000,normal,"(200, 1000, 1000, 1000)",999,5
cv_plus,sinex_het,0.893333333,5.015938564,0.60045073,5509.912062,90.82854104,0,1000,normal,"(200, 1000, 1000, 1000)",[[0.78333333 0.86666667 0.95       0.91666667 0.95      ]],5
cv_plus,sinex_het,0.913333333,5.007973701,0.685650037,5744.489651,91.50840092,0.2,1000,normal,"(200, 1000, 1000, 1000)",[[0.98333333 1.         0.9        0.81666667 0.86666667]],5
cv_plus,sinex_het,0.893333333,5.18581826,0.678238501,5809.012206,87.33164215,0.5,1000,normal,"(200, 1000, 1000, 1000)",[[0.86666667 0.9        0.96666667 0.95       0.78333333]],5
cv_plus,sinex_het,0.896666667,6.051020305,0.599347601,4927.304887,84.37760019,1,1000,normal,"(200, 1000, 1000, 1000)",[[1.         0.88333333 0.9        0.91666667 0.78333333]],5
cv,sinex_het,0.9,4.823927461,0.63282024,6052.906351,191.1992464,0,1000,normal,"(200, 1000, 1000, 1000)",999,10
cv,sinex_het,0.933333333,5.642385678,0.640608619,4620.971418,170.8189993,0.2,1000,normal,"(200, 1000, 1000, 1000)",999,10
cv,sinex_het,0.906666667,5.155749835,0.708682869,5840.880919,193.5880845,0.5,1000,normal,"(200, 1000, 1000, 1000)",999,10
cv,sinex_het,0.896666667,5.829288901,0.586179212,5839.40678,166.5115347,1,1000,normal,"(200, 1000, 1000, 1000)",999,10
cv_plus,sinex_het,0.913333333,4.980049149,0.620936716,5420.22901,179.6379969,0,1000,normal,"(200, 1000, 1000, 1000)",[[0.98333333 0.95       1.         0.85       0.78333333]],10
cv_plus,sinex_het,0.936666667,5.56068619,0.645812295,4542.786682,181.0628963,0.2,1000,normal,"(200, 1000, 1000, 1000)",[[0.96666667 0.96666667 0.93333333 0.95       0.86666667]],10
cv_plus,sinex_het,0.91,5.177918594,0.707430221,6179.452204,202.5515268,0.5,1000,normal,"(200, 1000, 1000, 1000)",[[0.98333333 0.98333333 0.96666667 0.81666667 0.8       ]],10
cv_plus,sinex_het,0.916666667,6.037183514,0.571420637,5143.716627,171.2138369,1,1000,normal,"(200, 1000, 1000, 1000)",[[0.86666667 0.95       0.95       0.93333333 0.88333333]],10
cv,sinex_het,0.906666667,5.070051105,0.674647233,6048.015876,308.352423,0,1000,normal,"(200, 1000, 1000, 1000)",999,20
cv,sinex_het,0.886666667,5.141264272,0.592072082,4880.183971,315.8655214,0.2,1000,normal,"(200, 1000, 1000, 1000)",999,20
cv,sinex_het,0.893333333,5.142835129,0.691218482,5890.927553,329.9028864,0.5,1000,normal,"(200, 1000, 1000, 1000)",999,20
cv,sinex_het,0.913333333,5.961586495,0.610457187,4989.661202,321.8458252,1,1000,normal,"(200, 1000, 1000, 1000)",999,20
cv_plus,sinex_het,0.93,5.224851833,0.664712871,5284.249551,309.870368,0,1000,normal,"(200, 1000, 1000, 1000)",[[0.93333333 0.95       0.91666667 0.93333333 0.91666667]],20
cv_plus,sinex_het,0.91,5.291222318,0.580173877,4864.812465,313.3708711,0.2,1000,normal,"(200, 1000, 1000, 1000)",[[0.98333333 0.98333333 0.95       0.81666667 0.81666667]],20
cv_plus,sinex_het,0.893333333,5.246881561,0.68497142,5573.593928,311.6460388,0.5,1000,normal,"(200, 1000, 1000, 1000)",[[0.93333333 0.9        0.91666667 0.83333333 0.88333333]],20
cv_plus,sinex_het,0.916666667,6.10573252,0.601038321,4844.425988,321.9041653,1,1000,normal,"(200, 1000, 1000, 1000)",[[1.         1.         0.9        0.85       0.83333333]],20
cv,sinex_het,0.873333333,4.795870915,0.730303049,5930.167517,811.7222834,0,1000,normal,"(200, 1000, 1000, 1000)",999,50
cv,sinex_het,0.863333333,5.138136493,0.641532111,5358.650674,752.0037081,0.2,1000,normal,"(200, 1000, 1000, 1000)",999,50
cv,sinex_het,0.91,5.289716505,0.632816922,5154.459741,880.4612849,0.5,1000,normal,"(200, 1000, 1000, 1000)",999,50
cv,sinex_het,0.876666667,5.640390735,0.643617745,5447.274839,768.4255133,1,1000,normal,"(200, 1000, 1000, 1000)",999,50
cv_plus,sinex_het,0.876666667,4.957110841,0.721235827,5509.272497,800.3934362,0,1000,normal,"(200, 1000, 1000, 1000)",[[0.86666667 0.95       0.98333333 0.83333333 0.75      ]],50
cv_plus,sinex_het,0.873333333,5.325060087,0.628491622,5332.859951,798.3673384,0.2,1000,normal,"(200, 1000, 1000, 1000)",[[0.98333333 1.         0.93333333 0.73333333 0.71666667]],50
cv_plus,sinex_het,0.936666667,5.562711247,0.613866367,4747.666117,778.1721983,0.5,1000,normal,"(200, 1000, 1000, 1000)",[[0.98333333 0.96666667 0.95       0.95       0.83333333]],50
cv_plus,sinex_het,0.886666667,5.741973907,0.637199561,5050.131139,762.6465385,1,1000,normal,"(200, 1000, 1000, 1000)",[[1.         0.88333333 0.91666667 0.83333333 0.8       ]],50
cv,sinex_con,0.883333333,0.315427395,0.952450221,13450.66749,99.74676895,0,1000,normal,"(200, 1000, 1000, 1000)",999,5
cv,sinex_con,0.9,0.72781527,0.901501016,12478.84247,113.6997294,0.2,1000,normal,"(200, 1000, 1000, 1000)",999,5
cv,sinex_con,0.916666667,1.690684,0.789004586,10182.92559,89.65746379,0.5,1000,normal,"(200, 1000, 1000, 1000)",999,5
cv,sinex_con,0.9,3.460987088,0.646933222,7348.454042,79.28169203,1,1000,normal,"(200, 1000, 1000, 1000)",999,5
cv_plus,sinex_con,0.93,0.306802994,0.953749724,13522.4845,121.3892286,0,1000,normal,"(200, 1000, 1000, 1000)",[[1.         1.         0.98333333 0.88333333 0.78333333]],5
cv_plus,sinex_con,0.906666667,0.756032423,0.897682204,12410.46103,93.76526165,0.2,1000,normal,"(200, 1000, 1000, 1000)",[[0.86666667 0.95       0.93333333 0.93333333 0.85      ]],5
cv_plus,sinex_con,0.913333333,1.732963789,0.783728202,10202.77714,87.70586562,0.5,1000,normal,"(200, 1000, 1000, 1000)",[[0.93333333 0.9        0.86666667 0.91666667 0.95      ]],5
cv_plus,sinex_con,0.906666667,3.633919432,0.629291792,7067.481244,78.97214437,1,1000,normal,"(200, 1000, 1000, 1000)",[[0.86666667 0.9        0.95       0.96666667 0.85      ]],5
cv,sinex_con,0.91,0.38407274,0.942102359,13261.90298,213.7464092,0,1000,normal,"(200, 1000, 1000, 1000)",999,10
cv,sinex_con,0.903333333,0.780770472,0.895903733,12258.0069,190.2637193,0.2,1000,normal,"(200, 1000, 1000, 1000)",999,10
cv,sinex_con,0.92,1.778312172,0.784016115,10168.7229,204.5954893,0.5,1000,normal,"(200, 1000, 1000, 1000)",999,10
cv,sinex_con,0.886666667,3.383288319,0.686020995,7637.853017,182.6132021,1,1000,normal,"(200, 1000, 1000, 1000)",999,10
cv_plus,sinex_con,0.97,0.527379848,0.920494926,12862.87159,206.8176758,0,1000,normal,"(200, 1000, 1000, 1000)",[[1.   1.   0.9  1.   0.95]],10
cv_plus,sinex_con,0.926666667,0.842274997,0.887703018,12105.77668,186.8970213,0.2,1000,normal,"(200, 1000, 1000, 1000)",[[0.93333333 0.93333333 0.98333333 0.88333333 0.9       ]],10
cv_plus,sinex_con,0.916666667,1.892606592,0.770134671,9885.44358,179.185034,0.5,1000,normal,"(200, 1000, 1000, 1000)",[[0.9        0.95       0.9        0.93333333 0.9       ]],10
cv_plus,sinex_con,0.896666667,3.43826887,0.680918757,7477.63636,162.6661549,1,1000,normal,"(200, 1000, 1000, 1000)",[[0.9        0.9        0.9        0.95       0.83333333]],10
cv,sinex_con,0.883333333,0.314662108,0.952565585,13452.78758,522.1982994,0,1000,normal,"(200, 1000, 1000, 1000)",999,20
cv,sinex_con,0.92,0.73314744,0.897712718,12369.58778,473.8066361,0.2,1000,normal,"(200, 1000, 1000, 1000)",999,20
cv,sinex_con,0.88,1.726708298,0.807050457,10356.65065,358.6326168,0.5,1000,normal,"(200, 1000, 1000, 1000)",999,20
cv,sinex_con,0.886666667,3.478617498,0.681868855,7225.168556,303.2764986,1,1000,normal,"(200, 1000, 1000, 1000)",999,20
cv_plus,sinex_con,0.923333333,0.31658287,0.952275783,13445.95003,536.9670861,0,1000,normal,"(200, 1000, 1000, 1000)",[[1.         1.         1.         0.96666667 0.65      ]],20
cv_plus,sinex_con,0.933333333,0.770720499,0.892469985,12345.05128,440.7328572,0.2,1000,normal,"(200, 1000, 1000, 1000)",[[0.93333333 0.98333333 0.93333333 0.96666667 0.85      ]],20
cv_plus,sinex_con,0.926666667,1.747748788,0.80469906,10182.06945,387.1892638,0.5,1000,normal,"(200, 1000, 1000, 1000)",[[0.88333333 0.95       0.91666667 0.93333333 0.95      ]],20
cv_plus,sinex_con,0.89,3.419094493,0.687312482,7637.840369,330.0274484,1,1000,normal,"(200, 1000, 1000, 1000)",[[0.83333333 0.9        0.86666667 0.95       0.9       ]],20
cv,sinex_con,0.906666667,0.379706275,0.94276064,13273.83241,1138.106177,0,1000,normal,"(200, 1000, 1000, 1000)",999,50
cv,sinex_con,0.916666667,0.739789505,0.899307044,12308.57465,1157.733016,0.2,1000,normal,"(200, 1000, 1000, 1000)",999,50
cv,sinex_con,0.866666667,1.705304864,0.801110981,10263.31548,920.3858802,0.5,1000,normal,"(200, 1000, 1000, 1000)",999,50
cv,sinex_con,0.913333333,3.329888106,0.702156997,7595.321347,853.4382906,1,1000,normal,"(200, 1000, 1000, 1000)",999,50
cv_plus,sinex_con,0.926666667,0.385237035,0.94192627,13234.27297,1214.199338,0,1000,normal,"(200, 1000, 1000, 1000)",[[1.         1.         0.96666667 0.95       0.71666667]],50
cv_plus,sinex_con,0.936666667,0.799175486,0.891223073,12144.98515,1152.582021,0.2,1000,normal,"(200, 1000, 1000, 1000)",[[0.95       0.98333333 0.95       0.9        0.9       ]],50
cv_plus,sinex_con,0.896666667,1.711129418,0.80043255,10115.59167,926.4751112,0.5,1000,normal,"(200, 1000, 1000, 1000)",[[0.9        0.86666667 0.83333333 0.98333333 0.9       ]],50
cv_plus,sinex_con,0.933333333,3.449426772,0.691464181,7187.135774,827.6263454,1,1000,normal,"(200, 1000, 1000, 1000)",[[0.96666667 0.93333333 0.93333333 0.93333333 0.9       ]],50
cv,linear,0.963333333,0.011528492,0.998843144,20029.90296,71.71576619,0,1000,normal,"(200, 1000, 1000, 1000)",999,5
cv,linear,0.933333333,0.702730057,0.932563184,18036.12368,71.57361937,0.2,1000,normal,"(200, 1000, 1000, 1000)",999,5
cv,linear,0.89,1.630757414,0.855420785,15928.26217,68.3399601,0.5,1000,normal,"(200, 1000, 1000, 1000)",999,5
cv,linear,0.916666667,3.637621843,0.726570002,11746.70724,93.06262684,1,1000,normal,"(200, 1000, 1000, 1000)",999,5
cv_plus,linear,0.963333333,0.008459765,0.999150016,20042.3486,73.34380651,0,1000,normal,"(200, 1000, 1000, 1000)",[[1.         0.98333333 0.98333333 0.98333333 0.86666667]],5
cv_plus,linear,0.94,0.706587688,0.93219254,18062.46192,68.33022594,0.2,1000,normal,"(200, 1000, 1000, 1000)",[[0.96666667 0.93333333 0.91666667 0.93333333 0.95      ]],5
cv_plus,linear,0.886666667,1.624734543,0.855954692,15917.98876,68.54119182,0.5,1000,normal,"(200, 1000, 1000, 1000)",[[0.86666667 0.88333333 0.88333333 0.9        0.9       ]],5
cv_plus,linear,0.896666667,3.65504678,0.725260412,11758.29441,61.66401625,1,1000,normal,"(200, 1000, 1000, 1000)",[[0.88333333 0.91666667 0.88333333 0.88333333 0.91666667]],5
cv,linear,0.866666667,0.006636028,0.999335287,20044.53042,135.639523,0,1000,normal,"(200, 1000, 1000, 1000)",999,10
cv,linear,0.906666667,0.68986079,0.933219645,18187.72137,147.9345355,0.2,1000,normal,"(200, 1000, 1000, 1000)",999,10
cv,linear,0.896666667,1.574531319,0.865688819,15800.15195,155.9621367,0.5,1000,normal,"(200, 1000, 1000, 1000)",999,10
cv,linear,0.926666667,3.460746825,0.738888944,12227.49869,132.9332726,1,1000,normal,"(200, 1000, 1000, 1000)",999,10
cv_plus,linear,0.956666667,0.008707043,0.999126087,20038.78869,137.1578374,0,1000,normal,"(200, 1000, 1000, 1000)",[[1.         1.         0.98333333 0.98333333 0.81666667]],10
cv_plus,linear,0.923333333,0.694529039,0.93276728,18085.78223,148.6581533,0.2,1000,normal,"(200, 1000, 1000, 1000)",[[0.86666667 0.91666667 0.98333333 0.91666667 0.93333333]],10
cv_plus,linear,0.906666667,1.591959876,0.864202094,15770.79689,182.3827343,0.5,1000,normal,"(200, 1000, 1000, 1000)",[[0.98333333 0.95       0.83333333 0.9        0.86666667]],10
cv_plus,linear,0.92,3.449761793,0.739717986,12182.061,139.9104605,1,1000,normal,"(200, 1000, 1000, 1000)",[[0.91666667 0.98333333 0.88333333 0.88333333 0.93333333]],10
cv,linear,0.85,0.006129702,0.999384531,20046.04454,254.6611388,0,1000,normal,"(200, 1000, 1000, 1000)",999,20
cv,linear,0.936666667,0.655231357,0.937241165,18106.97975,262.8083696,0.2,1000,normal,"(200, 1000, 1000, 1000)",999,20
cv,linear,0.886666667,1.585343385,0.856061022,15486.14865,247.4515159,0.5,1000,normal,"(200, 1000, 1000, 1000)",999,20
cv,linear,0.916666667,3.311362091,0.74165912,12193.91841,285.4701769,1,1000,normal,"(200, 1000, 1000, 1000)",999,20
cv_plus,linear,0.986666667,0.007764351,0.99921606,20044.28182,254.7403853,0,1000,normal,"(200, 1000, 1000, 1000)",[[1.         1.         0.98333333 0.98333333 0.96666667]],20
cv_plus,linear,0.936666667,0.648848545,0.937852505,18117.15926,275.7051437,0.2,1000,normal,"(200, 1000, 1000, 1000)",[[0.93333333 0.93333333 0.91666667 0.95       0.95      ]],20
cv_plus,linear,0.89,1.588122702,0.855808745,15521.09161,257.7401772,0.5,1000,normal,"(200, 1000, 1000, 1000)",[[0.88333333 0.88333333 0.91666667 0.9        0.86666667]],20
cv_plus,linear,0.93,3.310856276,0.741698121,12167.94666,262.7224941,1,1000,normal,"(200, 1000, 1000, 1000)",[[0.96666667 0.95       0.9        0.95       0.88333333]],20
cv,linear,0.87,0.006723015,0.999326799,20044.2703,691.3593395,0,1000,normal,"(200, 1000, 1000, 1000)",999,50
cv,linear,0.9,0.650664137,0.937059437,18266.82218,696.1398861,0.2,1000,normal,"(200, 1000, 1000, 1000)",999,50
cv,linear,0.886666667,1.694766772,0.865880459,15638.16349,691.3134902,0.5,1000,normal,"(200, 1000, 1000, 1000)",999,50
cv,linear,0.883333333,3.314578999,0.743987261,12168.89876,779.1710634,1,1000,normal,"(200, 1000, 1000, 1000)",999,50
cv_plus,linear,0.986666667,0.008364985,0.999155997,20041.90577,693.192487,0,1000,normal,"(200, 1000, 1000, 1000)",[[1.         1.         1.         0.98333333 0.95      ]],50
cv_plus,linear,0.906666667,0.655986548,0.936544544,18268.2447,694.9185197,0.2,1000,normal,"(200, 1000, 1000, 1000)",[[0.9        0.85       0.96666667 0.91666667 0.9       ]],50
cv_plus,linear,0.906666667,1.687069546,0.866489712,15500.15173,664.9153185,0.5,1000,normal,"(200, 1000, 1000, 1000)",[[0.86666667 0.91666667 0.91666667 0.91666667 0.91666667]],50
cv_plus,linear,0.903333333,3.335915777,0.742339443,12176.44292,753.2993534,1,1000,normal,"(200, 1000, 1000, 1000)",[[0.9        0.88333333 0.88333333 0.93333333 0.91666667]],50
cv,cube,0.83,0.035510977,0.993970544,4372.365196,88.05331016,0,1000,normal,"(200, 1000, 1000, 1000)",999,5
cv,cube,0.893333333,0.680559782,0.911882971,4002.273357,76.02976251,0.2,1000,normal,"(200, 1000, 1000, 1000)",999,5
cv,cube,0.906666667,1.707751179,0.788053468,2503.573543,66.67631412,0.5,1000,normal,"(200, 1000, 1000, 1000)",999,5
cv,cube,0.89,3.216418951,0.646763804,1984.019962,61.57284164,1,1000,normal,"(200, 1000, 1000, 1000)",999,5
cv_plus,cube,0.99,0.081123393,0.98622909,4253.028696,75.64342093,0,1000,normal,"(200, 1000, 1000, 1000)",[[0.96666667 0.98333333 1.         1.         1.        ]],5
cv_plus,cube,0.92,0.710752722,0.907973351,3986.783158,78.8173666,0.2,1000,normal,"(200, 1000, 1000, 1000)",[[0.88333333 0.9        0.9        0.96666667 0.95      ]],5
cv_plus,cube,0.913333333,1.694612907,0.789683934,2538.935544,58.60102868,0.5,1000,normal,"(200, 1000, 1000, 1000)",[[0.9        1.         0.9        0.93333333 0.83333333]],5
cv_plus,cube,0.893333333,3.278749158,0.639918562,1856.774296,65.053967,1,1000,normal,"(200, 1000, 1000, 1000)",[[0.9        0.9        0.85       0.9        0.91666667]],5
cv,cube,0.886666667,0.027980976,0.997089082,5812.61588,232.1061273,0,1000,normal,"(200, 1000, 1000, 1000)",999,10
cv,cube,0.9,0.686821744,0.921565385,3596.19,164.6860297,0.2,1000,normal,"(200, 1000, 1000, 1000)",999,10
cv,cube,0.933333333,1.771629742,0.788790143,1637.25508,170.195502,0.5,1000,normal,"(200, 1000, 1000, 1000)",999,10
cv,cube,0.896666667,3.276769717,0.740513831,1537.716886,149.7172394,1,1000,normal,"(200, 1000, 1000, 1000)",999,10
cv_plus,cube,0.99,0.046751383,0.995128593,5799.415629,227.5749497,0,1000,normal,"(200, 1000, 1000, 1000)",[[1.   1.   0.95 1.   1.  ]],10
cv_plus,cube,0.9,0.68324885,0.921973408,3574.832892,168.6130736,0.2,1000,normal,"(200, 1000, 1000, 1000)",[[0.85       0.88333333 0.85       0.91666667 1.        ]],10
cv_plus,cube,0.936666667,1.7813247,0.787634153,1585.728441,194.5900686,0.5,1000,normal,"(200, 1000, 1000, 1000)",[[0.93333333 0.93333333 0.95       0.95       0.91666667]],10
cv_plus,cube,0.913333333,3.405868302,0.730290441,1342.416269,147.1910353,1,1000,normal,"(200, 1000, 1000, 1000)",[[0.95       0.93333333 0.9        0.91666667 0.86666667]],10
cv,cube,0.883333333,0.035366327,0.99442603,4629.076269,399.1940744,0,1000,normal,"(200, 1000, 1000, 1000)",999,20
cv,cube,0.903333333,0.666625823,0.890458789,3036.535411,327.0730522,0.2,1000,normal,"(200, 1000, 1000, 1000)",999,20
cv,cube,0.91,1.794670101,0.797329928,3023.31435,331.1421707,0.5,1000,normal,"(200, 1000, 1000, 1000)",999,20
cv,cube,0.883333333,3.206772303,0.703768892,1793.473413,430.2205706,1,1000,normal,"(200, 1000, 1000, 1000)",999,20
cv_plus,cube,0.993333333,0.042378631,0.993312522,4605.767441,424.147305,0,1000,normal,"(200, 1000, 1000, 1000)",[[1.         1.         1.         1.         0.96666667]],20
cv_plus,cube,0.916666667,0.67622636,0.888880973,3087.10816,322.2322166,0.2,1000,normal,"(200, 1000, 1000, 1000)",[[0.9        0.85       0.93333333 0.96666667 0.93333333]],20
cv_plus,cube,0.926666667,1.778743544,0.799128007,2807.619138,327.6101956,0.5,1000,normal,"(200, 1000, 1000, 1000)",[[0.98333333 0.9        0.93333333 0.9        0.91666667]],20
cv_plus,cube,0.896666667,3.309678086,0.694262988,1484.919786,382.2063377,1,1000,normal,"(200, 1000, 1000, 1000)",[[0.9        0.9        0.85       0.9        0.93333333]],20
cv,cube,0.98,0.030787222,0.99803111,5228.463446,906.7740479,0,1000,normal,"(200, 1000, 1000, 1000)",999,50
cv,cube,0.906666667,0.679097777,0.921915275,3239.436147,749.8492265,0.2,1000,normal,"(200, 1000, 1000, 1000)",999,50
cv,cube,0.93,1.732247468,0.817631461,2801.422514,810.0310125,0.5,1000,normal,"(200, 1000, 1000, 1000)",999,50
cv,cube,0.883333333,3.186136123,0.669522751,1521.402172,718.7048521,1,1000,normal,"(200, 1000, 1000, 1000)",999,50
cv_plus,cube,0.973333333,0.041439909,0.997353089,5194.411427,890.5311935,0,1000,normal,"(200, 1000, 1000, 1000)",[[1.         1.         1.         1.         0.86666667]],50
cv_plus,cube,0.923333333,0.689064639,0.920768795,3187.440216,788.0147824,0.2,1000,normal,"(200, 1000, 1000, 1000)",[[0.9        0.93333333 0.95       0.9        0.93333333]],50
cv_plus,cube,0.923333333,1.736691906,0.817163849,2550.256282,743.7636349,0.5,1000,normal,"(200, 1000, 1000, 1000)",[[0.91666667 0.93333333 0.93333333 0.93333333 0.9       ]],50
cv_plus,cube,0.886666667,3.207521101,0.667304695,1456.335538,675.6677687,1,1000,normal,"(200, 1000, 1000, 1000)",[[0.88333333 0.86666667 0.85       0.91666667 0.91666667]],50
cv,nmm,0.89,0.641839815,0.947244858,21936.4825,274.2687452,0,1000,normal,"(200, 1000, 1000, 1000)",999,5
cv,nmm,0.853333333,1.042447838,0.918843623,21148.21406,232.1180809,0.2,1000,normal,"(200, 1000, 1000, 1000)",999,5
cv,nmm,0.893333333,1.992205828,0.855530844,19090.77244,119.9679253,0.5,1000,normal,"(200, 1000, 1000, 1000)",999,5
cv,nmm,0.926666667,3.708845011,0.763758801,15925.22436,96.51960468,1,1000,normal,"(200, 1000, 1000, 1000)",999,5
cv_plus,nmm,0.91,0.738560032,0.939295088,21723.18343,283.2577884,0,1000,normal,"(200, 1000, 1000, 1000)",[[1.         0.96666667 0.96666667 0.96666667 0.65      ]],5
cv_plus,nmm,0.913333333,1.246567673,0.902954771,20419.4701,153.7499485,0.2,1000,normal,"(200, 1000, 1000, 1000)",[[0.98333333 1.         1.         0.91666667 0.66666667]],5
cv_plus,nmm,0.91,1.992907668,0.855479901,19114.10113,142.2551832,0.5,1000,normal,"(200, 1000, 1000, 1000)",[[0.9        0.91666667 0.93333333 0.93333333 0.86666667]],5
cv_plus,nmm,0.923333333,3.823830635,0.756434744,15897.58659,93.47039509,1,1000,normal,"(200, 1000, 1000, 1000)",[[0.91666667 0.91666667 0.91666667 0.93333333 0.93333333]],5
cv,nmm,0.953333333,1.076453766,0.911519927,20869.82771,299.6711364,0,1000,normal,"(200, 1000, 1000, 1000)",999,10
cv,nmm,0.84,1.303515,0.895669851,20013.94964,208.2142549,0.2,1000,normal,"(200, 1000, 1000, 1000)",999,10
cv,nmm,0.92,2.219185513,0.843234278,18490.37622,182.1989677,0.5,1000,normal,"(200, 1000, 1000, 1000)",999,10
cv,nmm,0.923333333,3.694351222,0.77417383,16506.36121,183.8431656,1,1000,normal,"(200, 1000, 1000, 1000)",999,10
cv_plus,nmm,0.94,1.181052625,0.902923731,20419.19582,357.4877884,0,1000,normal,"(200, 1000, 1000, 1000)",[[1.         1.         1.         0.96666667 0.73333333]],10
cv_plus,nmm,0.9,1.40975724,0.887169969,20114.82558,211.755496,0.2,1000,normal,"(200, 1000, 1000, 1000)",[[0.8        0.8        0.96666667 0.93333333 1.        ]],10
cv_plus,nmm,0.9,2.182694746,0.845812358,18326.46047,209.2908559,0.5,1000,normal,"(200, 1000, 1000, 1000)",[[0.83333333 0.81666667 0.95       0.91666667 0.98333333]],10
cv_plus,nmm,0.923333333,3.761812551,0.770050102,16278.77905,189.8328056,1,1000,normal,"(200, 1000, 1000, 1000)",[[0.93333333 0.81666667 0.93333333 0.95       0.98333333]],10
cv,nmm,0.91,0.702478526,0.942260752,21781.18863,818.5346177,0,1000,normal,"(200, 1000, 1000, 1000)",999,20
cv,nmm,0.83,1.026784406,0.919089887,21152.47905,721.45397,0.2,1000,normal,"(200, 1000, 1000, 1000)",999,20
cv,nmm,0.886666667,1.957978453,0.861732276,19148.29493,518.0592842,0.5,1000,normal,"(200, 1000, 1000, 1000)",999,20
cv,nmm,0.886666667,3.459083607,0.776497798,16743.96983,368.7742956,1,1000,normal,"(200, 1000, 1000, 1000)",999,20
cv_plus,nmm,0.93,0.755129711,0.937932418,21696.63639,860.7386243,0,1000,normal,"(200, 1000, 1000, 1000)",[[1.         1.         1.         0.91666667 0.73333333]],20
cv_plus,nmm,0.93,1.163197255,0.908344905,20805.09724,743.6108167,0.2,1000,normal,"(200, 1000, 1000, 1000)",[[1.         0.96666667 0.96666667 1.         0.71666667]],20
cv_plus,nmm,0.903333333,2.000120498,0.858756453,19014.91866,475.8270788,0.5,1000,normal,"(200, 1000, 1000, 1000)",[[0.88333333 0.83333333 0.88333333 0.95       0.96666667]],20
cv_plus,nmm,0.896666667,3.44928534,0.777131023,16614.61168,361.7707708,1,1000,normal,"(200, 1000, 1000, 1000)",[[0.8        0.98333333 0.93333333 0.85       0.91666667]],20
cv,nmm,0.946666667,0.901997822,0.925859645,21284.42978,1779.286585,0,1000,normal,"(200, 1000, 1000, 1000)",999,50
cv,nmm,0.856666667,1.264921754,0.901749083,20134.41859,1339.079781,0.2,1000,normal,"(200, 1000, 1000, 1000)",999,50
cv,nmm,0.903333333,2.035704843,0.854528644,18697.27253,1293.195114,0.5,1000,normal,"(200, 1000, 1000, 1000)",999,50
cv,nmm,0.89,3.471525291,0.793415206,17173.47575,890.0764029,1,1000,normal,"(200, 1000, 1000, 1000)",999,50
cv_plus,nmm,0.946666667,1.102873555,0.909349005,20697.90146,1504.520909,0,1000,normal,"(200, 1000, 1000, 1000)",[[1.         1.         1.         1.         0.73333333]],50
cv_plus,nmm,0.926666667,1.320230305,0.897454203,20288.61992,1533.107375,0.2,1000,normal,"(200, 1000, 1000, 1000)",[[1.         0.98333333 0.98333333 0.93333333 0.73333333]],50
cv_plus,nmm,0.926666667,2.130198993,0.847775504,18836.18342,1140.838122,0.5,1000,normal,"(200, 1000, 1000, 1000)",[[0.93333333 0.95       0.95       0.91666667 0.88333333]],50
cv_plus,nmm,0.903333333,3.583179704,0.786770907,16498.13739,906.5184228,1,1000,normal,"(200, 1000, 1000, 1000)",[[0.8        0.98333333 0.91666667 0.88333333 0.93333333]],50
cv,sinex_het,0.893333333,4.746193965,0.648676739,5621.615532,50.94456363,0,1000,normal,"(400, 2000)",999,5
cv,sinex_het,0.92,5.112219626,0.65248853,5810.8949,44.81186771,0.2,1000,normal,"(400, 2000)",999,5
cv,sinex_het,0.906666667,5.147742848,0.611929176,5038.726168,35.65889215,0.5,1000,normal,"(400, 2000)",999,5
cv,sinex_het,0.893333333,5.578919799,0.567967947,4220.089701,47.0005753,1,1000,normal,"(400, 2000)",999,5
cv_plus,sinex_het,0.906666667,4.983840356,0.631085655,5493.980775,42.33511305,0,1000,normal,"(400, 2000)",[[0.71666667 0.88333333 0.95       0.98333333 1.        ]],5
cv_plus,sinex_het,0.913333333,5.039872585,0.657406579,6377.23742,42.54194164,0.2,1000,normal,"(400, 2000)",[[1.         1.         0.9        0.86666667 0.8       ]],5
cv_plus,sinex_het,0.916666667,5.075499512,0.617375211,5356.093007,47.14051962,0.5,1000,normal,"(400, 2000)",[[1.         1.         0.9        0.85       0.83333333]],5
cv_plus,sinex_het,0.903333333,5.668316354,0.561045089,4409.593413,49.46096087,1,1000,normal,"(400, 2000)",[[0.9        0.98333333 0.95       0.85       0.83333333]],5
cv,sinex_het,0.88,4.889035709,0.663722926,5888.813735,87.59508109,0,1000,normal,"(400, 2000)",999,10
cv,sinex_het,0.903333333,4.807219792,0.614091396,5977.610424,94.16926599,0.2,1000,normal,"(400, 2000)",999,10
cv,sinex_het,0.92,5.482998847,0.694047174,6110.671013,108.1218164,0.5,1000,normal,"(400, 2000)",999,10
cv,sinex_het,0.893333333,5.814884889,0.596002595,5244.836883,102.2502577,1,1000,normal,"(400, 2000)",999,10
cv_plus,sinex_het,0.89,5.122531378,0.647662868,5555.608659,83.87569785,0,1000,normal,"(400, 2000)",[[1.         0.93333333 0.95       0.88333333 0.68333333]],10
cv_plus,sinex_het,0.91,4.96233374,0.601639279,5655.071097,109.708252,0.2,1000,normal,"(400, 2000)",[[0.93333333 0.95       0.95       0.93333333 0.78333333]],10
cv_plus,sinex_het,0.923333333,5.520297929,0.691965777,5973.534089,105.2090452,0.5,1000,normal,"(400, 2000)",[[1.         0.98333333 0.93333333 0.86666667 0.83333333]],10
cv_plus,sinex_het,0.913333333,6.007518217,0.582619044,4768.302414,93.09062839,1,1000,normal,"(400, 2000)",[[0.98333333 0.96666667 0.95       0.86666667 0.8       ]],10
cv,sinex_het,0.893333333,4.956617336,0.613016023,5373.669369,180.5712471,0,1000,normal,"(400, 2000)",999,20
cv,sinex_het,0.903333333,5.079549647,0.632104806,5849.868289,167.1476245,0.2,1000,normal,"(400, 2000)",999,20
cv,sinex_het,0.893333333,5.214214298,0.605193218,5732.581201,180.2945473,0.5,1000,normal,"(400, 2000)",999,20
cv,sinex_het,0.883333333,5.70024099,0.643776613,4996.005233,161.9908729,1,1000,normal,"(400, 2000)",999,20
cv_plus,sinex_het,0.893333333,5.121937892,0.600108753,5302.54882,164.9770873,0,1000,normal,"(400, 2000)",[[0.83333333 0.8        0.93333333 0.9        1.        ]],20
cv_plus,sinex_het,0.906666667,5.065617232,0.633113864,5894.701995,170.3362951,0.2,1000,normal,"(400, 2000)",[[1.         1.         1.         0.86666667 0.66666667]],20
cv_plus,sinex_het,0.896666667,5.243992094,0.602938541,5609.967736,151.3115146,0.5,1000,normal,"(400, 2000)",[[0.91666667 0.88333333 0.95       0.96666667 0.76666667]],20
cv_plus,sinex_het,0.886666667,5.881208517,0.632467537,4910.850593,182.2540386,1,1000,normal,"(400, 2000)",[[0.96666667 0.96666667 0.95       0.83333333 0.71666667]],20
cv,sinex_het,0.906666667,4.879392794,0.652646918,5561.91649,438.7343783,0,1000,normal,"(400, 2000)",999,50
cv,sinex_het,0.893333333,4.855549524,0.67094023,6714.011992,454.5036438,0.2,1000,normal,"(400, 2000)",999,50
cv,sinex_het,0.903333333,5.153159524,0.642771603,5713.358167,408.34776,0.5,1000,normal,"(400, 2000)",999,50
cv,sinex_het,0.886666667,5.842328609,0.60666608,5041.987719,442.074775,1,1000,normal,"(400, 2000)",999,50
cv_plus,sinex_het,0.906666667,5.104033978,0.636655215,5053.785207,395.37305,0,1000,normal,"(400, 2000)",[[0.98333333 0.96666667 0.9        0.9        0.78333333]],50
cv_plus,sinex_het,0.89,4.922248595,0.666420008,6387.38835,470.4528761,0.2,1000,normal,"(400, 2000)",[[0.88333333 0.91666667 0.98333333 0.98333333 0.68333333]],50
cv_plus,sinex_het,0.91,5.294742839,0.632956679,5549.984527,405.5842719,0.5,1000,normal,"(400, 2000)",[[1.         0.88333333 0.91666667 0.91666667 0.83333333]],50
cv_plus,sinex_het,0.886666667,6.054921155,0.592353324,4723.691058,404.377012,1,1000,normal,"(400, 2000)",[[0.96666667 0.96666667 0.88333333 0.83333333 0.78333333]],50
cv,sinex_con,0.93,0.594649011,0.910358039,12756.16486,43.97307038,0,1000,normal,"(400, 2000)",999,5
cv,sinex_con,0.93,0.91088539,0.875154151,11950.36575,42.46537971,0.2,1000,normal,"(400, 2000)",999,5
cv,sinex_con,0.873333333,1.788887457,0.785681815,10013.29923,38.1052022,0.5,1000,normal,"(400, 2000)",999,5
cv,sinex_con,0.896666667,3.442486823,0.676464862,7681.149004,47.27165079,1,1000,normal,"(400, 2000)",999,5
cv_plus,sinex_con,0.9,0.63151814,0.904800973,12591.09793,42.80748057,0,1000,normal,"(400, 2000)",[[0.91666667 0.83333333 0.95       0.88333333 0.91666667]],5
cv_plus,sinex_con,0.926666667,0.882157535,0.879091725,11997.596,60.51323438,0.2,1000,normal,"(400, 2000)",[[0.98333333 0.78333333 0.96666667 0.9        1.        ]],5
cv_plus,sinex_con,0.88,1.799019864,0.784468147,10071.95358,48.2716229,0.5,1000,normal,"(400, 2000)",[[0.88333333 0.91666667 0.88333333 0.91666667 0.8       ]],5
cv_plus,sinex_con,0.906666667,3.460743221,0.674749049,7500.51633,42.5660069,1,1000,normal,"(400, 2000)",[[0.9        0.83333333 0.93333333 0.95       0.91666667]],5
cv,sinex_con,0.913333333,0.539137817,0.918726802,12902.47834,95.58155179,0,1000,normal,"(400, 2000)",999,10
cv,sinex_con,0.873333333,0.878409229,0.880694546,12056.09843,92.88287163,0.2,1000,normal,"(400, 2000)",999,10
cv,sinex_con,0.913333333,1.776767353,0.785671407,10304.05583,93.63999629,0.5,1000,normal,"(400, 2000)",999,10
cv,sinex_con,0.943333333,3.472528056,0.68446469,7169.252367,86.55116963,1,1000,normal,"(400, 2000)",999,10
cv_plus,sinex_con,0.916666667,0.55472228,0.916377411,12846.14472,91.90632582,0,1000,normal,"(400, 2000)",[[1.         1.         0.98333333 0.71666667 0.88333333]],10
cv_plus,sinex_con,0.893333333,0.892229923,0.878818018,12071.08888,102.424881,0.2,1000,normal,"(400, 2000)",[[0.95       0.93333333 0.93333333 0.9        0.75      ]],10
cv_plus,sinex_con,0.93,1.853357011,0.776431967,10162.1338,92.22106051,0.5,1000,normal,"(400, 2000)",[[0.98333333 0.96666667 0.88333333 0.91666667 0.9       ]],10
cv_plus,sinex_con,0.946666667,3.494332394,0.68248322,7126.394768,91.36140561,1,1000,normal,"(400, 2000)",[[0.95       0.96666667 0.86666667 0.95       1.        ]],10
cv_plus,linear,1,0.333752312,0.966615103,18941.58892,25.6806531,0,100,normal,"(200, 1000, 1000, 1000)",[[1. 1. 1. 1. 1.]],100
cv_plus,linear,0.946666667,0.856679044,0.917945028,17505.39201,24.23526597,0.2,100,normal,"(200, 1000, 1000, 1000)",[[0.96666667 0.95       0.96666667 0.91666667 0.93333333]],100
cv_plus,linear,0.936666667,2.218053505,0.801995117,13439.31129,19.29246593,0.5,100,normal,"(200, 1000, 1000, 1000)",[[0.91666667 0.93333333 0.91666667 0.95       0.96666667]],100
cv_plus,linear,0.95,5.174514332,0.605898466,7001.046936,13.72171021,1,100,normal,"(200, 1000, 1000, 1000)",[[0.93333333 0.91666667 0.93333333 1.         0.96666667]],100
cv_plus,linear,0.906666667,0.239080504,0.976091906,19151.5737,10.33484173,0,100,normal,"(400, 2000)",[[1.         1.         1.         1.         0.53333333]],100
cv_plus,linear,0.95,1.032309798,0.899027267,16785.70622,12.26212835,0.2,100,normal,"(400, 2000)",[[0.98333333 0.95       0.96666667 0.95       0.9       ]],100
cv_plus,linear,0.976666667,2.137097132,0.799531562,13955.95602,8.72434473,0.5,100,normal,"(400, 2000)",[[0.96666667 0.98333333 0.93333333 1.         1.        ]],100
cv_plus,linear,0.966666667,4.677170183,0.641462523,9197.78552,5.280201197,1,100,normal,"(400, 2000)",[[0.93333333 0.91666667 1.         0.98333333 1.        ]],100
cv_plus,linear,0.906666667,1.611363089,0.838863654,13999.24057,29.27286959,0,100,normal,"(400, 2000, 2000, 2000)",999,100
cv_plus,linear,0.936666667,1.959416719,0.812803209,13130.41135,29.76093531,0.2,100,normal,"(400, 2000, 2000, 2000)",[[0.9        1.         1.         1.         0.78333333]],100
cv_plus,linear,0.953333333,2.426026016,0.780356772,12358.30163,35.93875933,0.5,100,normal,"(400, 2000, 2000, 2000)",[[0.93333333 0.98333333 0.98333333 0.91666667 0.95      ]],100
cv_plus,linear,0.89,3.767140984,0.728834186,10182.60208,41.98921013,1,100,normal,"(400, 2000, 2000, 2000)",[[0.88333333 0.9        0.88333333 0.88333333 0.9       ]],100
cv_plus,linear,0.996666667,0.052804261,0.994710279,19922.48732,46.09838939,0,300,normal,"(200, 1000, 1000, 1000)",[[1.         1.         0.98333333 1.         1.        ]],300
cv_plus,linear,0.93,0.824794383,0.919919764,17921.39427,30.74038649,0.2,300,normal,"(200, 1000, 1000, 1000)",[[0.85       0.93333333 0.95       0.98333333 0.93333333]],300
cv_plus,linear,0.903333333,1.694993162,0.845590189,15447.80553,43.35654616,0.5,300,normal,"(200, 1000, 1000, 1000)",[[0.88333333 0.93333333 0.95       0.85       0.9       ]],300
cv_plus,linear,0.9,3.402760481,0.761720333,12251.99513,39.8904283,1,300,normal,"(200, 1000, 1000, 1000)",[[0.86666667 0.88333333 0.98333333 0.88333333 0.88333333]],300
cv_plus,linear,1,0.138351906,0.986154948,19569.94512,18.17630935,0,300,normal,"(400, 2000)",[[1. 1. 1. 1. 1.]],300
cv_plus,linear,0.94,0.757687969,0.927774477,17786.27617,16.07007527,0.2,300,normal,"(400, 2000)",[[0.95       0.98333333 0.93333333 0.91666667 0.91666667]],300
cv_plus,linear,0.916666667,1.75527561,0.839619756,15444.34284,18.69193888,0.5,300,normal,"(400, 2000)",[[0.96666667 0.9        0.88333333 0.91666667 0.91666667]],300
cv_plus,linear,0.926666667,3.618603555,0.72877572,11022.38782,15.47398424,1,300,normal,"(400, 2000)",[[0.9        0.96666667 0.95       0.96666667 0.85      ]],300
cv_plus,linear,1,0.062476429,0.99374242,19882.1663,49.04697657,0,500,normal,"(200, 1000, 1000, 1000)",[[1. 1. 1. 1. 1.]],500
cv_plus,linear,0.923333333,0.717871381,0.930791984,17990.2725,42.78609967,0.2,500,normal,"(200, 1000, 1000, 1000)",[[0.98333333 0.9        0.91666667 0.91666667 0.9       ]],500
cv_plus,linear,0.92,1.771044961,0.861285821,15068.15579,37.20652628,0.5,500,normal,"(200, 1000, 1000, 1000)",[[0.96666667 0.91666667 0.88333333 0.98333333 0.85      ]],500
cv_plus,linear,0.883333333,3.272498872,0.756994272,11953.31998,49.6011982,1,500,normal,"(200, 1000, 1000, 1000)",[[0.85       0.86666667 0.86666667 0.93333333 0.9       ]],500
cv_plus,linear,1,0.068402126,0.993149856,19864.07784,20.3791604,0,500,normal,"(400, 2000)",[[1. 1. 1. 1. 1.]],500
cv_plus,linear,0.923333333,0.697593373,0.932746916,18008.9191,15.42392302,0.2,500,normal,"(400, 2000)",[[0.93333333 0.95       0.95       0.9        0.88333333]],500
cv_plus,linear,0.913333333,1.706178703,0.866366542,15435.71436,16.99675751,0.5,500,normal,"(400, 2000)",[[0.93333333 0.93333333 0.91666667 0.91666667 0.86666667]],500
cv_plus,linear,0.89,3.297243983,0.755156912,12004.99863,18.50209594,1,500,normal,"(400, 2000)",[[0.91666667 0.8        0.9        0.95       0.88333333]],500
cv_plus,linear,0.95,0.034206118,0.996576897,19956.77121,196.1112168,0,500,normal,"(400, 2000, 2000, 2000)",[[1.         1.         1.         0.98333333 0.76666667]],500
cv_plus,linear,0.903333333,0.697406307,0.933032055,18138.34932,196.6111808,0.2,500,normal,"(400, 2000, 2000, 2000)",[[0.91666667 0.8        0.91666667 0.95       0.93333333]],500
cv_plus,linear,0.95,1.766108961,0.84387323,15156.13778,221.9869504,0.5,500,normal,"(400, 2000, 2000, 2000)",[[0.95       0.96666667 0.96666667 0.95       0.91666667]],500
cv_plus,linear,0.896666667,3.19633126,0.773947295,12397.49856,185.5898111,1,500,normal,"(400, 2000, 2000, 2000)",[[0.91666667 0.95       0.86666667 0.85       0.9       ]],500
cv_plus,linear,1,0.051727045,0.994817347,19933.64129,22.17037153,0,1000,normal,"(400, 2000)",[[1. 1. 1. 1. 1.]],1000
cv_plus,linear,0.9,0.655784417,0.936338978,18195.77946,28.50032806,0.2,1000,normal,"(400, 2000)",[[0.88333333 0.9        0.9        0.88333333 0.93333333]],1000
cv_plus,linear,0.94,1.769331086,0.841610332,15468.1471,23.25474072,0.5,1000,normal,"(400, 2000)",[[0.93333333 0.86666667 0.96666667 0.96666667 0.96666667]],1000
cv_plus,linear,0.903333333,3.475788761,0.734624085,11592.8323,34.75952315,1,1000,normal,"(400, 2000)",[[0.93333333 0.88333333 0.85       0.91666667 0.93333333]],1000
cv_plus,linear,0.933333333,0.013424841,0.998656406,20024.0358,256.4868422,0,1000,normal,"(400, 2000, 2000, 2000)",[[1.         1.         1.         1.         0.66666667]],1000
cv_plus,linear,0.906666667,0.65829081,0.936034513,18239.46266,277.8202507,0.2,1000,normal,"(400, 2000, 2000, 2000)",[[0.91666667 0.91666667 0.88333333 0.9        0.91666667]],1000
cv_plus,linear,0.893333333,1.689137912,0.844336745,15573.59623,296.4285614,0.5,1000,normal,"(400, 2000, 2000, 2000)",[[0.91666667 0.9        0.88333333 0.91666667 0.85      ]],1000
cv_plus,linear,0.87,3.298443716,0.748968935,11980.04081,246.6506927,1,1000,normal,"(400, 2000, 2000, 2000)",[[0.85       0.91666667 0.9        0.78333333 0.9       ]],1000
cv_plus,cube,0.983333333,0.067081925,0.992182551,4059.025016,41.13825965,0,100,normal,"(200, 1000, 1000, 1000)",[[1.         1.         1.         1.         0.91666667]],100
cv_plus,cube,0.933333333,0.86048183,0.908432375,3747.797541,22.2431016,0.2,100,normal,"(200, 1000, 1000, 1000)",[[0.91666667 1.         0.91666667 0.91666667 0.91666667]],100
cv_plus,cube,0.953333333,2.439088691,0.77593298,1161.038874,9.641969681,0.5,100,normal,"(200, 1000, 1000, 1000)",[[0.96666667 1.         0.98333333 0.95       0.86666667]],100
cv_plus,cube,0.93,3.875208631,0.695515283,796.4857498,20.99275994,1,100,normal,"(200, 1000, 1000, 1000)",[[0.93333333 0.96666667 0.91666667 0.93333333 0.9       ]],100
cv_plus,cube,0.953333333,5.557196138,0.54407256,455.7384255,12.07022595,4,100,student,"(200, 1000, 1000, 1000)",[[0.93333333 0.95       0.95       0.93333333 1.        ]],100
cv_plus,cube,0.92,5.304847526,0.692792752,977.9803992,8.069253922,5,100,student,"(200, 1000, 1000, 1000)",[[0.93333333 0.91666667 0.96666667 0.88333333 0.9       ]],100
cv_plus,cube,0.91,3.696113535,0.754431223,2150.051338,14.85223389,10,100,student,"(200, 1000, 1000, 1000)",[[0.91666667 0.91666667 0.88333333 0.93333333 0.9       ]],100
cv_plus,cube,0.926666667,4.062028648,0.557145354,549.4791763,9.428302765,1000,100,student,"(200, 1000, 1000, 1000)",[[0.86666667 0.91666667 0.96666667 0.98333333 0.9       ]],100
cv_plus,cube,0.94,0.967183883,0.897235787,2684.594867,3.734022379,0,100,normal,"(400, 2000)",[[1.  1.  1.  1.  0.7]],100
cv_plus,cube,0.973333333,1.550604766,0.732920548,1304.796356,4.422997236,0.2,100,normal,"(400, 2000)",[[0.98333333 1.         1.         0.96666667 0.91666667]],100
cv_plus,cube,0.93,2.284120614,0.718090835,1491.054641,5.895269394,0.5,100,normal,"(400, 2000)",[[0.96666667 0.93333333 0.86666667 0.91666667 0.96666667]],100
cv_plus,cube,0.893333333,3.378530924,0.679453514,1272.957707,6.839677095,1,100,normal,"(400, 2000)",[[0.9        0.88333333 0.91666667 0.9        0.86666667]],100
cv_plus,cube,0.936666667,5.79644984,0.68194351,1066.182573,4.051275492,4,100,student,"(400, 2000)",[[0.93333333 0.95       0.91666667 0.96666667 0.91666667]],100
cv_plus,cube,0.913333333,4.382112126,0.578516666,785.4727892,3.336335659,5,100,student,"(400, 2000)",[[0.95       0.91666667 1.         0.88333333 0.81666667]],100
cv_plus,cube,0.98,5.265116633,0.344472604,321.7820221,4.476126671,10,100,student,"(400, 2000)",[[0.95       0.98333333 0.98333333 1.         0.98333333]],100
cv_plus,cube,0.923333333,3.763581483,0.591446356,1032.982516,3.601550341,1000,100,student,"(400, 2000)",[[0.93333333 0.95       0.93333333 0.96666667 0.83333333]],100
cv_plus,cube,0.983333333,0.530075379,0.926199288,2957.194795,120.8893783,0,100,normal,"(400, 2000, 2000, 2000)",[[1.         1.         0.91666667 1.         1.        ]],100
cv_plus,cube,0.966666667,1.425447036,0.825456264,2196.531804,53.25603485,0.2,100,normal,"(400, 2000, 2000, 2000)",[[1.         0.95       0.96666667 1.         0.91666667]],100
cv_plus,cube,0.933333333,2.224506825,0.722091888,1994.870868,51.28826237,0.5,100,normal,"(400, 2000, 2000, 2000)",[[0.98333333 0.95       0.93333333 0.88333333 0.91666667]],100
cv_plus,cube,0.953333333,4.258633044,0.592132991,731.8766216,39.74575162,1,100,normal,"(400, 2000, 2000, 2000)",[[0.93333333 0.96666667 0.98333333 0.91666667 0.96666667]],100
cv_plus,cube,0.913333333,5.283607597,0.62681927,750.7970862,41.87951088,4,100,student,"(400, 2000, 2000, 2000)",[[0.93333333 0.91666667 0.91666667 0.91666667 0.88333333]],100
cv_plus,cube,0.936666667,5.250968302,0.483010006,834.7486033,48.47445965,5,100,student,"(400, 2000, 2000, 2000)",[[0.91666667 0.95       0.93333333 0.93333333 0.95      ]],100
cv_plus,cube,0.95,4.395216511,0.683033571,859.7163258,41.28748035,10,100,student,"(400, 2000, 2000, 2000)",[[0.98333333 0.91666667 0.93333333 0.95       0.96666667]],100
cv_plus,cube,0.923333333,3.877316463,0.59899609,1028.354326,41.24594665,1000,100,student,"(400, 2000, 2000, 2000)",[[0.86666667 0.98333333 0.95       0.91666667 0.9       ]],100
cv_plus,cube,0.976666667,0.11012936,0.990766285,5641.641235,41.02224255,0,300,normal,"(200, 1000, 1000, 1000)",[[1.         1.         0.98333333 0.98333333 0.91666667]],300
cv_plus,cube,0.926666667,0.824679403,0.876703258,2996.656976,48.30947304,0.2,300,normal,"(200, 1000, 1000, 1000)",[[0.96666667 0.91666667 0.91666667 0.9        0.93333333]],300
cv_plus,cube,0.94,1.893187707,0.839683904,2467.40664,31.56567049,0.5,300,normal,"(200, 1000, 1000, 1000)",[[0.98333333 0.96666667 0.91666667 0.95       0.88333333]],300
cv_plus,cube,0.923333333,3.489136002,0.601410129,2093.370725,32.26619458,1,300,normal,"(200, 1000, 1000, 1000)",[[0.93333333 0.9        0.93333333 0.9        0.95      ]],300
cv_plus,cube,0.923333333,4.879967918,0.715791387,1796.062622,28.87225747,4,300,student,"(200, 1000, 1000, 1000)",[[0.95       0.93333333 0.9        0.93333333 0.9       ]],300
cv_plus,cube,0.94,4.408388895,0.668651761,1511.925191,38.309515,5,300,student,"(200, 1000, 1000, 1000)",[[0.91666667 0.98333333 0.91666667 0.91666667 0.96666667]],300
cv_plus,cube,0.903333333,3.657152393,0.623306486,1093.041584,32.82550263,10,300,student,"(200, 1000, 1000, 1000)",[[0.88333333 0.98333333 0.93333333 0.86666667 0.85      ]],300
cv_plus,cube,0.893333333,3.329354243,0.700243102,1835.143003,36.22838044,1000,300,student,"(200, 1000, 1000, 1000)",[[0.86666667 0.91666667 0.91666667 0.91666667 0.85      ]],300
cv_plus,cube,0.956666667,0.080103834,0.987696865,3444.541313,24.63811207,0,300,normal,"(400, 2000)",[[1.         1.         1.         1.         0.78333333]],300
cv_plus,cube,0.9,0.717778405,0.880025919,2399.882821,17.67208838,0.2,300,normal,"(400, 2000)",[[0.88333333 0.91666667 0.9        0.93333333 0.86666667]],300
cv_plus,cube,0.91,1.801158493,0.768199926,1853.671816,15.93944311,0.5,300,normal,"(400, 2000)",[[0.9        0.96666667 0.91666667 0.85       0.91666667]],300
cv_plus,cube,0.893333333,3.509923964,0.682283359,1435.920606,16.45498252,1,300,normal,"(400, 2000)",[[0.91666667 0.9        0.9        0.86666667 0.88333333]],300
cv_plus,cube,0.903333333,4.513937226,0.745704874,1329.77997,12.23079276,4,300,student,"(400, 2000)",[[0.93333333 0.88333333 0.88333333 0.91666667 0.9       ]],300
cv_plus,cube,0.933333333,4.575446233,0.629060059,1127.925879,10.19994164,5,300,student,"(400, 2000)",[[0.91666667 0.88333333 0.98333333 0.93333333 0.95      ]],300
cv_plus,cube,0.893333333,3.967274657,0.694186697,1356.200819,9.045032501,10,300,student,"(400, 2000)",[[0.9        0.91666667 0.95       0.86666667 0.83333333]],300
cv_plus,cube,0.913333333,3.684556685,0.631600734,1067.638483,9.475050211,1000,300,student,"(400, 2000)",[[0.88333333 0.86666667 0.95       0.96666667 0.9       ]],300
cv_plus,cube,0.97,0.162743821,0.984941929,5246.906903,196.0347869,0,300,normal,"(400, 2000, 2000, 2000)",[[1.   1.   1.   1.   0.85]],300
cv_plus,cube,0.933333333,0.759324263,0.922570542,2543.342795,164.5064378,0.2,300,normal,"(400, 2000, 2000, 2000)",[[0.95       0.98333333 0.86666667 0.93333333 0.93333333]],300
cv_plus,cube,0.94,2.221042647,0.782505141,1629.095092,79.89870548,0.5,300,normal,"(400, 2000, 2000, 2000)",[[0.95       0.93333333 0.9        0.95       0.96666667]],300
cv_plus,cube,0.903333333,3.372894971,0.624878785,1133.801957,107.6964793,1,300,normal,"(400, 2000, 2000, 2000)",[[0.83333333 0.9        0.83333333 0.96666667 0.98333333]],300
cv_plus,cube,0.926666667,5.188043599,0.61494376,993.8879631,87.10733819,4,300,student,"(400, 2000, 2000, 2000)",[[0.91666667 0.96666667 0.88333333 0.96666667 0.9       ]],300
cv_plus,cube,0.946666667,5.107848165,0.653988064,842.8539612,97.61095285,5,300,student,"(400, 2000, 2000, 2000)",[[0.96666667 0.95       0.96666667 0.91666667 0.93333333]],300
cv_plus,cube,0.893333333,3.628379288,0.599406476,1184.621904,114.9883382,10,300,student,"(400, 2000, 2000, 2000)",[[0.93333333 0.8        0.95       0.91666667 0.86666667]],300
cv_plus,cube,0.906666667,3.497081486,0.621789035,1214.811188,116.6763935,1000,300,student,"(400, 2000, 2000, 2000)",[[0.93333333 0.88333333 0.9        0.93333333 0.88333333]],300
cv_plus,cube,0.99,0.052908958,0.993466481,4579.9544,57.2512567,0,500,normal,"(200, 1000, 1000, 1000)",[[1.   1.   0.95 1.   1.  ]],500
cv_plus,cube,0.92,0.710748036,0.902293449,3246.519206,46.1036787,0.2,500,normal,"(200, 1000, 1000, 1000)",[[0.95       0.88333333 0.98333333 0.9        0.88333333]],500
cv_plus,cube,0.903333333,1.671416951,0.848459366,3188.950349,44.75890756,0.5,500,normal,"(200, 1000, 1000, 1000)",[[0.95       0.91666667 0.95       0.86666667 0.83333333]],500
cv_plus,cube,0.89,3.476964736,0.706883266,1882.123837,25.35552716,1,500,normal,"(200, 1000, 1000, 1000)",[[0.88333333 0.83333333 0.81666667 0.93333333 0.98333333]],500
cv_plus,cube,0.923333333,5.051623709,0.662115883,1287.581667,34.97453761,4,500,student,"(200, 1000, 1000, 1000)",[[0.93333333 0.88333333 0.95       0.95       0.9       ]],500
cv_plus,cube,0.933333333,4.480360972,0.619709587,1227.08481,31.61599159,5,500,student,"(200, 1000, 1000, 1000)",[[0.93333333 0.9        0.95       0.96666667 0.91666667]],500
cv_plus,cube,0.91,3.717000504,0.714021456,1944.89408,36.22590137,10,500,student,"(200, 1000, 1000, 1000)",[[0.93333333 0.95       0.85       0.88333333 0.93333333]],500
cv_plus,cube,0.886666667,3.373713417,0.68819734,1672.114518,39.74136233,1000,500,student,"(200, 1000, 1000, 1000)",[[0.95       0.83333333 0.83333333 0.91666667 0.9       ]],500
cv_plus,cube,0.933333333,0.101232534,0.991838927,5625.385339,29.43940187,0,500,normal,"(400, 2000)",[[1.         1.         1.         0.86666667 0.8       ]],500
cv_plus,cube,0.87,0.685276753,0.938915832,4106.195046,24.76248837,0.2,500,normal,"(400, 2000)",[[0.85       0.88333333 0.86666667 0.86666667 0.88333333]],500
cv_plus,cube,0.906666667,1.709058278,0.757048596,2317.961489,18.08574533,0.5,500,normal,"(400, 2000)",[[0.91666667 0.95       0.9        0.86666667 0.9       ]],500
cv_plus,cube,0.903333333,3.354939382,0.680886054,1698.004831,17.79275894,1,500,normal,"(400, 2000)",[[0.9        0.9        0.91666667 0.9        0.9       ]],500
cv_plus,cube,0.916666667,4.39399312,0.729395602,1525.68554,13.17794681,4,500,student,"(400, 2000)",[[0.86666667 0.91666667 0.91666667 0.95       0.93333333]],500
cv_plus,cube,0.943333333,4.580205466,0.621925181,1043.847931,16.00328708,5,500,student,"(400, 2000)",[[0.93333333 0.95       0.91666667 0.96666667 0.95      ]],500
cv_plus,cube,0.933333333,3.828639104,0.53657958,540.8209622,17.44891119,10,500,student,"(400, 2000)",[[0.91666667 0.95       0.96666667 0.91666667 0.91666667]],500
cv_plus,cube,0.93,3.494974343,0.692854036,1138.426754,15.53898072,1000,500,student,"(400, 2000)",[[0.91666667 0.98333333 0.91666667 0.95       0.88333333]],500
cv_plus,cube,0.943333333,0.02164743,0.996556418,4570.515312,251.3209472,0,500,normal,"(400, 2000, 2000, 2000)",[[0.86666667 0.9        1.         1.         0.95      ]],500
cv_plus,cube,0.943333333,0.713737855,0.906232898,2849.173256,179.9192145,0.2,500,normal,"(400, 2000, 2000, 2000)",[[0.96666667 0.95       0.96666667 0.91666667 0.91666667]],500
cv_plus,cube,0.89,1.593873873,0.860173431,2815.686207,120.759866,0.5,500,normal,"(400, 2000, 2000, 2000)",[[0.83333333 0.91666667 0.81666667 0.93333333 0.95      ]],500
cv_plus,cube,0.91,3.771930814,0.787507445,1736.985619,183.1306829,1,500,normal,"(400, 2000, 2000, 2000)",[[0.88333333 0.91666667 0.88333333 0.91666667 0.95      ]],500
cv_plus,cube,0.896666667,4.354915294,0.632161189,1613.834866,121.9168479,4,500,student,"(400, 2000, 2000, 2000)",[[0.93333333 0.91666667 0.86666667 0.93333333 0.83333333]],500
cv_plus,cube,0.903333333,4.413601535,0.7509539,1453.106009,127.4045234,5,500,student,"(400, 2000, 2000, 2000)",[[0.93333333 0.9        0.88333333 0.93333333 0.86666667]],500
cv_plus,cube,0.943333333,3.837019458,0.566064604,1424.600211,120.7275467,10,500,student,"(400, 2000, 2000, 2000)",[[0.98333333 0.98333333 0.88333333 0.91666667 0.95      ]],500
cv_plus,cube,0.92,3.532711489,0.825546084,1968.013619,119.1083214,1000,500,student,"(400, 2000, 2000, 2000)",[[0.85       0.91666667 0.96666667 0.91666667 0.95      ]],500
cv_plus,cube,0.976666667,0.0320019,0.995090175,4261.047633,84.44085789,0,1000,normal,"(200, 1000, 1000, 1000)",[[1.         1.         1.         1.         0.88333333]],1000
cv_plus,cube,0.916666667,0.713931617,0.927333944,4162.043092,74.28373098,0.2,1000,normal,"(200, 1000, 1000, 1000)",[[0.9        0.93333333 0.93333333 0.88333333 0.93333333]],1000
cv_plus,cube,0.91,1.718343448,0.816639817,2162.059426,56.88219213,0.5,1000,normal,"(200, 1000, 1000, 1000)",[[0.95       0.85       0.93333333 0.91666667 0.9       ]],1000
cv_plus,cube,0.9,3.370636454,0.720955166,2117.827573,68.97065282,1,1000,normal,"(200, 1000, 1000, 1000)",[[0.91666667 0.95       0.91666667 0.85       0.86666667]],1000
cv_plus,cube,0.883333333,4.006012991,0.676899411,1831.381249,57.30241489,4,1000,student,"(200, 1000, 1000, 1000)",[[0.85       0.91666667 0.9        0.86666667 0.88333333]],1000
cv_plus,cube,0.923333333,4.335734149,0.732116497,2322.981129,58.3933804,5,1000,student,"(200, 1000, 1000, 1000)",[[0.95       0.9        0.96666667 0.93333333 0.86666667]],1000
cv_plus,cube,0.903333333,3.643160916,0.733854832,1809.557167,60.58763623,10,1000,student,"(200, 1000, 1000, 1000)",[[0.93333333 0.83333333 0.93333333 0.91666667 0.9       ]],1000
cv_plus,cube,0.903333333,3.353864808,0.719836357,1622.447483,70.58357906,1000,1000,student,"(200, 1000, 1000, 1000)",[[0.93333333 0.85       0.91666667 0.91666667 0.9       ]],1000
cv_plus,cube,0.953333333,0.050850139,0.993087143,4827.056642,49.19578099,0,1000,normal,"(400, 2000)",[[0.98333333 1.         1.         0.85       0.93333333]],1000
cv_plus,cube,0.946666667,0.753345794,0.897832112,3076.314031,24.23935056,0.2,1000,normal,"(400, 2000)",[[0.95       0.9        0.98333333 0.98333333 0.91666667]],1000
cv_plus,cube,0.91,1.659986342,0.860829594,2464.14754,46.70971823,0.5,1000,normal,"(400, 2000)",[[0.88333333 0.95       0.9        0.9        0.91666667]],1000
cv_plus,cube,0.843333333,3.324543847,0.712207821,1835.784244,26.61128283,1,1000,normal,"(400, 2000)",[[0.95       0.83333333 0.75       0.86666667 0.81666667]],1000
cv_plus,cube,0.876666667,4.272236555,0.751944292,1902.437939,28.11877918,4,1000,student,"(400, 2000)",[[0.88333333 0.9        0.9        0.9        0.8       ]],1000
cv_plus,cube,0.906666667,4.292155071,0.58446035,1213.990522,22.38953447,5,1000,student,"(400, 2000)",[[0.85       0.95       0.9        0.88333333 0.95      ]],1000
cv_plus,cube,0.916666667,3.816552934,0.64962113,1140.721979,32.62521553,10,1000,student,"(400, 2000)",[[0.88333333 0.91666667 0.95       0.95       0.88333333]],1000
cv_plus,cube,0.93,3.40987635,0.681117691,1649.879828,23.90804148,1000,1000,student,"(400, 2000)",[[0.95       0.9        0.93333333 0.91666667 0.95      ]],1000
cv_plus,cube,0.99,0.029469735,0.994048437,4407.291054,313.5122783,0,1000,normal,"(400, 2000, 2000, 2000)",[[1.   1.   1.   1.   0.95]],1000
cv_plus,cube,0.926666667,0.728808547,0.925534532,3806.145841,266.5864975,0.2,1000,normal,"(400, 2000, 2000, 2000)",[[0.91666667 0.91666667 0.95       0.9        0.95      ]],1000
cv_plus,cube,0.903333333,1.713304049,0.799019697,2546.06163,296.4784968,0.5,1000,normal,"(400, 2000, 2000, 2000)",[[0.88333333 0.88333333 0.93333333 0.93333333 0.88333333]],1000
cv_plus,cube,0.913333333,3.597384704,0.612860201,1144.379262,223.856606,1,1000,normal,"(400, 2000, 2000, 2000)",[[0.9        0.96666667 0.91666667 0.86666667 0.91666667]],1000
cv_plus,cube,0.896666667,4.455064251,0.750342867,2055.015861,254.9630878,4,1000,student,"(400, 2000, 2000, 2000)",[[0.95       0.91666667 0.85       0.93333333 0.83333333]],1000
cv_plus,cube,0.886666667,4.058112374,0.740381025,1632.263086,232.4272618,5,1000,student,"(400, 2000, 2000, 2000)",[[0.9        0.91666667 0.83333333 0.9        0.88333333]],1000
cv_plus,cube,0.886666667,3.659936205,0.624399839,1225.396901,251.9392097,10,1000,student,"(400, 2000, 2000, 2000)",[[0.85       0.91666667 0.9        0.88333333 0.88333333]],1000
cv_plus,cube,0.91,3.612224453,0.666885792,1337.212219,220.2308772,1000,1000,student,"(400, 2000, 2000, 2000)",[[0.88333333 0.95       0.93333333 0.9        0.88333333]],1000
cv_plus,cube,0.896666667,1.168776532,0.842851947,1579.704289,2.040311813,0,100,normal,"(200, 1000)",[[1.         0.95       1.         1.         0.53333333]],100
cv_plus,cube,0.95,1.315786335,0.857276106,2068.848315,2.370373011,0.2,100,normal,"(200, 1000)",[[0.98333333 0.96666667 1.         0.98333333 0.81666667]],100
cv_plus,cube,0.93,2.349055642,0.697643701,998.5807127,1.714800358,0.5,100,normal,"(200, 1000)",[[0.95       1.         0.98333333 0.95       0.76666667]],100
cv_plus,cube,0.883333333,3.750081049,0.599264868,648.6480009,1.598737478,1,100,normal,"(200, 1000)",[[0.96666667 0.91666667 0.91666667 0.91666667 0.7       ]],100
cv_plus,cube,0.896666667,4.360154918,0.624030938,1054.295576,1.214964628,4,100,student,"(200, 1000)",[[0.95       0.9        0.85       0.86666667 0.91666667]],100
cv_plus,cube,0.923333333,5.198133231,0.692068974,779.5478569,1.42628932,5,100,student,"(200, 1000)",[[0.98333333 0.88333333 0.96666667 0.93333333 0.85      ]],100
cv_plus,cube,0.903333333,3.878551916,0.660076309,1270.978937,1.96289897,10,100,student,"(200, 1000)",[[0.95       0.96666667 0.86666667 0.93333333 0.8       ]],100
cv_plus,cube,0.933333333,4.485212482,0.6112337,442.0268059,2.63151598,1000,100,student,"(200, 1000)",[[0.95       0.93333333 0.91666667 0.96666667 0.9       ]],100
cv_plus,sinex_con,1,4.211561237,0.36511905,3483.266458,4.809524059,0,100,normal,"(200, 1000)",[[1. 1. 1. 1. 1.]],100
cv_plus,sinex_con,0.976666667,3.202862756,0.572314082,5123.138743,5.795666933,0.2,100,normal,"(200, 1000)",[[1.         1.         0.96666667 0.93333333 0.98333333]],100
cv_plus,sinex_con,0.95,4.811613,0.463290566,2873.548132,3.874506712,0.5,100,normal,"(200, 1000)",[[0.98333333 0.98333333 0.96666667 0.95       0.86666667]],100
cv_plus,sinex_con,0.92,6.592888383,0.410121891,1583.771262,2.706802368,1,100,normal,"(200, 1000)",[[0.9        0.96666667 0.91666667 0.98333333 0.83333333]],100
cv_plus,sinex_con,0.87,5.280578702,0.621818095,4757.255209,4.411260843,4,100,student,"(200, 1000)",[[0.93333333 0.86666667 0.85       0.83333333 0.86666667]],100
cv_plus,sinex_con,0.963333333,7.265335576,0.354331284,1033.257914,1.929005623,5,100,student,"(200, 1000)",[[0.95       0.96666667 0.96666667 0.98333333 0.95      ]],100
cv_plus,sinex_con,0.943333333,5.530977734,0.487802279,3432.61949,6.445109844,10,100,student,"(200, 1000)",[[0.96666667 0.96666667 0.93333333 0.86666667 0.98333333]],100
cv_plus,sinex_con,0.92,6.599511531,0.441031876,1316.186356,3.012270212,1000,100,student,"(200, 1000)",[[1.         0.98333333 0.9        0.93333333 0.78333333]],100
cv_plus,cube,0.936666667,0.269769105,0.955280639,3601.226977,7.548360348,0,300,normal,"(200, 1000)",[[1.         0.93333333 1.         0.98333333 0.76666667]],300
cv_plus,cube,0.9,0.74089361,0.932430613,4491.660854,6.899745226,0.2,300,normal,"(200, 1000)",[[0.95       0.88333333 0.95       0.91666667 0.8       ]],300
cv_plus,cube,0.936666667,2.057117518,0.789347448,1828.233498,4.674533367,0.5,300,normal,"(200, 1000)",[[0.95       0.91666667 0.95       0.95       0.91666667]],300
cv_plus,cube,0.943333333,3.68495008,0.54033767,1205.356274,4.733458042,1,300,normal,"(200, 1000)",[[0.91666667 0.95       0.9        0.96666667 0.98333333]],300
cv_plus,cube,0.893333333,4.791189974,0.646274014,1502.628419,2.629665852,4,300,student,"(200, 1000)",[[0.93333333 0.91666667 0.86666667 0.9        0.85      ]],300
cv_plus,cube,0.95,5.185620451,0.415561015,543.8858182,2.903337717,5,300,student,"(200, 1000)",[[0.96666667 0.95       0.96666667 0.93333333 0.93333333]],300
cv_plus,cube,0.93,4.546457538,0.561730116,797.7268467,5.938401699,10,300,student,"(200, 1000)",[[0.95       0.93333333 0.88333333 0.93333333 0.95      ]],300
cv_plus,cube,0.943333333,3.806350222,0.638177121,830.6293952,5.688469648,1000,300,student,"(200, 1000)",[[0.96666667 0.91666667 0.95       0.93333333 0.95      ]],300
cv_plus,sinex_con,0.9,0.665332652,0.899703561,12480.17318,13.56033301,0,300,normal,"(200, 1000)",[[0.65       0.88333333 0.96666667 1.         1.        ]],300
cv_plus,sinex_con,0.92,0.973161008,0.870266221,11617.48757,13.59475684,0.2,300,normal,"(200, 1000)",[[0.96666667 0.96666667 0.96666667 0.91666667 0.78333333]],300
cv_plus,sinex_con,0.933333333,2.100315532,0.752175599,9150.004087,12.38871527,0.5,300,normal,"(200, 1000)",[[0.96666667 0.9        0.93333333 0.93333333 0.93333333]],300
cv_plus,sinex_con,0.933333333,3.754064897,0.627580459,6891.038449,11.3196609,1,300,normal,"(200, 1000)",[[0.98333333 0.91666667 0.91666667 0.9        0.95      ]],300
cv_plus,sinex_con,0.91,4.620133987,0.651655007,6253.831529,11.775913,4,300,student,"(200, 1000)",[[0.95       0.93333333 0.86666667 0.9        0.9       ]],300
cv_plus,sinex_con,0.916666667,4.730745532,0.695045299,5795.182037,9.521175861,5,300,student,"(200, 1000)",[[0.86666667 0.95       0.93333333 0.88333333 0.95      ]],300
cv_plus,sinex_con,0.893333333,4.110036211,0.642594903,6156.633411,9.147642374,10,300,student,"(200, 1000)",[[0.88333333 0.86666667 0.81666667 0.95       0.95      ]],300
cv_plus,sinex_con,0.913333333,3.780195413,0.677929826,6897.010064,9.525230646,1000,300,student,"(200, 1000)",[[0.93333333 0.91666667 0.88333333 0.93333333 0.9       ]],300
cv_plus,cube,0.966666667,0.105109294,0.984952925,5279.713866,14.84758997,0,500,normal,"(200, 1000)",[[1.         1.         1.         0.98333333 0.85      ]],500
cv_plus,cube,0.906666667,0.717771017,0.895705693,2927.114666,7.699298382,0.2,500,normal,"(200, 1000)",[[0.93333333 0.9        0.9        0.86666667 0.93333333]],500
cv_plus,cube,0.916666667,1.908661944,0.778289631,2647.415614,7.734401226,0.5,500,normal,"(200, 1000)",[[0.9        0.9        0.96666667 0.88333333 0.93333333]],500
cv_plus,cube,0.913333333,3.492648727,0.697793703,1456.288494,7.02504611,1,500,normal,"(200, 1000)",[[0.95       0.91666667 0.91666667 0.9        0.88333333]],500
cv_plus,cube,0.896666667,4.561739962,0.603684041,1438.343748,4.745022774,4,500,student,"(200, 1000)",[[0.91666667 0.81666667 0.95       0.95       0.85      ]],500
cv_plus,cube,0.886666667,3.985880881,0.638357645,1929.659534,7.57378459,5,500,student,"(200, 1000)",[[0.85       0.88333333 0.93333333 0.91666667 0.85      ]],500
cv_plus,cube,0.906666667,3.818690353,0.754975489,1270.35913,6.740247965,10,500,student,"(200, 1000)",[[1.         0.9        0.86666667 0.88333333 0.88333333]],500
cv_plus,cube,0.9,3.473244767,0.72336192,1196.81707,4.528939009,1000,500,student,"(200, 1000)",[[0.91666667 0.9        0.88333333 0.93333333 0.86666667]],500
cv_plus,sinex_con,0.91,0.549088482,0.917226848,12887.66837,12.04661703,0,500,normal,"(200, 1000)",[[0.96666667 1.         0.91666667 0.86666667 0.8       ]],500
cv_plus,sinex_con,0.9,0.90722372,0.875976425,12006.42722,12.43809748,0.2,500,normal,"(200, 1000)",[[0.95       0.93333333 0.88333333 0.9        0.83333333]],500
cv_plus,sinex_con,0.906666667,1.786831671,0.793418696,10279.42554,10.53934741,0.5,500,normal,"(200, 1000)",[[0.85       0.93333333 0.9        0.91666667 0.93333333]],500
cv_plus,sinex_con,0.923333333,3.397400683,0.668322763,7255.884528,11.45293045,1,500,normal,"(200, 1000)",[[0.88333333 0.93333333 0.95       0.9        0.95      ]],500
cv_plus,sinex_con,0.876666667,4.401897892,0.659979264,6262.084255,13.46687508,4,500,student,"(200, 1000)",[[0.91666667 0.9        0.83333333 0.9        0.83333333]],500
cv_plus,sinex_con,0.943333333,5.080389727,0.605571804,4844.687404,9.239461422,5,500,student,"(200, 1000)",[[0.91666667 0.95       0.95       0.98333333 0.91666667]],500
cv_plus,sinex_con,0.91,3.603907492,0.648398471,7536.269302,10.42667794,10,500,student,"(200, 1000)",[[0.91666667 0.9        0.9        0.86666667 0.96666667]],500
cv_plus,sinex_con,0.91,3.453397462,0.718106974,7483.504639,11.10133624,1000,500,student,"(200, 1000)",[[0.91666667 0.86666667 0.91666667 0.93333333 0.91666667]],500
cv_plus,cube,0.976666667,0.050321777,0.995462393,6305.57017,54.6824317,0,1000,normal,"(200, 1000)",[[1.         1.         1.         0.98333333 0.9       ]],1000
cv_plus,cube,0.936666667,0.709642008,0.917490674,3001.952444,30.59664774,0.2,1000,normal,"(200, 1000)",[[0.91666667 0.91666667 0.96666667 0.95       0.93333333]],1000
cv_plus,cube,0.93,1.755668116,0.793394713,2045.843399,19.70819092,0.5,1000,normal,"(200, 1000)",[[0.9        0.96666667 0.98333333 0.91666667 0.88333333]],1000
cv_plus,cube,0.906666667,3.270866606,0.647946988,1553.365163,20.11145329,1,1000,normal,"(200, 1000)",[[0.95       0.93333333 0.85       0.86666667 0.93333333]],1000
cv_plus,cube,0.903333333,4.582859553,0.637967543,1759.576495,21.13548326,4,1000,student,"(200, 1000)",[[0.95       0.9        0.83333333 0.9        0.93333333]],1000
cv_plus,cube,0.906666667,4.147609183,0.582814518,1017.048672,20.21517873,5,1000,student,"(200, 1000)",[[0.95       0.86666667 0.88333333 0.88333333 0.95      ]],1000
cv_plus,cube,0.866666667,3.597908957,0.71416408,2489.510161,19.15505314,10,1000,student,"(200, 1000)",[[0.9        0.9        0.85       0.85       0.83333333]],1000
cv_plus,cube,0.91,3.468701786,0.668975102,1650.624467,18.01124883,1000,1000,student,"(200, 1000)",[[0.88333333 0.95       0.85       0.91666667 0.95      ]],1000
cv_plus,sinex_con,0.9,0.651614568,0.901771511,12539.66211,17.55458903,0,1000,normal,"(200, 1000)",[[0.96666667 0.75       0.9        1.         0.88333333]],1000
cv_plus,sinex_con,0.936666667,0.91866422,0.872692163,11877.75037,15.29962564,0.2,1000,normal,"(200, 1000)",[[0.96666667 1.         0.95       0.95       0.81666667]],1000
cv_plus,sinex_con,0.92,1.790620778,0.79346863,9945.685869,14.44268632,0.5,1000,normal,"(200, 1000)",[[0.91666667 0.96666667 0.95       0.93333333 0.83333333]],1000
cv_plus,sinex_con,0.923333333,3.452960125,0.705071391,7658.241237,14.61619329,1,1000,normal,"(200, 1000)",[[0.88333333 1.         0.95       0.9        0.88333333]],1000
cv_plus,sinex_con,0.91,4.595437858,0.707349613,6276.260925,12.26420975,4,1000,student,"(200, 1000)",[[0.93333333 0.93333333 0.9        0.91666667 0.86666667]],1000
cv_plus,sinex_con,0.92,4.492097719,0.722006172,6500.486954,14.63178015,5,1000,student,"(200, 1000)",[[0.91666667 0.93333333 0.9        0.9        0.95      ]],1000
cv_plus,sinex_con,0.883333333,3.658094083,0.677869427,7452.218785,14.57417226,10,1000,student,"(200, 1000)",[[0.85       0.93333333 0.93333333 0.83333333 0.86666667]],1000
cv_plus,sinex_con,0.883333333,3.430143986,0.689221589,7280.840592,16.09474635,1000,1000,student,"(200, 1000)",[[0.88333333 0.9        0.88333333 0.91666667 0.83333333]],1000
cv_plus,nmm,0.956666667,5.620365098,0.538040911,11195.15586,10.40078425,0,100,normal,"(200, 1000)",[[1.         1.         1.         0.9        0.88333333]],100
cv_plus,nmm,0.953333333,5.132259575,0.589779243,12100.43895,12.57060981,0.2,100,normal,"(200, 1000)",[[1.         1.         1.         0.91666667 0.85      ]],100
cv_plus,nmm,0.926666667,3.757053112,0.721108759,14976.4414,13.31963539,0.5,100,normal,"(200, 1000)",[[1.         0.9        0.95       0.98333333 0.8       ]],100
cv_plus,nmm,0.893333333,4.278783263,0.737002944,14448.99362,13.31250763,1,100,normal,"(200, 1000)",[[0.85       0.91666667 0.93333333 0.91666667 0.85      ]],100
cv_plus,nmm,0.986666667,10.44644038,0.40816857,5615.770149,6.249798775,4,100,student,"(200, 1000)",[[1.         0.96666667 0.96666667 1.         1.        ]],100
cv_plus,nmm,0.946666667,8.658156371,0.525905843,7158.939471,10.42131519,5,100,student,"(200, 1000)",[[0.95       0.95       0.95       0.9        0.98333333]],100
cv_plus,nmm,0.96,8.35723943,0.540604072,7084.757927,10.1846385,10,100,student,"(200, 1000)",[[0.98333333 1.         0.93333333 0.96666667 0.91666667]],100
cv_plus,nmm,0.97,9.053916049,0.424214512,3911.621584,6.695766211,1000,100,student,"(200, 1000)",[[1.         0.98333333 0.98333333 1.         0.88333333]],100
cv_plus,sinex_het,0.903333333,5.943524055,0.582349316,4578.740649,6.278398037,0,100,normal,"(200, 1000)",[[1.         0.95       0.9        0.9        0.76666667]],100
cv_plus,sinex_het,0.966666667,8.17268134,0.433311767,1632.810894,5.320585966,0.2,100,normal,"(200, 1000)",[[0.96666667 0.98333333 0.96666667 1.         0.91666667]],100
cv_plus,sinex_het,0.893333333,5.281042203,0.61283256,5333.990511,6.186199903,0.5,100,normal,"(200, 1000)",[[0.88333333 0.91666667 0.93333333 0.81666667 0.91666667]],100
cv_plus,sinex_het,0.96,9.080986917,0.373298304,1322.988031,4.597385168,1,100,normal,"(200, 1000)",[[0.91666667 0.98333333 0.98333333 0.98333333 0.93333333]],100
cv_plus,sinex_het,0.963333333,9.079021538,0.487514075,1763.572134,5.258051872,4,100,student,"(200, 1000)",[[0.98333333 0.98333333 0.98333333 0.95       0.91666667]],100
cv_plus,sinex_het,0.946666667,8.644946356,0.575813107,1569.74955,5.253895998,5,100,student,"(200, 1000)",[[0.91666667 0.98333333 0.95       0.98333333 0.9       ]],100
cv_plus,sinex_het,0.92,8.253394291,0.453464349,1571.817036,4.503038168,10,100,student,"(200, 1000)",[[0.95       0.98333333 0.96666667 0.85       0.85      ]],100
cv_plus,sinex_het,0.923333333,7.598353985,0.479637103,2464.909408,5.332422733,1000,100,student,"(200, 1000)",[[0.91666667 0.93333333 1.         0.95       0.81666667]],100
cv_plus,nmm,0.92,2.43816994,0.79959801,17644.79987,29.12077522,0,300,normal,"(200, 1000)",[[1.         0.83333333 0.91666667 0.93333333 0.91666667]],300
cv_plus,nmm,0.91,2.899675241,0.768180058,16601.32052,27.67667246,0.2,300,normal,"(200, 1000)",[[0.8        1.         0.98333333 0.91666667 0.85      ]],300
cv_plus,nmm,0.926666667,3.920201667,0.724842454,14996.54207,26.94239759,0.5,300,normal,"(200, 1000)",[[0.91666667 0.93333333 0.98333333 0.9        0.9       ]],300
cv_plus,nmm,0.913333333,5.386669804,0.662542451,12617.60587,25.75613856,1,300,normal,"(200, 1000)",[[1.         0.95       0.9        0.83333333 0.88333333]],300
cv_plus,nmm,0.916666667,6.811247832,0.646193606,10354.88928,16.44453835,4,300,student,"(200, 1000)",[[0.93333333 0.9        1.         0.88333333 0.86666667]],300
cv_plus,nmm,0.92,6.576758322,0.675949219,11029.45329,20.93094206,5,300,student,"(200, 1000)",[[0.93333333 0.91666667 0.96666667 0.88333333 0.9       ]],300
cv_plus,nmm,0.91,6.156964526,0.657125043,11087.15389,20.67323875,10,300,student,"(200, 1000)",[[0.96666667 0.93333333 0.91666667 0.88333333 0.85      ]],300
cv_plus,nmm,0.896666667,6.590310895,0.602866678,10590.35579,19.17573118,1000,300,student,"(200, 1000)",[[0.96666667 0.93333333 0.96666667 0.81666667 0.8       ]],300
cv_plus,sinex_het,0.906666667,4.780116523,0.623286153,5420.54729,11.8445785,0,300,normal,"(200, 1000)",[[1.         0.96666667 0.85       0.9        0.81666667]],300
cv_plus,sinex_het,0.93,5.731631574,0.577582452,4540.116123,11.45624948,0.2,300,normal,"(200, 1000)",[[0.98333333 0.91666667 0.96666667 0.96666667 0.81666667]],300
cv_plus,sinex_het,0.956666667,6.196920323,0.502737853,4106.245236,10.46965003,0.5,300,normal,"(200, 1000)",[[0.9        1.         0.96666667 0.95       0.96666667]],300
cv_plus,sinex_het,0.896666667,6.483970718,0.548598773,3659.767476,8.460617065,1,300,normal,"(200, 1000)",[[0.91666667 0.96666667 0.93333333 0.8        0.86666667]],300
cv_plus,sinex_het,0.916666667,7.1359468,0.638527972,3678.226755,6.583799839,4,300,student,"(200, 1000)",[[0.95       0.95       0.88333333 0.88333333 0.91666667]],300
cv_plus,sinex_het,0.96,8.503157356,0.494660821,1435.542218,8.25432682,5,300,student,"(200, 1000)",[[1.         0.98333333 1.         0.95       0.86666667]],300
cv_plus,sinex_het,0.906666667,6.335207875,0.61511975,4281.32189,10.35268855,10,300,student,"(200, 1000)",[[0.96666667 0.88333333 0.86666667 0.93333333 0.88333333]],300
cv_plus,sinex_het,0.883333333,6.729514051,0.569046432,3168.107684,7.332154989,1000,300,student,"(200, 1000)",[[0.95       0.96666667 0.91666667 0.85       0.73333333]],300
cv_plus,nmm,0.903333333,1.113886027,0.908445822,20618.12811,33.79450369,0,500,normal,"(200, 1000)",[[1.         0.91666667 0.9        0.73333333 0.96666667]],500
cv_plus,nmm,0.9,1.378087252,0.892495376,20092.92488,35.73225236,0.2,500,normal,"(200, 1000)",[[0.91666667 0.81666667 0.81666667 0.95       1.        ]],500
cv_plus,nmm,0.926666667,2.301084549,0.835958299,18341.31281,35.33974743,0.5,500,normal,"(200, 1000)",[[0.96666667 0.86666667 0.93333333 0.91666667 0.95      ]],500
cv_plus,nmm,0.906666667,3.956027663,0.769415944,15476.84552,31.84108496,1,500,normal,"(200, 1000)",[[0.96666667 0.91666667 0.86666667 0.88333333 0.9       ]],500
cv_plus,nmm,0.946666667,7.418086324,0.629794671,8083.75745,21.4587574,4,500,student,"(200, 1000)",[[0.95       1.         0.95       0.96666667 0.86666667]],500
cv_plus,nmm,0.9,4.644746061,0.776656854,14835.47173,34.66910553,5,500,student,"(200, 1000)",[[0.88333333 0.86666667 0.9        0.93333333 0.91666667]],500
cv_plus,nmm,0.98,8.620361526,0.448456047,5965.224618,19.37109661,10,500,student,"(200, 1000)",[[1.         1.         0.98333333 0.98333333 0.93333333]],500
cv_plus,nmm,0.863333333,3.409853461,0.791664172,16647.32441,34.11313605,1000,500,student,"(200, 1000)",[[0.86666667 0.78333333 0.88333333 0.88333333 0.9       ]],500
cv_plus,sinex_het,0.906666667,4.912778459,0.679050774,6151.215455,11.31431079,0,500,normal,"(200, 1000)",[[0.83333333 0.88333333 0.88333333 0.93333333 1.        ]],500
cv_plus,sinex_het,0.85,4.621300076,0.698292633,6650.209592,10.9334805,0.2,500,normal,"(200, 1000)",[[0.93333333 0.85       0.8        0.78333333 0.88333333]],500
cv_plus,sinex_het,0.883333333,5.2148841,0.622696088,5635.714104,12.05415988,0.5,500,normal,"(200, 1000)",[[0.93333333 0.91666667 0.88333333 0.86666667 0.81666667]],500
cv_plus,sinex_het,0.896666667,6.523506827,0.535369495,3725.73427,11.2910583,1,500,normal,"(200, 1000)",[[0.93333333 0.95       0.85       0.93333333 0.81666667]],500
cv_plus,sinex_het,0.886666667,6.260050967,0.661000379,5131.088133,13.75204253,4,500,student,"(200, 1000)",[[0.88333333 0.91666667 0.96666667 0.83333333 0.83333333]],500
cv_plus,sinex_het,0.926666667,6.38948361,0.57922324,4399.835161,11.99739242,5,500,student,"(200, 1000)",[[1.         0.95       0.86666667 0.88333333 0.93333333]],500
cv_plus,sinex_het,0.936666667,6.11207113,0.64479579,5002.240084,10.57945538,10,500,student,"(200, 1000)",[[0.93333333 0.95       0.96666667 0.91666667 0.91666667]],500
cv_plus,sinex_het,0.89,5.739080977,0.628841578,5238.355531,11.68894076,1000,500,student,"(200, 1000)",[[0.93333333 0.9        0.93333333 0.88333333 0.8       ]],500
cv_plus,nmm,0.903333333,0.942159628,0.922560612,21041.11083,43.55612493,0,1000,normal,"(200, 1000)",[[1.         1.         1.         0.88333333 0.63333333]],1000
cv_plus,nmm,0.906666667,1.330023919,0.894216185,20175.76228,41.66237617,0.2,1000,normal,"(200, 1000)",[[0.98333333 0.9        0.88333333 0.76666667 1.        ]],1000
cv_plus,nmm,0.876666667,2.084038897,0.848091087,18770.86462,43.75002456,0.5,1000,normal,"(200, 1000)",[[0.85       0.86666667 0.81666667 0.93333333 0.91666667]],1000
cv_plus,nmm,0.91,3.850687786,0.751804525,15928.78143,40.53691816,1,1000,normal,"(200, 1000)",[[0.83333333 0.88333333 0.95       0.93333333 0.95      ]],1000
cv_plus,nmm,0.936666667,4.538655217,0.738841767,15027.40953,36.78225207,4,1000,student,"(200, 1000)",[[0.9        0.95       0.95       0.91666667 0.96666667]],1000
cv_plus,nmm,0.896666667,4.450163938,0.759312121,14953.2598,39.17117095,5,1000,student,"(200, 1000)",[[0.96666667 0.9        0.9        0.86666667 0.85      ]],1000
cv_plus,nmm,0.91,3.899190135,0.753524589,15974.83109,40.72192955,10,1000,student,"(200, 1000)",[[0.9        0.81666667 0.96666667 0.88333333 0.98333333]],1000
cv_plus,nmm,0.89,3.487335882,0.778219031,16562.2124,44.09272575,1000,1000,student,"(200, 1000)",[[0.95       0.91666667 0.83333333 0.93333333 0.81666667]],1000
cv_plus,sinex_het,0.913333333,4.905878902,0.660554492,6156.191438,16.43024397,0,1000,normal,"(200, 1000)",[[0.95       0.91666667 0.93333333 0.88333333 0.88333333]],1000
cv_plus,sinex_het,0.923333333,4.957990855,0.613608232,5418.787219,17.7951355,0.2,1000,normal,"(200, 1000)",[[0.96666667 0.88333333 0.98333333 0.93333333 0.85      ]],1000
cv_plus,sinex_het,0.9,5.160806172,0.662662025,6213.291579,16.52944708,0.5,1000,normal,"(200, 1000)",[[0.98333333 0.98333333 0.9        0.85       0.78333333]],1000
cv_plus,sinex_het,0.92,5.881000451,0.63521534,5263.654479,16.30968857,1,1000,normal,"(200, 1000)",[[0.98333333 0.98333333 0.95       0.91666667 0.76666667]],1000
cv_plus,sinex_het,0.923333333,6.282941206,0.551095118,4084.246467,13.7591722,4,1000,student,"(200, 1000)",[[0.88333333 0.91666667 0.96666667 0.95       0.9       ]],1000
cv_plus,sinex_het,0.88,6.149309625,0.670886834,5364.917528,15.91058946,5,1000,student,"(200, 1000)",[[0.93333333 0.93333333 0.78333333 0.85       0.9       ]],1000
cv_plus,sinex_het,0.856666667,5.819323408,0.697300172,5822.087914,15.32635999,10,1000,student,"(200, 1000)",[[0.91666667 0.83333333 0.9        0.86666667 0.76666667]],1000
cv_plus,sinex_het,0.93,6.156212112,0.579433204,4420.87095,15.46571732,1000,1000,student,"(200, 1000)",[[0.93333333 0.98333333 0.96666667 0.95       0.81666667]],1000
cv_plus,linear,0.936666667,0.604917312,0.939507006,17711.97196,1.787608862,0,100,normal,"(200, 1000)",[[1.         1.         1.         0.93333333 0.75      ]],100
cv_plus,linear,0.94,0.919094134,0.911967432,17038.82985,1.882005692,0.2,100,normal,"(200, 1000)",[[0.86666667 0.96666667 0.95       0.96666667 0.95      ]],100
cv_plus,linear,0.953333333,2.097578158,0.812748618,14027.59865,1.520454407,0.5,100,normal,"(200, 1000)",[[0.9        0.96666667 0.98333333 0.93333333 0.98333333]],100
cv_plus,linear,0.85,3.009560377,0.770784716,12340.42715,1.709624052,1,100,normal,"(200, 1000)",[[0.78333333 0.83333333 0.9        0.8        0.93333333]],100
cv_plus,linear,0.94,0.371201198,0.96287834,18631.58293,3.323424816,0,300,normal,"(200, 1000)",[[1.   1.   0.95 1.   0.75]],300
cv_plus,linear,0.913333333,0.71526927,0.931146102,17805.35319,4.246273756,0.2,300,normal,"(200, 1000)",[[0.93333333 0.96666667 0.85       0.96666667 0.85      ]],300
cv_plus,linear,0.93,1.833164987,0.826405969,14925.08587,4.883777142,0.5,300,normal,"(200, 1000)",[[0.93333333 0.93333333 0.93333333 0.93333333 0.91666667]],300
cv_plus,linear,0.886666667,3.299762444,0.767832562,12222.22087,3.888981342,1,300,normal,"(200, 1000)",[[0.81666667 0.91666667 0.9        0.96666667 0.83333333]],300
cv_plus,linear,0.926666667,0.087501144,0.991249181,19772.07664,9.916466713,0,500,normal,"(200, 1000)",[[1.         1.         0.98333333 0.93333333 0.71666667]],500
cv_plus,linear,0.92,0.742669267,0.929404978,17770.27791,6.152946711,0.2,500,normal,"(200, 1000)",[[0.91666667 0.93333333 0.95       0.91666667 0.88333333]],500
cv_plus,linear,0.91,1.686048344,0.842105503,15128.35585,5.377732277,0.5,500,normal,"(200, 1000)",[[0.91666667 0.9        0.95       0.95       0.83333333]],500
cv_plus,linear,0.92,3.477365769,0.747404067,11443.203,6.129070997,1,500,normal,"(200, 1000)",[[0.93333333 0.9        0.93333333 0.96666667 0.86666667]],500
cv_plus,linear,0.95,0.01555492,0.998442012,20022.19808,9.853336334,0,1000,normal,"(200, 1000)",[[0.78333333 1.         1.         0.98333333 0.98333333]],1000
cv_plus,linear,0.903333333,0.678621366,0.934050337,18131.47629,8.907141447,0.2,1000,normal,"(200, 1000)",[[0.91666667 0.91666667 0.88333333 0.91666667 0.88333333]],1000
cv_plus,linear,0.923333333,1.689298919,0.848675492,15417.15013,8.112853289,0.5,1000,normal,"(200, 1000)",[[0.93333333 0.9        0.9        0.95       0.93333333]],1000
cv_plus,linear,0.923333333,3.398391446,0.723485856,11813.08934,9.557193279,1,1000,normal,"(200, 1000)",[[0.91666667 0.9        0.93333333 0.93333333 0.93333333]],1000
cv_plus,linear,0.933333333,5.796782645,0.643780338,8523.83629,1.789509535,4,100,student,"(200, 1000)",[[0.96666667 0.93333333 0.93333333 0.95       0.88333333]],100
cv_plus,linear,0.923333333,4.352224996,0.744928224,10225.81353,1.46710372,5,100,student,"(200, 1000)",[[0.85       0.93333333 0.93333333 0.95       0.95      ]],100
cv_plus,linear,0.95,4.343428454,0.639689899,10365.24764,1.835765362,10,100,student,"(200, 1000)",[[0.96666667 0.88333333 0.96666667 0.96666667 0.96666667]],100
cv_plus,linear,0.94,3.823028435,0.677040416,11141.66572,1.755503893,1000,100,student,"(200, 1000)",[[0.93333333 0.93333333 0.98333333 0.9        0.95      ]],100
cv_plus,linear,0.91,4.799278067,0.753994371,9341.530524,5.738071203,4,300,student,"(200, 1000)",[[0.95       0.91666667 0.85       0.95       0.88333333]],300
cv_plus,linear,0.923333333,4.006373955,0.754552736,10891.72469,4.399088621,5,300,student,"(200, 1000)",[[0.91666667 0.93333333 0.91666667 0.93333333 0.91666667]],300
cv_plus,linear,0.91,3.832478946,0.705448385,11372.48258,5.998293877,10,300,student,"(200, 1000)",[[0.93333333 0.83333333 0.86666667 0.95       0.96666667]],300
cv_plus,linear,0.916666667,3.616254862,0.730732347,11464.67281,4.823060036,1000,300,student,"(200, 1000)",[[0.96666667 0.9        0.95       0.86666667 0.9       ]],300
cv_plus,linear,0.923333333,4.200892724,0.752052825,10550.7648,5.471078634,4,500,student,"(200, 1000)",[[0.91666667 0.95       0.91666667 0.9        0.93333333]],500
cv_plus,linear,0.876666667,3.920716783,0.759856848,11736.82473,6.897083759,5,500,student,"(200, 1000)",[[0.91666667 0.85       0.85       0.9        0.86666667]],500
cv_plus,linear,0.916666667,3.745375829,0.748758016,11194.25858,7.347090244,10,500,student,"(200, 1000)",[[0.91666667 0.91666667 0.95       0.91666667 0.88333333]],500
cv_plus,linear,0.88,3.307388315,0.735507661,11647.10388,3.533042908,1000,500,student,"(200, 1000)",[[0.86666667 0.88333333 0.88333333 0.83333333 0.93333333]],500
cv_plus,linear,0.896666667,4.395359287,0.715184818,10339.05342,9.757622957,4,1000,student,"(200, 1000)",[[0.9        0.85       0.9        0.96666667 0.86666667]],1000
cv_plus,linear,0.89,4.183507388,0.793116279,11321.3477,10.14735866,5,1000,student,"(200, 1000)",[[0.86666667 0.86666667 0.88333333 0.86666667 0.96666667]],1000
cv_plus,linear,0.916666667,3.618648511,0.722591196,11808.63202,11.56729317,10,1000,student,"(200, 1000)",[[0.93333333 0.9        0.96666667 0.88333333 0.9       ]],1000
cv_plus,linear,0.906666667,3.321877038,0.769003609,12088.77372,11.19935679,1000,1000,student,"(200, 1000)",[[0.91666667 0.91666667 0.96666667 0.86666667 0.86666667]],1000
